CO_ENTIDADE,NO_ENTIDADE,CO_MUNICIPIO,NO_MUNICIPIO,TP_LOCALIZACAO,TP_DEPENDENCIA,TP_LOCALIZACAO_DIFERENCIADA,IN_AGUA_INEXISTENTE,IN_ENERGIA_INEXISTENTE,IN_ESGOTO_INEXISTENTE,IN_BANHEIRO,IN_ALIMENTACAO,IN_AGUA_POTAVEL,IN_INTERNET,IN_BIBLIOTECA_SALA_LEITURA,IN_LABORATORIO_CIENCIAS,IN_LABORATORIO_INFORMATICA,IN_ACESSIBILIDADE_INEXISTENTE,QT_SALAS_UTILIZA_CLIMATIZADAS,3_CAT_FUN_AI
25033158,EMEIF MAE IAIA,2500106,Água Branca,1,3,0.0,0.0,0.0,0.0,1.0,1.0,1.0,1.0,1.0,0.0,1.0,0.0,14.0,0
25033204,ECI JOSE NOMINANDO,2500106,Água Branca,1,2,0.0,0.0,0.0,0.0,1.0,1.0,1.0,1.0,1.0,1.0,0.0,0.0,2.0,--
25033425,EMEF SEVERINO FIRMINO DE SANTANA,2500106,Água Branca,2,3,0.0,0.0,0.0,0.0,1.0,1.0,1.0,1.0,0.0,0.0,0.0,0.0,0.0,0
25033476,EMEF ANDRE ALVES DO NASCIMENTO,2500106,Água Branca,2,3,0.0,0.0,0.0,0.0,1.0,1.0,1.0,1.0,1.0,0.0,1.0,0.0,2.0,0
25033514,EMEF JOSE GOMES DE SALES,2500106,Água Branca,2,3,0.0,0.0,0.0,0.0,1.0,1.0,1.0,1.0,0.0,0.0,1.0,0.0,1.0,0
25033549,EMEF AUGUSTO DOS ANJOS,2500106,Água Branca,2,3,0.0,0.0,0.0,0.0,1.0,1.0,1.0,1.0,1.0,0.0,0.0,0.0,0.0,0
25033557,EMEIF DELFINO JOSE DOS SANTOS,2500106,Água Branca,2,3,0.0,0.0,0.0,0.0,1.0,1.0,1.0,1.0,0.0,0.0,1.0,0.0,5.0,0
25033573,EMEF FRANCISCO LOPES DA SILVA,2500106,Água Branca,2,3,0.0,0.0,0.0,0.0,1.0,1.0,1.0,1.0,0.0,0.0,0.0,0.0,0.0,0
25033654,EMEF MANOEL GONCALVES DE MOURA,2500106,Água Branca,2,3,0.0,0.0,0.0,0.0,1.0,1.0,1.0,1.0,0.0,0.0,0.0,0.0,0.0,0
25033670,EMEF ANTONIO VIRGOLINO BATISTA,2500106,Água Branca,1,3,0.0,0.0,0.0,0.0,1.0,1.0,1.0,1.0,1.0,0.0,1.0,0.0,13.0,--
25104969,EMEIF MARIA DE LOURDES GUILHERME,2500106,Água Branca,2,3,0.0,0.0,0.0,0.0,1.0,1.0,1.0,1.0,0.0,0.0,1.0,0.0,1.0,0
25105515,EMEF JOAQUIM MINERVINO DE SOUSA,2500106,Água Branca,2,3,0.0,0.0,0.0,0.0,1.0,1.0,1.0,1.0,0.0,0.0,0.0,0.0,1.0,0
25178806,EMEF TIAGO DE OLIVEIRA LIMA,2500106,Água Branca,2,3,0.0,0.0,0.0,0.0,1.0,1.0,1.0,1.0,0.0,0.0,0.0,0.0,0.0,0
25023489,ECI EEM AGENOR MENDES PEDROSA,2500205,Aguiar,1,2,0.0,0.0,0.0,0.0,1.0,1.0,1.0,1.0,1.0,0.0,0.0,0.0,0.0,--
25023535,ESCOLA MUNICIPAL DE ENSINO FUNDAMENTAL LIDIA CABRAL DE SOUSA,2500205,Aguiar,1,3,0.0,0.0,0.0,0.0,1.0,1.0,1.0,1.0,1.0,0.0,0.0,0.0,6.0,--
25023578,EMEF JOANA LACERDA LEITE,2500205,Aguiar,1,3,0.0,0.0,0.0,0.0,1.0,1.0,1.0,1.0,0.0,0.0,1.0,0.0,4.0,0
25023705,EMEF AMELIA ARANTES LEITE,2500205,Aguiar,1,3,0.0,0.0,0.0,0.0,1.0,1.0,1.0,1.0,1.0,0.0,1.0,0.0,3.0,0
25128930,EMEIEF ADVOGADO HORACIO RAMALHO,2500205,Aguiar,2,3,0.0,0.0,0.0,0.0,1.0,1.0,1.0,1.0,1.0,0.0,1.0,0.0,8.0,0
25062638,EEEFM PADRE HILDON BANDEIRA,2500304,Alagoa Grande,1,2,0.0,0.0,0.0,0.0,1.0,1.0,1.0,1.0,1.0,1.0,1.0,0.0,0.0,--
25062670,EEEF DEMONSTRACAO ALAGOA GRANDE,2500304,Alagoa Grande,1,2,0.0,0.0,0.0,0.0,1.0,1.0,1.0,1.0,1.0,0.0,0.0,1.0,0.0,--
25062727,EMEIF NOSSA SENHORA DE FATIMA,2500304,Alagoa Grande,2,3,0.0,0.0,0.0,0.0,1.0,1.0,1.0,1.0,1.0,0.0,1.0,1.0,0.0,3
25062751,EMEIF IVETE MEDEIROS CHAVES RIBEIRO,2500304,Alagoa Grande,2,3,0.0,0.0,0.0,0.0,1.0,1.0,1.0,1.0,1.0,0.0,0.0,1.0,0.0,0
25062816,ECIT OSWALDO TRIGUEIRO DE ALBUQUERQUE MELO,2500304,Alagoa Grande,1,2,0.0,0.0,0.0,0.0,1.0,1.0,1.0,1.0,1.0,1.0,0.0,1.0,6.0,--
25062832,SISTEMA DINAMICO DE ENSINO - CANTINHO DO SABER,2500304,Alagoa Grande,1,4,0.0,0.0,0.0,0.0,1.0,0.0,1.0,1.0,1.0,1.0,1.0,0.0,11.0,0
25062921,EMEIF JOAQUIM CLEMENTINO DA SILVA FREIRE,2500304,Alagoa Grande,1,3,0.0,0.0,0.0,0.0,1.0,1.0,1.0,1.0,1.0,0.0,0.0,0.0,0.0,0.8
25062930,EMEIF JOAQUIM JOSE PEREIRA DE MIRANDA HENRIQUE,2500304,Alagoa Grande,2,3,0.0,0.0,0.0,0.0,1.0,1.0,1.0,1.0,0.0,0.0,0.0,0.0,0.0,0
25062956,EMEIF JOSE ROCHA DE OLIVEIRA,2500304,Alagoa Grande,2,3,0.0,1.0,0.0,0.0,1.0,1.0,1.0,1.0,1.0,0.0,0.0,0.0,0.0,0
25062980,EMEIF MANOEL CARLOS DA SILVA,2500304,Alagoa Grande,2,3,0.0,0.0,0.0,0.0,1.0,1.0,1.0,1.0,0.0,0.0,0.0,1.0,0.0,0
25062999,EMEIF NEMESIO REGIS,2500304,Alagoa Grande,2,3,0.0,0.0,0.0,0.0,1.0,1.0,1.0,1.0,0.0,0.0,0.0,0.0,0.0,0
25063014,EMEIF SANTA VITORIA,2500304,Alagoa Grande,2,3,0.0,0.0,0.0,0.0,1.0,1.0,1.0,1.0,1.0,0.0,0.0,0.0,0.0,0
25063049,EMEIF SAO JOAO,2500304,Alagoa Grande,2,3,0.0,0.0,0.0,0.0,1.0,1.0,1.0,1.0,0.0,0.0,0.0,1.0,0.0,0
25063057,EMEIF SAO JOAO,2500304,Alagoa Grande,2,3,3.0,0.0,0.0,0.0,1.0,1.0,1.0,1.0,0.0,0.0,0.0,1.0,0.0,0
25063065,EMEIF SEVERINO RAMALHO,2500304,Alagoa Grande,1,3,0.0,0.0,0.0,0.0,1.0,1.0,1.0,1.0,1.0,0.0,1.0,0.0,0.0,1.9
25063073,EMEIF ALAYDE NOBREGA DE ALBUQUERQUE,2500304,Alagoa Grande,2,3,0.0,0.0,0.0,0.0,1.0,1.0,1.0,1.0,0.0,0.0,0.0,1.0,0.0,0
25063081,EMEIF ANNA ELISA SOBREIRA,2500304,Alagoa Grande,1,3,0.0,0.0,0.0,0.0,1.0,1.0,1.0,1.0,1.0,0.0,0.0,0.0,0.0,0
25063111,EMEIF CANDIDO REGIS DE BRITO,2500304,Alagoa Grande,2,3,0.0,0.0,0.0,0.0,1.0,1.0,1.0,1.0,0.0,1.0,0.0,0.0,4.0,0.5
25063120,EMEIF ENEAS CAVALCANTE,2500304,Alagoa Grande,1,3,0.0,0.0,0.0,0.0,1.0,1.0,1.0,1.0,0.0,0.0,0.0,0.0,0.0,2.3
25063146,EMEIF JOSE FERREIRA DE PAIVA,2500304,Alagoa Grande,2,3,0.0,0.0,0.0,0.0,1.0,1.0,1.0,1.0,0.0,0.0,0.0,0.0,8.0,1.8
25063154,EMEIF PROFESSOR JOSUE GOMES DA SILVEIRA,2500304,Alagoa Grande,1,3,0.0,0.0,0.0,0.0,1.0,1.0,1.0,1.0,1.0,0.0,0.0,0.0,5.0,2
25063170,EMEIF NOSSA SENHORA DE FATIMA,2500304,Alagoa Grande,2,3,0.0,0.0,0.0,0.0,1.0,1.0,1.0,1.0,0.0,0.0,0.0,1.0,0.0,0
25063189,EMEIF PROFESSOR GERALDO COSTA,2500304,Alagoa Grande,1,3,0.0,0.0,0.0,0.0,1.0,1.0,1.0,1.0,0.0,0.0,0.0,0.0,7.0,1.6
25063197,EMEIF SEVERINO JULIAO,2500304,Alagoa Grande,2,3,3.0,0.0,0.0,0.0,1.0,1.0,1.0,1.0,0.0,0.0,0.0,0.0,0.0,0
25063235,EMEIF INSTITUTO DESEMBARGADOR SEVERINO MONTENEGRO,2500304,Alagoa Grande,1,3,0.0,0.0,0.0,0.0,1.0,1.0,1.0,1.0,1.0,0.0,0.0,0.0,13.0,3
25112236,EMEIF MARIA MENINA,2500304,Alagoa Grande,2,3,1.0,0.0,0.0,0.0,1.0,1.0,1.0,1.0,1.0,0.0,0.0,0.0,0.0,6.3
25114158,EMEIF MARIA DA PENHA II,2500304,Alagoa Grande,2,3,1.0,0.0,0.0,0.0,1.0,1.0,1.0,1.0,0.0,0.0,0.0,1.0,0.0,0
25116150,EMEIF MONSENHOR LUIGI PESCARMONA,2500304,Alagoa Grande,2,3,1.0,0.0,0.0,0.0,1.0,1.0,1.0,1.0,0.0,0.0,0.0,1.0,0.0,0
25117130,EMEIF FIRMO SANTINO DA SILVA,2500304,Alagoa Grande,2,3,3.0,0.0,0.0,0.0,1.0,1.0,1.0,1.0,0.0,0.0,0.0,0.0,0.0,4.3
25121243,ESCOLA DISNEY,2500304,Alagoa Grande,1,4,0.0,0.0,0.0,0.0,1.0,0.0,1.0,1.0,1.0,0.0,0.0,0.0,0.0,0
25121251,EXTERNATO DOM PEDRO II,2500304,Alagoa Grande,1,4,0.0,0.0,0.0,0.0,1.0,0.0,1.0,1.0,1.0,1.0,1.0,0.0,9.0,0
25123319,EMEF MANOEL BARBOSA DE LUCENA,2500304,Alagoa Grande,1,3,0.0,0.0,0.0,0.0,1.0,1.0,1.0,1.0,1.0,0.0,0.0,0.0,0.0,0
25135635,ESCOLA MUNICIPAL DE EDUCACAO INFANTIL E FUNDAMENTAL EDGAR ONOFRE NOBREGA,2500304,Alagoa Grande,2,3,0.0,0.0,0.0,0.0,1.0,1.0,1.0,0.0,0.0,0.0,0.0,0.0,0.0,0
25153609,EMEF ARACY NOBREGA MONTENEGRO,2500304,Alagoa Grande,2,3,0.0,1.0,0.0,0.0,1.0,1.0,1.0,1.0,1.0,0.0,0.0,0.0,5.0,--
25063251,COLEGIO 7 DE SETEMBRO LTDA,2500403,Alagoa Nova,1,4,0.0,0.0,0.0,0.0,1.0,0.0,1.0,1.0,1.0,0.0,0.0,0.0,4.0,0
25063278,EMEIEF PROFESSORA MARIA MADALENA DA SILVA OLIVEIRA,2500403,Alagoa Nova,1,3,0.0,0.0,0.0,0.0,1.0,1.0,1.0,1.0,1.0,0.0,0.0,0.0,6.0,0
25063286,EMEIEF GONCALO TAVARES ROMERO,2500403,Alagoa Nova,2,3,0.0,0.0,0.0,0.0,1.0,1.0,1.0,1.0,0.0,0.0,0.0,0.0,0.0,0
25063316,EMEIEF MANOEL MARTINS DE OLIVEIRA FILHO,2500403,Alagoa Nova,2,3,0.0,0.0,0.0,0.0,1.0,1.0,1.0,1.0,1.0,0.0,1.0,0.0,7.0,0
25063340,ECIT MONSENHOR JOSE BORGES DE CARVALHO,2500403,Alagoa Nova,1,2,0.0,0.0,0.0,0.0,1.0,1.0,1.0,1.0,1.0,1.0,1.0,0.0,0.0,--
25063421,EEEFM PROFESSOR CARDOSO,2500403,Alagoa Nova,1,2,0.0,0.0,0.0,0.0,1.0,1.0,1.0,1.0,1.0,0.0,0.0,0.0,1.0,--
25063510,EMEIEF SANTA LUZIA,2500403,Alagoa Nova,1,3,0.0,0.0,0.0,0.0,1.0,1.0,1.0,1.0,1.0,0.0,0.0,0.0,6.0,0
25063537,EMEIEF JOAO XXIII,2500403,Alagoa Nova,2,3,0.0,0.0,0.0,0.0,1.0,1.0,1.0,1.0,0.0,0.0,0.0,0.0,3.0,0
25063545,EMEIEF PAULO ANTONIO GAIAO,2500403,Alagoa Nova,1,3,0.0,0.0,0.0,0.0,1.0,1.0,1.0,1.0,1.0,0.0,0.0,0.0,7.0,0
25063570,EMEIEF DR JOAO TAVARES DE MELO CAVALCANTE FILHO,2500403,Alagoa Nova,2,3,0.0,0.0,0.0,0.0,1.0,1.0,1.0,1.0,1.0,0.0,0.0,0.0,4.0,0
25063596,EMEIEF PADRE ABDIAS LEAL,2500403,Alagoa Nova,1,3,0.0,0.0,0.0,0.0,1.0,1.0,1.0,1.0,1.0,0.0,0.0,0.0,7.0,0
25063618,EMEIEF SAO GERALDO,2500403,Alagoa Nova,2,3,0.0,0.0,0.0,0.0,1.0,1.0,1.0,1.0,0.0,0.0,0.0,0.0,4.0,0
25063626,EMEIEF DR FERNANDO CUNHA LIMA,2500403,Alagoa Nova,1,3,0.0,0.0,0.0,0.0,1.0,1.0,1.0,1.0,0.0,0.0,0.0,0.0,1.0,0
25063634,EMEIEF NOSSA SENHORA APARECIDA,2500403,Alagoa Nova,2,3,0.0,0.0,0.0,0.0,1.0,1.0,1.0,1.0,0.0,0.0,0.0,0.0,0.0,0
25063650,EMEIEF SANTA ANA,2500403,Alagoa Nova,2,3,0.0,0.0,0.0,0.0,1.0,1.0,1.0,1.0,0.0,0.0,0.0,0.0,3.0,0
25063693,EMEIEF SAO SEVERINO,2500403,Alagoa Nova,2,3,0.0,0.0,0.0,0.0,1.0,1.0,1.0,1.0,1.0,0.0,0.0,0.0,0.0,0
25063731,EMEIEF DOM MOISES COELHO,2500403,Alagoa Nova,2,3,0.0,0.0,0.0,0.0,1.0,1.0,1.0,1.0,0.0,0.0,0.0,0.0,0.0,0
25063774,EMEIEF MAXIMO GONCALVES DE ARAUJO,2500403,Alagoa Nova,2,3,0.0,0.0,0.0,0.0,1.0,1.0,1.0,1.0,0.0,0.0,0.0,0.0,0.0,0
25063790,EMEIEF PEDRO FELICIANO PESSOA,2500403,Alagoa Nova,2,3,0.0,0.0,0.0,0.0,1.0,1.0,1.0,1.0,0.0,0.0,0.0,0.0,0.0,0
25063871,EMEIEF FREI DAMIAO,2500403,Alagoa Nova,2,3,0.0,0.0,0.0,0.0,1.0,1.0,1.0,1.0,0.0,0.0,0.0,0.0,0.0,0
25063880,EMEIEF JOAO MATIAS DE OLIVEIRA,2500403,Alagoa Nova,2,3,0.0,0.0,0.0,0.0,1.0,1.0,1.0,1.0,0.0,0.0,0.0,0.0,0.0,0
25063944,EMEIEF JESUS DE NAZARE,2500403,Alagoa Nova,2,3,0.0,0.0,0.0,0.0,1.0,1.0,1.0,1.0,0.0,0.0,0.0,0.0,0.0,0
25063952,EMEIEF DR AMELIO TAVARES,2500403,Alagoa Nova,2,3,0.0,0.0,0.0,0.0,1.0,1.0,1.0,1.0,0.0,0.0,0.0,1.0,3.0,0
25063987,EMEIEF JOAO PAULO II,2500403,Alagoa Nova,2,3,0.0,0.0,0.0,0.0,1.0,1.0,1.0,1.0,0.0,0.0,0.0,0.0,0.0,0
25114387,EMEIEF PROFESSORA MARIA LUIZA DE AQUINO,2500403,Alagoa Nova,1,3,0.0,0.0,0.0,0.0,1.0,1.0,1.0,1.0,1.0,0.0,0.0,0.0,5.0,0
25122150,COLEGIO MUNICIPAL PROFESSORA VIOLETA COSTA DE SOUZA,2500403,Alagoa Nova,1,3,0.0,0.0,0.0,0.0,1.0,1.0,1.0,1.0,1.0,0.0,0.0,0.0,10.0,--
25132245,CENTRAL DE MULTIPLAS APRENDIZAGENS,2500403,Alagoa Nova,1,4,0.0,0.0,0.0,0.0,1.0,0.0,1.0,1.0,1.0,0.0,0.0,0.0,0.0,0
25066366,EDUCANDARIO ROSALINDA MONDINI,2500502,Alagoinha,1,4,0.0,0.0,0.0,0.0,1.0,0.0,1.0,1.0,1.0,0.0,0.0,0.0,12.0,0
25066374,ECIT AGENOR CLEMENTE DOS SANTOS,2500502,Alagoinha,1,2,0.0,0.0,0.0,0.0,1.0,1.0,1.0,1.0,0.0,0.0,0.0,1.0,3.0,--
25066420,ESC MUN ENS FUND CARLOS MARTINS BELTRAO,2500502,Alagoinha,1,3,0.0,0.0,0.0,0.0,1.0,1.0,1.0,1.0,1.0,0.0,0.0,0.0,0.0,0.4
25066471,ESC MUL LIA BELTRAO,2500502,Alagoinha,2,3,0.0,0.0,0.0,0.0,0.0,1.0,1.0,1.0,0.0,0.0,0.0,1.0,0.0,0
25066498,ESC MUL PROFESSOR NEU,2500502,Alagoinha,2,3,0.0,0.0,0.0,0.0,1.0,1.0,0.0,1.0,1.0,0.0,0.0,0.0,0.0,0
25066501,ESCOLA MUNICIPAL SEVERINO FLAVIANO CAVALCANTE,2500502,Alagoinha,1,3,0.0,0.0,0.0,0.0,1.0,1.0,1.0,1.0,1.0,0.0,1.0,0.0,1.0,0
25066536,ESC MUL JOAO EVARISTO GONDIM,2500502,Alagoinha,2,3,0.0,0.0,0.0,0.0,1.0,1.0,1.0,1.0,1.0,0.0,0.0,1.0,0.0,0
25066587,GR MUL ANTONIO JACO,2500502,Alagoinha,2,3,0.0,0.0,0.0,0.0,1.0,1.0,1.0,1.0,1.0,0.0,0.0,0.0,0.0,0
25066609,GR MUL JOSE BARBOSA DE LUCENA,2500502,Alagoinha,1,3,0.0,0.0,0.0,0.0,1.0,1.0,1.0,1.0,1.0,0.0,0.0,0.0,1.0,1
25107186,ESC MUL JASSON MARTINS,2500502,Alagoinha,2,3,0.0,0.0,0.0,0.0,1.0,1.0,1.0,1.0,0.0,0.0,0.0,1.0,0.0,0
25125192,ESCOLA MUNICIPAL PREFEITO RICARDO BELTRAO,2500502,Alagoinha,2,3,0.0,0.0,0.0,0.0,1.0,1.0,1.0,1.0,1.0,0.0,0.0,0.0,0.0,0
25127888,CENTRO EDUCACIONAL EVANGELICO MISSIONARIO GUNNAR VINGREN,2500502,Alagoinha,1,4,0.0,0.0,0.0,0.0,1.0,0.0,1.0,1.0,0.0,0.0,0.0,0.0,1.0,0
25253948,ESCOLA MUNICIPAL DE ENSINO FUNDAMENTAL PROFESSORA LIA BELTRAO,2500502,Alagoinha,1,3,0.0,0.0,0.0,0.0,1.0,1.0,1.0,1.0,1.0,0.0,0.0,0.0,13.0,--
25051598,ECIT PROFESSORA MARIA CECILIA DE CASTRO,2500536,Alcantil,1,2,0.0,0.0,0.0,0.0,1.0,1.0,0.0,1.0,1.0,1.0,1.0,0.0,0.0,--
25052225,ESCOLA MUNICIPAL JOAO XXIII,2500536,Alcantil,2,3,0.0,0.0,0.0,0.0,1.0,1.0,1.0,1.0,0.0,0.0,0.0,1.0,0.0,0
25052292,ESCOLA MUN ENS FUND JOSE EUZEBIO DA COSTA,2500536,Alcantil,1,3,0.0,0.0,0.0,0.0,1.0,1.0,1.0,1.0,1.0,0.0,1.0,0.0,10.0,0.6
25052349,ESCOLA MUL CICERO FRANCISCO DO CARMO,2500536,Alcantil,1,3,0.0,0.0,0.0,0.0,1.0,1.0,1.0,1.0,1.0,0.0,1.0,0.0,0.0,0
25052365,ESCOLA MUN ENS FUND JOSE CLEMENTE,2500536,Alcantil,2,3,0.0,0.0,0.0,0.0,1.0,1.0,1.0,1.0,1.0,0.0,1.0,0.0,10.0,0
25052390,ESCOLA MUN DE ENS FUND MANOEL HERCULANO,2500536,Alcantil,2,3,0.0,0.0,0.0,0.0,1.0,1.0,1.0,1.0,0.0,0.0,1.0,0.0,0.0,0
25106627,ESCOLA MUNICIPAL TOMAZ FRANCISCO DE OLIVEIRA,2500536,Alcantil,2,3,0.0,0.0,0.0,0.0,1.0,1.0,1.0,0.0,0.0,0.0,1.0,1.0,0.0,0
25057898,EMEF MANOEL ANTONIO COELHO DE ANDRADE,2500577,Algodão de Jandaíra,1,3,0.0,0.0,0.0,0.0,1.0,1.0,1.0,1.0,0.0,0.0,0.0,0.0,11.0,--
25111930,EMEF HILDA LINS DOS SANTOS,2500577,Algodão de Jandaíra,1,3,0.0,0.0,0.0,0.0,1.0,1.0,1.0,1.0,0.0,0.0,0.0,0.0,0.0,0
25113917,EMEF JOSE SALVADOR DE BARROS,2500577,Algodão de Jandaíra,2,3,0.0,0.0,0.0,0.0,1.0,1.0,1.0,1.0,0.0,0.0,0.0,0.0,0.0,0
25129813,ESCOLA MUNICIPAL DO ENSINO FUNDAMENTAL PROFESSORA TEREZINHA ALVES DO NASCIMENTO,2500577,Algodão de Jandaíra,1,3,0.0,0.0,0.0,0.0,1.0,1.0,1.0,1.0,1.0,0.0,0.0,0.0,7.0,0
25152823,ECI EUCLIDES MOUZINHO DOS SANTOS,2500577,Algodão de Jandaíra,1,2,0.0,0.0,0.0,0.0,1.0,1.0,1.0,1.0,1.0,0.0,1.0,0.0,4.0,--
25100033,ECIT RENATO RIBEIRO COUTINHO,2500601,Alhandra,1,2,0.0,0.0,0.0,0.0,1.0,1.0,1.0,1.0,1.0,1.0,0.0,0.0,21.0,--
25100041,EEEFM BARAO DO ABIAI,2500601,Alhandra,1,2,0.0,0.0,0.0,0.0,1.0,1.0,1.0,1.0,1.0,0.0,0.0,0.0,18.0,--
25100076,EMEIEF ADAUTO FERREIRA DE PAULA,2500601,Alhandra,2,3,0.0,0.0,0.0,0.0,1.0,1.0,1.0,1.0,0.0,0.0,0.0,0.0,0.0,0.9
25100084,EMEIEF ALFREDO CIPRIANO FERREIRA DA SILVA,2500601,Alhandra,2,3,0.0,0.0,0.0,0.0,1.0,1.0,1.0,1.0,0.0,0.0,0.0,0.0,0.0,0
25100092,EMEIEF ALFREDO JOSE DE CARVALHO,2500601,Alhandra,2,3,0.0,0.0,0.0,0.0,1.0,1.0,1.0,1.0,1.0,0.0,0.0,0.0,11.0,1
25100106,EMEIEF ANIBAL EDMUNDO LUNDGREN,2500601,Alhandra,2,3,0.0,0.0,0.0,0.0,1.0,1.0,1.0,1.0,0.0,0.0,0.0,0.0,0.0,0
25100114,EMEIEF ANTENOR FERREIRA DA SILVA,2500601,Alhandra,2,3,1.0,0.0,0.0,0.0,1.0,1.0,1.0,1.0,1.0,0.0,0.0,0.0,0.0,0
25100122,EMEIEF CREUZA RAQUEL PEREIRA GENUARIO NUNES,2500601,Alhandra,1,3,0.0,0.0,0.0,0.0,1.0,1.0,1.0,1.0,0.0,0.0,0.0,0.0,5.0,0
25100130,EMEIEF BERNARDINA MARIA DA CONCEICAO,2500601,Alhandra,2,3,0.0,0.0,0.0,0.0,1.0,1.0,1.0,1.0,1.0,0.0,0.0,0.0,0.0,0
25100165,EMEIEF HERCULANO BANDEIRA LUNDGREN,2500601,Alhandra,2,3,0.0,0.0,0.0,0.0,1.0,1.0,1.0,1.0,1.0,0.0,0.0,0.0,0.0,0
25100211,EMEIEF JOSE ALBINO PIMENTEL,2500601,Alhandra,2,3,0.0,0.0,0.0,0.0,1.0,1.0,1.0,1.0,0.0,0.0,0.0,0.0,0.0,0
25100238,EMEIEF JOSE FERNANDES BARBOSA,2500601,Alhandra,1,3,0.0,0.0,0.0,0.0,1.0,1.0,1.0,1.0,1.0,0.0,0.0,0.0,0.0,0
25100254,EMEIEF MARIA CANDIDA ANDRADE TORRES,2500601,Alhandra,2,3,0.0,0.0,0.0,0.0,1.0,1.0,1.0,1.0,0.0,0.0,0.0,0.0,2.0,0
25100262,EMEIEF OLIVIA CORREIA DA SILVA,2500601,Alhandra,2,3,0.0,0.0,0.0,0.0,1.0,1.0,1.0,1.0,1.0,0.0,0.0,0.0,0.0,0
25100270,EMEIEF SEVERINO VALENCO DA SILVA,2500601,Alhandra,2,3,0.0,0.0,0.0,0.0,1.0,1.0,1.0,1.0,1.0,0.0,0.0,0.0,0.0,0
25100335,EMEIEF MARIA DOMINGOS DA CONCEICAO,2500601,Alhandra,2,3,0.0,0.0,0.0,0.0,1.0,1.0,1.0,1.0,0.0,0.0,0.0,0.0,0.0,0
25100360,EMEIEF PROF ZELIA CORREIA DO O,2500601,Alhandra,1,3,0.0,0.0,0.0,0.0,1.0,1.0,1.0,1.0,1.0,0.0,0.0,0.0,9.0,3.4
25102519,EEEFM ANTONIO CAMELO,2500601,Alhandra,2,2,0.0,0.0,0.0,0.0,1.0,1.0,1.0,1.0,1.0,1.0,1.0,0.0,8.0,--
25119613,COLEGIO E CURSO IMPACTO,2500601,Alhandra,1,4,0.0,0.0,0.0,0.0,1.0,0.0,1.0,0.0,0.0,0.0,0.0,1.0,0.0,0
25121359,CENTRO EDUCACIONAL CAMINHO DO SABER,2500601,Alhandra,1,4,0.0,0.0,0.0,0.0,1.0,0.0,1.0,1.0,0.0,0.0,0.0,0.0,0.0,0.6
25126512,INSTITUTO EDUCACIONAL SHEKINAH KIDS,2500601,Alhandra,1,4,0.0,0.0,0.0,0.0,1.0,0.0,1.0,1.0,0.0,0.0,0.0,0.0,3.0,1.9
25132261,ESCOLA MUNICIPAL DE ENSINO FUNDAMENTAL JOAO FRANCISCO DE LIMA,2500601,Alhandra,2,3,0.0,0.0,0.0,0.0,1.0,1.0,1.0,1.0,1.0,0.0,0.0,0.0,6.0,--
25135562,CENTRO EDUCACIONAL CRESCER,2500601,Alhandra,1,4,0.0,0.0,0.0,0.0,1.0,0.0,1.0,1.0,0.0,0.0,0.0,0.0,5.0,0
25165801,INSTITUTO EDUCACIONAL FONTE DO JARDIM,2500601,Alhandra,1,4,0.0,0.0,0.0,0.0,1.0,0.0,1.0,1.0,0.0,0.0,0.0,0.0,4.0,0
25004832,EDUC NOSSA SENHORA DE FATIMA,2500700,São João do Rio do Peixe,1,4,0.0,0.0,0.0,0.0,1.0,0.0,1.0,1.0,1.0,0.0,1.0,0.0,14.0,0
25004875,EEEFM MINISTRO JOSE AMERICO DE ALMEIDA,2500700,São João do Rio do Peixe,1,2,0.0,0.0,0.0,0.0,1.0,1.0,1.0,1.0,1.0,0.0,0.0,0.0,0.0,--
25004883,ECIT CORONEL JACOB GUILHERME FRANTZ,2500700,São João do Rio do Peixe,1,2,0.0,0.0,0.0,0.0,1.0,1.0,1.0,1.0,1.0,1.0,1.0,0.0,6.0,--
25004999,EEEM DE BANDARRA,2500700,São João do Rio do Peixe,2,2,0.0,0.0,0.0,0.0,1.0,1.0,1.0,1.0,1.0,0.0,0.0,0.0,0.0,--
25005227,EMEIEF JOSE GONCALVES DA SILVA,2500700,São João do Rio do Peixe,1,3,0.0,0.0,0.0,0.0,1.0,1.0,1.0,1.0,1.0,0.0,0.0,0.0,10.0,0
25005502,EMEIEF JACOB GUILHERME FRANTZ,2500700,São João do Rio do Peixe,2,3,0.0,0.0,0.0,0.0,1.0,1.0,1.0,1.0,1.0,0.0,0.0,0.0,0.0,0
25005634,EMEIEF AUREA ALMEIDA BRAGA,2500700,São João do Rio do Peixe,2,3,0.0,0.0,0.0,0.0,1.0,1.0,1.0,1.0,0.0,0.0,0.0,1.0,2.0,0
25005642,EMEIEF FRANCISCA HERMINA DE JESUS,2500700,São João do Rio do Peixe,2,3,0.0,0.0,0.0,0.0,1.0,1.0,1.0,1.0,1.0,0.0,0.0,0.0,4.0,0
25005758,EMEIEF JOSE LUIZ DE SOUZA,2500700,São João do Rio do Peixe,2,3,0.0,0.0,0.0,0.0,1.0,1.0,1.0,1.0,1.0,0.0,0.0,0.0,1.0,0
25005804,EMEIEF AMELIA SOARES DE MORAIS,2500700,São João do Rio do Peixe,2,3,0.0,0.0,0.0,0.0,1.0,1.0,1.0,1.0,0.0,0.0,0.0,0.0,8.0,0
25005855,EMEIEF JOSE RODRIGUES DA SILVA,2500700,São João do Rio do Peixe,2,3,0.0,0.0,0.0,0.0,1.0,1.0,1.0,1.0,0.0,0.0,0.0,0.0,0.0,0
25102621,EMEF PROF FRASSINETE BERNARDO,2500700,São João do Rio do Peixe,1,3,0.0,0.0,0.0,0.0,1.0,1.0,1.0,1.0,1.0,0.0,0.0,0.0,11.0,0
25114565,EMEIEF MARIA VIEIRA DE SOUSA,2500700,São João do Rio do Peixe,2,3,0.0,0.0,0.0,0.0,1.0,1.0,1.0,1.0,0.0,0.0,0.0,0.0,10.0,0
25114654,EMEIEF FREI ANTONIO JOSE,2500700,São João do Rio do Peixe,2,3,0.0,0.0,0.0,0.0,1.0,1.0,1.0,1.0,0.0,0.0,0.0,0.0,7.0,0
25117246,EPEIEF PROFESSOR LIRA,2500700,São João do Rio do Peixe,1,4,0.0,0.0,0.0,0.0,1.0,0.0,1.0,0.0,0.0,0.0,0.0,0.0,7.0,0
25118447,EMEIEF DR JOSE DANTAS PINHEIRO,2500700,São João do Rio do Peixe,1,3,0.0,0.0,0.0,0.0,1.0,1.0,1.0,1.0,0.0,0.0,0.0,0.0,15.0,--
25122479,EEIF NOSSA SENHORA DA CONCEICAO,2500700,São João do Rio do Peixe,1,4,0.0,0.0,0.0,0.0,1.0,0.0,1.0,1.0,0.0,0.0,0.0,0.0,3.0,0
25122487,EMEIEF RAIMUNDO RODRIGUES DOS SANTOS,2500700,São João do Rio do Peixe,2,3,0.0,0.0,0.0,0.0,1.0,1.0,1.0,1.0,0.0,0.0,0.0,0.0,9.0,0
25049640,ECI DE AMPARO,2500734,Amparo,1,2,0.0,0.0,0.0,0.0,1.0,1.0,1.0,1.0,0.0,0.0,0.0,0.0,0.0,--
25049852,ESCOLA M DE EDUCACAO BASICA ILDEFONSO ANSELMO DA SILVA,2500734,Amparo,1,3,0.0,0.0,0.0,0.0,1.0,1.0,1.0,1.0,1.0,0.0,0.0,0.0,9.0,0
25050168,ESCOLA INTEGRADA DE EDUCACAO DO CAMPO JUVENAL FERREIRA DE BRITO,2500734,Amparo,2,3,0.0,0.0,0.0,0.0,1.0,1.0,1.0,1.0,0.0,0.0,0.0,0.0,4.0,0
25018094,ECIT DOUTOR JOSE GADELHA,2500775,Aparecida,1,2,0.0,0.0,0.0,0.0,1.0,1.0,1.0,1.0,1.0,0.0,0.0,0.0,7.0,--
25018728,EMEF JOAQUIM HONORIO DE QUEIROGA,2500775,Aparecida,2,3,1.0,0.0,0.0,0.0,1.0,1.0,1.0,1.0,0.0,0.0,0.0,0.0,3.0,0
25018914,EMEF JORGE DELFINO DE LIMA,2500775,Aparecida,2,3,1.0,0.0,0.0,0.0,1.0,1.0,1.0,1.0,0.0,0.0,0.0,0.0,0.0,0
25019023,EMEF JOAO BATISTA DA SILVA,2500775,Aparecida,2,3,0.0,0.0,0.0,0.0,1.0,1.0,1.0,1.0,0.0,0.0,0.0,0.0,0.0,0
25019392,EMEF DJALMA GOMES DE SA,2500775,Aparecida,2,3,0.0,1.0,0.0,0.0,1.0,1.0,1.0,1.0,0.0,0.0,0.0,0.0,2.0,0
25019406,EMEF JOAQUINA AMELIA DE SA,2500775,Aparecida,1,3,0.0,0.0,0.0,0.0,1.0,1.0,1.0,1.0,0.0,0.0,1.0,0.0,5.0,0
25019414,EMEF JOSE EMIDIO DE SOUSA,2500775,Aparecida,2,3,0.0,0.0,0.0,0.0,1.0,1.0,1.0,1.0,0.0,0.0,0.0,0.0,2.0,0
25019481,EMEF ANTONIO MEIRA DE SA,2500775,Aparecida,1,3,0.0,0.0,0.0,0.0,1.0,1.0,1.0,1.0,1.0,0.0,1.0,0.0,10.0,0
25019490,EMEF LILI QUEIROGA,2500775,Aparecida,2,3,1.0,0.0,0.0,0.0,1.0,1.0,1.0,1.0,0.0,0.0,0.0,0.0,4.0,0
25019678,EMEF NIVALDO GOMES DE SA,2500775,Aparecida,2,3,0.0,0.0,0.0,0.0,1.0,1.0,1.0,1.0,0.0,0.0,0.0,0.0,0.0,0
25116371,COLEGIO JEAN PIAGET,2500775,Aparecida,1,4,0.0,0.0,0.0,0.0,1.0,0.0,1.0,1.0,1.0,0.0,0.0,0.0,6.0,0
25120212,INSTITUTO EDUCACIONAL PAULO FREIRE,2500775,Aparecida,1,4,0.0,0.0,0.0,0.0,1.0,0.0,1.0,1.0,1.0,0.0,0.0,0.0,4.0,0
25133195,ESCOLA MUNICIPAL DE ENSINO FUNDAMENTAL NABOR MEIRA GARRIDO,2500775,Aparecida,2,3,0.0,0.0,0.0,0.0,1.0,1.0,1.0,1.0,1.0,0.0,0.0,1.0,3.0,0
25241923,EMEF SEVERINA FERREIRA DE SOUSA,2500775,Aparecida,1,3,0.0,0.0,0.0,0.0,1.0,1.0,1.0,1.0,1.0,0.0,0.0,0.0,8.0,0
25066668,EEEM RODRIGUES DE CARVALHO,2500809,Araçagi,1,2,0.0,0.0,0.0,0.0,0.0,1.0,1.0,0.0,0.0,0.0,0.0,1.0,8.0,--
25066676,ECI FRANCISCO PESSOA DE BRITO,2500809,Araçagi,1,2,0.0,0.0,0.0,0.0,1.0,1.0,1.0,1.0,1.0,0.0,1.0,0.0,6.0,--
25066692,EMEF ALICE DE ALMEIDA CARNEIRO,2500809,Araçagi,1,3,0.0,0.0,0.0,0.0,1.0,1.0,1.0,1.0,1.0,0.0,0.0,0.0,8.0,0.4
25066706,EMEF BOM JESUS,2500809,Araçagi,2,3,0.0,0.0,0.0,0.0,1.0,1.0,1.0,1.0,0.0,0.0,0.0,0.0,0.0,0
25066803,EMEF DR ORLANDO JORGE DE SOUZA,2500809,Araçagi,2,3,0.0,0.0,0.0,0.0,1.0,1.0,1.0,1.0,1.0,0.0,0.0,0.0,4.0,0
25066811,ESC MUN ENS FUND JOAO DUTRA DE ARAUJO,2500809,Araçagi,2,3,0.0,0.0,0.0,0.0,1.0,1.0,0.0,1.0,1.0,0.0,0.0,0.0,3.0,0
25066820,EMEF JOAO FERREIRA DA SILVA,2500809,Araçagi,2,3,0.0,0.0,0.0,0.0,1.0,1.0,1.0,1.0,0.0,0.0,0.0,0.0,0.0,4.3
25066846,ESC MUN ENS FUND JOAQUIM BENTO DE OLIVEIRA,2500809,Araçagi,2,3,0.0,0.0,0.0,0.0,1.0,1.0,1.0,1.0,1.0,0.0,0.0,0.0,0.0,0
25066854,EMEF JOSE AMERICO DE ALMEIDA,2500809,Araçagi,2,3,0.0,0.0,0.0,0.0,1.0,1.0,1.0,1.0,0.0,0.0,0.0,0.0,0.0,0
25066889,EMEF JULIO JOSE DA SILVA,2500809,Araçagi,2,3,0.0,0.0,0.0,0.0,1.0,1.0,1.0,1.0,0.0,0.0,0.0,0.0,2.0,0
25066897,EMEF LUIZ BARBOSA,2500809,Araçagi,2,3,0.0,0.0,0.0,0.0,1.0,1.0,1.0,1.0,1.0,0.0,0.0,0.0,9.0,0
25066900,EMEF MARGARIDA PESSOA COUTINHO,2500809,Araçagi,1,3,0.0,0.0,0.0,0.0,1.0,1.0,1.0,1.0,1.0,0.0,0.0,0.0,14.0,1
25066935,ESC MUN ENS FUND LUIZ PEREIRA DA SILVA,2500809,Araçagi,2,3,1.0,0.0,0.0,0.0,1.0,1.0,1.0,1.0,1.0,0.0,0.0,0.0,0.0,2.5
25066960,ESC MUN ENS FUND JOSE ALVES DE SOUZA,2500809,Araçagi,2,3,0.0,0.0,0.0,0.0,1.0,1.0,1.0,1.0,0.0,0.0,0.0,1.0,0.0,9.1
25066986,EMEF NOSSA SENHORA DA LUZ,2500809,Araçagi,2,3,0.0,0.0,0.0,0.0,1.0,1.0,1.0,1.0,0.0,0.0,0.0,0.0,0.0,0
25066994,EMEF DOUTOR FERNANDO DA CUNHA LIMA,2500809,Araçagi,2,3,0.0,0.0,0.0,0.0,1.0,1.0,1.0,1.0,1.0,0.0,0.0,0.0,0.0,0
25067001,EMEF JOAO MAXIMINO,2500809,Araçagi,2,3,0.0,0.0,0.0,0.0,1.0,1.0,1.0,1.0,1.0,0.0,0.0,0.0,3.0,0
25067010,EMEF JOSE ROSAS DE VASCONCELOS,2500809,Araçagi,2,3,0.0,0.0,0.0,0.0,1.0,1.0,1.0,1.0,0.0,0.0,0.0,0.0,0.0,0
25067060,EMEF SAO TARCISIO,2500809,Araçagi,2,3,0.0,0.0,0.0,0.0,1.0,1.0,1.0,1.0,1.0,0.0,0.0,0.0,0.0,0
25106180,CENTRO DE EDUCACAO INFANTIL MACHADO DE ASSIS,2500809,Araçagi,1,4,0.0,0.0,0.0,0.0,1.0,0.0,1.0,1.0,1.0,0.0,0.0,0.0,0.0,0
25109650,EMEF AGRIPINO RIBEIRO FILHO,2500809,Araçagi,1,3,0.0,0.0,0.0,0.0,1.0,1.0,1.0,1.0,1.0,0.0,0.0,0.0,10.0,--
25113348,EMEF OLIVIO MAROJA,2500809,Araçagi,2,3,1.0,0.0,0.0,0.0,1.0,1.0,1.0,1.0,0.0,0.0,0.0,0.0,11.0,0
25117629,EDUCANDARIO SOSSEGO DA MAMAE,2500809,Araçagi,1,4,0.0,0.0,0.0,0.0,1.0,1.0,1.0,1.0,1.0,0.0,0.0,0.0,0.0,2.9
25127845,AGUIA COLEGIO E CURSO,2500809,Araçagi,1,4,0.0,0.0,0.0,0.0,1.0,0.0,1.0,1.0,1.0,0.0,0.0,0.0,8.0,0
25129830,EDUCANDARIO PEQUENO PRINCIPE,2500809,Araçagi,1,4,0.0,0.0,0.0,0.0,1.0,0.0,1.0,1.0,0.0,0.0,0.0,0.0,6.0,0
25134485,INSTITUTO PEDAGOGICO AQUARELA,2500809,Araçagi,1,4,0.0,0.0,0.0,0.0,1.0,0.0,1.0,1.0,1.0,0.0,0.0,0.0,0.0,0
25054767,EEEFM E EJA ANESIO DEODONIO MORENO,2500908,Arara,1,2,0.0,0.0,0.0,0.0,1.0,1.0,1.0,1.0,0.0,0.0,1.0,0.0,0.0,--
25054783,ECI MONSENHOR JOSE PAULINO,2500908,Arara,1,2,0.0,0.0,0.0,0.0,0.0,1.0,1.0,0.0,0.0,0.0,0.0,1.0,8.0,--
25054830,EMEIF JOAO MARTINS DE LIMA,2500908,Arara,2,3,0.0,0.0,0.0,0.0,1.0,1.0,1.0,1.0,1.0,0.0,0.0,0.0,0.0,0
25054856,GR ESC MARIA DO CARMO ALVES DE MORAIS,2500908,Arara,1,3,0.0,0.0,0.0,0.0,1.0,1.0,1.0,1.0,1.0,0.0,0.0,0.0,4.0,0
25054864,ESCOLA MUNICIPAL EM TEMPO INTEGRAL DO ENSINO INFANTIL E FUNDAMENTAL MARIA DO CARMO CASTRO,2500908,Arara,1,3,0.0,0.0,0.0,0.0,1.0,1.0,1.0,1.0,1.0,0.0,0.0,0.0,1.0,0
25054872,EMEIF POLO DE ARACA,2500908,Arara,2,3,0.0,0.0,0.0,0.0,1.0,1.0,1.0,1.0,0.0,0.0,0.0,0.0,0.0,0
25054880,EMEIF SEVERINO ALVES DA SILVA,2500908,Arara,2,3,0.0,0.0,0.0,0.0,1.0,1.0,1.0,1.0,0.0,0.0,1.0,0.0,0.0,0
25054937,EMEIF JOAQUIM ALVES DA SILVA,2500908,Arara,1,3,0.0,0.0,0.0,0.0,1.0,1.0,1.0,1.0,0.0,0.0,1.0,0.0,0.0,0.9
25054945,EMEIF JOSE FERREIRA DE MELO,2500908,Arara,2,3,0.0,0.0,0.0,0.0,1.0,1.0,1.0,1.0,0.0,0.0,1.0,0.0,0.0,0
25054961,EMEIF MARIA JOSE DE ALBUQUERQUE,2500908,Arara,1,3,0.0,0.0,0.0,0.0,1.0,1.0,1.0,1.0,0.0,0.0,1.0,0.0,0.0,2
25054970,EMEIF OLINTO ONOFRE DE SOUZA,2500908,Arara,2,3,0.0,0.0,0.0,0.0,1.0,1.0,1.0,1.0,0.0,0.0,0.0,0.0,0.0,0
25066072,EMEIF BARRA DO SALGADO,2500908,Arara,2,3,0.0,0.0,0.0,0.0,1.0,1.0,1.0,1.0,0.0,0.0,0.0,0.0,0.0,0
25066277,EMEIF CONEGO TEODOMIRO QUEIROZ,2500908,Arara,2,3,0.0,0.0,0.0,0.0,1.0,1.0,1.0,1.0,0.0,0.0,0.0,0.0,0.0,0
25104110,INSTITUTO PARAISO DA INFANCIA,2500908,Arara,1,4,0.0,0.0,0.0,0.0,1.0,0.0,1.0,1.0,1.0,0.0,0.0,0.0,0.0,0
25112945,E M E F PROFª LUZIA LAUDELINO DA SILVA MEDEIROS,2500908,Arara,1,3,0.0,0.0,0.0,0.0,1.0,1.0,1.0,1.0,1.0,0.0,0.0,0.0,0.0,--
25129937,ESCOLA NOVA GERACAO,2500908,Arara,1,4,0.0,0.0,0.0,0.0,1.0,0.0,1.0,1.0,1.0,0.0,0.0,0.0,5.0,0
25134663,CENTRO EDUCACIONAL EVOLUCAO COLEGIO E CURSOS LTDA,2500908,Arara,1,4,0.0,0.0,0.0,0.0,1.0,1.0,1.0,1.0,1.0,0.0,1.0,0.0,6.0,--
25000012,EMEF JOAO ALVES,2501005,Araruna,1,3,0.0,0.0,0.0,0.0,1.0,1.0,1.0,1.0,1.0,0.0,0.0,0.0,13.0,--
25058975,ECIT BENJAMIN MARANHAO,2501005,Araruna,1,2,0.0,0.0,0.0,0.0,1.0,1.0,1.0,1.0,1.0,1.0,1.0,0.0,9.0,--
25059017,EEEM TARGINO PEREIRA,2501005,Araruna,1,2,0.0,0.0,0.0,0.0,0.0,1.0,1.0,0.0,0.0,0.0,0.0,1.0,0.0,--
25059106,EMEF EM BOA VISTA,2501005,Araruna,2,3,0.0,0.0,0.0,0.0,1.0,1.0,1.0,1.0,0.0,0.0,0.0,0.0,0.0,0
25059122,EMEF JOANA MARIA DA CONCEICAO,2501005,Araruna,2,3,0.0,0.0,0.0,0.0,1.0,1.0,1.0,1.0,0.0,0.0,0.0,0.0,6.0,--
25059130,EMPG NOSSA SENHORA DA LUZ,2501005,Araruna,2,3,1.0,0.0,0.0,0.0,1.0,1.0,1.0,1.0,0.0,0.0,0.0,0.0,0.0,0
25059165,EMEF EM TIMBAUBA,2501005,Araruna,2,3,1.0,0.0,0.0,0.0,1.0,1.0,1.0,1.0,0.0,0.0,0.0,0.0,0.0,0
25059181,EMEF MONSENHOR SEVERINO CAVALCANTE DE MIRANDA,2501005,Araruna,1,3,0.0,0.0,0.0,0.0,1.0,1.0,1.0,1.0,0.0,0.0,0.0,0.0,0.0,0
25059289,EMEF ANTONIO PINHEIRO DE ASSIS,2501005,Araruna,2,3,0.0,0.0,0.0,0.0,1.0,1.0,1.0,1.0,0.0,0.0,0.0,0.0,6.0,0
25059386,EMEF MARIZETE ARAUJO BEZERRA,2501005,Araruna,1,3,0.0,0.0,0.0,0.0,1.0,1.0,1.0,1.0,1.0,0.0,0.0,0.0,8.0,0
25059408,EMEF RITA NUNES DA COSTA,2501005,Araruna,1,3,0.0,0.0,0.0,0.0,1.0,1.0,1.0,1.0,0.0,0.0,0.0,0.0,0.0,0
25059432,EMEF JOSE FRANCISCO DE LIMA,2501005,Araruna,2,3,0.0,0.0,0.0,0.0,1.0,1.0,1.0,1.0,0.0,0.0,0.0,0.0,3.0,0
25059475,EMEF ANTONIO CANDIDO RIBEIRO,2501005,Araruna,2,3,0.0,0.0,0.0,0.0,1.0,1.0,1.0,1.0,0.0,0.0,0.0,0.0,0.0,0
25059491,EMEF ERNESTO MOREIRA,2501005,Araruna,2,3,0.0,0.0,0.0,0.0,1.0,1.0,1.0,1.0,0.0,0.0,0.0,0.0,0.0,0
25059548,EMEF SANTOS DUMONT,2501005,Araruna,2,3,0.0,0.0,0.0,0.0,1.0,1.0,1.0,1.0,1.0,0.0,0.0,0.0,3.0,0
25059556,EMEF PROF JOAO MOREIRA SOARES,2501005,Araruna,1,3,0.0,0.0,0.0,0.0,1.0,1.0,1.0,1.0,1.0,0.0,1.0,0.0,13.0,0.5
25105272,EMEF SAO LUIS,2501005,Araruna,2,3,1.0,0.0,0.0,0.0,1.0,1.0,1.0,1.0,0.0,0.0,0.0,0.0,0.0,0
25110829,EMEF PREFEITA MARIA CELESTE TORRES DA SILVA,2501005,Araruna,2,3,0.0,0.0,0.0,0.0,1.0,1.0,1.0,1.0,0.0,0.0,0.0,0.0,3.0,1.2
25123416,CENTRO EDUCACIONAL INTEGRADO,2501005,Araruna,1,4,0.0,0.0,0.0,0.0,1.0,0.0,1.0,1.0,0.0,0.0,1.0,0.0,0.0,0
25125710,EMEF MANOEL FRANCISCO MARTINIANO,2501005,Araruna,2,3,1.0,0.0,0.0,0.0,1.0,1.0,1.0,1.0,1.0,0.0,0.0,0.0,0.0,0
25126032,INTEGRAL COLEGIO E CURSO,2501005,Araruna,1,4,0.0,0.0,0.0,0.0,1.0,0.0,1.0,1.0,1.0,0.0,0.0,0.0,11.0,0
25132857,ICSS-INSTITUTO CRESCER SABENDO SER,2501005,Araruna,1,4,0.0,0.0,0.0,0.0,1.0,0.0,1.0,1.0,0.0,0.0,1.0,0.0,2.0,0
25134116,ESCOLA SANTA TERESA D AVILA,2501005,Araruna,1,4,0.0,0.0,0.0,0.0,1.0,0.0,1.0,1.0,1.0,0.0,0.0,0.0,0.0,0
25064061,COLEGIO SANTA RITA,2501104,Areia,1,4,0.0,0.0,0.0,0.0,1.0,0.0,1.0,1.0,1.0,1.0,0.0,0.0,0.0,0
25064126,EEEFM CARLOTA BARREIRA,2501104,Areia,1,2,0.0,0.0,0.0,0.0,1.0,1.0,1.0,1.0,1.0,0.0,0.0,0.0,8.0,--
25064134,ECIT MINISTRO JOSE AMERICO DE ALMEIDA,2501104,Areia,1,2,0.0,0.0,0.0,0.0,0.0,1.0,1.0,0.0,0.0,0.0,0.0,1.0,3.0,--
25064142,EEEFM ALVARO MACHADO,2501104,Areia,1,2,0.0,0.0,0.0,0.0,1.0,1.0,1.0,1.0,1.0,0.0,1.0,0.0,0.0,--
25064169,EEEF MONSENHOR JOAO COUTINHO,2501104,Areia,1,2,0.0,0.0,0.0,0.0,1.0,1.0,1.0,1.0,1.0,0.0,0.0,0.0,0.0,--
25064193,ESC MUL PEDRO HONORIO,2501104,Areia,2,3,0.0,0.0,0.0,0.0,1.0,1.0,1.0,1.0,1.0,0.0,0.0,0.0,0.0,1.7
25064266,COLEGIO INES SOARES,2501104,Areia,1,4,0.0,0.0,0.0,0.0,1.0,0.0,1.0,1.0,1.0,1.0,1.0,0.0,12.0,--
25064274,EEIEF PINOQUIO,2501104,Areia,1,4,0.0,0.0,0.0,0.0,1.0,0.0,1.0,1.0,1.0,0.0,1.0,0.0,10.0,0
25064410,EMEF JOSE LINS SOBRINHO,2501104,Areia,2,3,1.0,0.0,0.0,0.0,1.0,1.0,1.0,1.0,1.0,0.0,0.0,0.0,7.0,1
25064428,ESC MUL JOSE RODRIGUES,2501104,Areia,1,3,0.0,0.0,0.0,0.0,1.0,1.0,1.0,1.0,1.0,0.0,1.0,0.0,4.0,1.4
25064444,EMEF JULIA VERONICA DOS SANTOS LEAL,2501104,Areia,1,3,0.0,0.0,0.0,0.0,1.0,1.0,1.0,1.0,1.0,0.0,0.0,0.0,1.0,--
25064541,EMEF NENEN SILVA,2501104,Areia,2,3,0.0,0.0,0.0,0.0,1.0,1.0,1.0,1.0,1.0,0.0,0.0,0.0,7.0,0
25114328,EMEF MADRE TRAUTLINDE,2501104,Areia,1,3,0.0,0.0,0.0,0.0,1.0,1.0,1.0,1.0,0.0,0.0,1.0,0.0,4.0,1.2
25120344,EMEF DR JOSE INACIO DE MIRANDA PEREIRA,2501104,Areia,2,3,0.0,0.0,0.0,0.0,1.0,1.0,1.0,1.0,1.0,0.0,0.0,0.0,0.0,0
25122860,ESCOLA INFANTIL TRACOS E LETRAS,2501104,Areia,1,4,0.0,0.0,0.0,0.0,1.0,0.0,1.0,1.0,1.0,0.0,1.0,0.0,0.0,--
25132539,ESCOLA MUNICIPAL DE ENSINO FUNDAMENTAL LUCIA GIOVANNA DUARTE DE MELO,2501104,Areia,1,3,0.0,0.0,0.0,0.0,1.0,1.0,1.0,1.0,1.0,0.0,0.0,0.0,4.0,0.4
25064118,EMEF VER NELSON CARNEIRO,2501104,Areia,2,3,3.0,0.0,0.0,0.0,1.0,1.0,1.0,1.0,1.0,0.0,0.0,0.0,0.0,0
25064460,EMEF MARIA EMILIA MARACAJA,2501104,Areia,2,3,3.0,0.0,0.0,0.0,1.0,1.0,1.0,1.0,1.0,0.0,0.0,0.0,8.0,2.2
25106694,EMEF PROFESSOR ABEL BARBOSA DA SILVA,2501104,Areia,2,3,0.0,0.0,0.0,0.0,1.0,1.0,1.0,1.0,1.0,0.0,0.0,0.0,10.0,1
25064789,EMEF JOAO CESAR,2501104,Areia,2,3,0.0,0.0,0.0,0.0,1.0,1.0,1.0,1.0,1.0,0.0,0.0,0.0,6.0,0
25020374,ECI CLOVIS SATIRO,2501153,Areia de Baraúnas,1,2,0.0,0.0,0.0,0.0,1.0,1.0,1.0,1.0,0.0,0.0,0.0,0.0,1.0,--
25020412,EMEF SEBASTIAO FRANCISCO DE LIMA,2501153,Areia de Baraúnas,2,3,0.0,0.0,0.0,0.0,1.0,1.0,1.0,1.0,0.0,0.0,0.0,0.0,4.0,0
25020609,EMEF ABDIAS JOSE DA COSTA,2501153,Areia de Baraúnas,1,3,0.0,0.0,0.0,0.0,1.0,1.0,1.0,1.0,0.0,0.0,0.0,0.0,4.0,0
25020625,EMEF JOSE PORFIRIO DE MARIA,2501153,Areia de Baraúnas,2,3,0.0,0.0,0.0,0.0,1.0,1.0,1.0,1.0,0.0,0.0,0.0,0.0,4.0,0
25120549,EMEF SEVERINO ALVES DA COSTA,2501153,Areia de Baraúnas,1,3,0.0,0.0,0.0,0.0,1.0,1.0,1.0,1.0,0.0,0.0,0.0,0.0,7.0,0
25061402,ECI PREFEITO FRANCISCO APOLINARIO SILVA,2501203,Areial,1,2,0.0,0.0,0.0,0.0,1.0,1.0,1.0,1.0,1.0,1.0,0.0,0.0,0.0,--
25061429,ESCOLA MUNICIPAL DE ENSINO FUNDAMENTAL GERALDO LUIZ DE ARAUJO,2501203,Areial,1,3,0.0,0.0,0.0,0.0,1.0,1.0,1.0,1.0,1.0,0.0,0.0,0.0,10.0,--
25061445,EMEFI FRANCISCO APOLINARIO DA SILVA,2501203,Areial,1,3,0.0,0.0,0.0,0.0,1.0,1.0,1.0,1.0,1.0,0.0,0.0,0.0,14.0,0
25061542,EMEIFI EZEQUIEL VIEIRA,2501203,Areial,2,3,0.0,0.0,0.0,0.0,1.0,1.0,1.0,1.0,0.0,0.0,0.0,0.0,5.0,0
25061569,EMEF JOAO IZIDRO DOS SANTOS,2501203,Areial,2,3,0.0,0.0,0.0,0.0,1.0,1.0,1.0,1.0,0.0,0.0,0.0,0.0,3.0,--
25061593,ESCOLA MUNICIPAL DE ENSINO FUNDAMENTAL E EJA MODELO,2501203,Areial,1,3,0.0,0.0,0.0,0.0,1.0,1.0,1.0,1.0,1.0,0.0,0.0,0.0,5.0,0
25061607,EMEIF SEVERINO BARBOSA,2501203,Areial,2,3,0.0,0.0,0.0,0.0,1.0,1.0,1.0,1.0,0.0,0.0,0.0,0.0,4.0,0
25132148,INSTITUTO EDUCACIONAL CICERO BALBINO DO CARMO,2501203,Areial,1,4,0.0,0.0,0.0,0.0,1.0,0.0,1.0,1.0,1.0,0.0,0.0,0.0,0.0,0
25133578,EMEFI MARIA DAS GRACAS BARROS DE BRITO,2501203,Areial,1,3,0.0,0.0,0.0,0.0,1.0,1.0,1.0,1.0,1.0,0.0,0.0,0.0,4.0,--
25083490,ECI DEPUTADO CARLOS PESSOA FILHO,2501302,Aroeiras,1,2,0.0,0.0,0.0,0.0,1.0,1.0,1.0,1.0,1.0,1.0,1.0,0.0,0.0,--
25083597,EEEFM MAJOR JOSE BARBOSA,2501302,Aroeiras,1,2,0.0,0.0,0.0,0.0,1.0,1.0,1.0,1.0,0.0,0.0,0.0,0.0,0.0,--
25083651,E M E F SANTA LUZIA,2501302,Aroeiras,2,3,0.0,0.0,0.0,0.0,1.0,1.0,1.0,1.0,0.0,0.0,1.0,1.0,0.0,0
25084100,E M E F SEVERINO FILGUEIRAS VASCONCELOS,2501302,Aroeiras,2,3,0.0,0.0,0.0,0.0,1.0,1.0,1.0,1.0,1.0,0.0,0.0,0.0,0.0,0
25084119,E M E F JOSEFA HERACLIO,2501302,Aroeiras,2,3,0.0,0.0,0.0,0.0,1.0,1.0,1.0,1.0,1.0,0.0,1.0,0.0,0.0,0
25084151,E M E F ANTONIO MARTINS DO NASCIMENTO,2501302,Aroeiras,2,3,0.0,0.0,0.0,0.0,1.0,1.0,1.0,1.0,0.0,0.0,0.0,0.0,0.0,0
25084160,E M E F DE CAMARA,2501302,Aroeiras,2,3,0.0,0.0,0.0,0.0,1.0,1.0,1.0,1.0,1.0,0.0,1.0,0.0,0.0,0
25084178,E M E F DE URUCU,2501302,Aroeiras,2,3,0.0,0.0,0.0,0.0,1.0,1.0,1.0,1.0,0.0,0.0,0.0,0.0,0.0,0
25084216,E M E F JOSE DE SOUSA SANTOS,2501302,Aroeiras,1,3,0.0,0.0,0.0,0.0,1.0,1.0,1.0,1.0,1.0,0.0,1.0,0.0,0.0,0
25084240,E M E F NIVALDO ALVES BARBOSA,2501302,Aroeiras,2,3,0.0,0.0,0.0,0.0,1.0,1.0,1.0,1.0,0.0,0.0,0.0,0.0,0.0,0
25084313,E M E F ANTONIO FERREIRA DANTAS,2501302,Aroeiras,2,3,0.0,0.0,0.0,0.0,1.0,1.0,1.0,1.0,0.0,0.0,0.0,0.0,0.0,0
25084321,E M E F COSME ALVES BARBOSA,2501302,Aroeiras,2,3,0.0,0.0,0.0,0.0,1.0,1.0,1.0,1.0,1.0,0.0,0.0,0.0,0.0,0
25084330,E M E F EMILIANO RESENDE FILHO,2501302,Aroeiras,2,3,0.0,0.0,0.0,0.0,1.0,1.0,1.0,1.0,1.0,0.0,0.0,1.0,0.0,0
25084348,E M E F JOSE CELESTINO DE SOUZA,2501302,Aroeiras,2,3,0.0,0.0,0.0,0.0,1.0,1.0,1.0,1.0,1.0,0.0,0.0,0.0,0.0,0
25084372,E M E F DE CHA DA BARRA,2501302,Aroeiras,2,3,0.0,0.0,0.0,0.0,1.0,1.0,1.0,1.0,0.0,0.0,0.0,0.0,0.0,0
25084399,E M E F DE PE DE SERRA DO JUA,2501302,Aroeiras,2,3,0.0,0.0,0.0,0.0,1.0,1.0,1.0,1.0,0.0,0.0,0.0,0.0,0.0,0
25107968,E M E F SAO FRANCISCO DE ASSIS,2501302,Aroeiras,2,3,0.0,0.0,0.0,0.0,1.0,1.0,1.0,1.0,1.0,0.0,0.0,1.0,0.0,0
25108158,E M E F MANOEL BERNARDO FRAZAO,2501302,Aroeiras,2,3,0.0,0.0,0.0,0.0,1.0,1.0,1.0,1.0,1.0,0.0,0.0,0.0,0.0,0
25108174,E M E F LAURENTINO GOMES DE LIMA,2501302,Aroeiras,2,3,0.0,0.0,0.0,0.0,1.0,1.0,1.0,1.0,0.0,0.0,0.0,0.0,0.0,0
25109332,E M E F MANOEL FELIX ISMAEL,2501302,Aroeiras,2,3,0.0,0.0,0.0,0.0,1.0,1.0,1.0,1.0,1.0,0.0,0.0,0.0,0.0,--
25110861,EDUCANDARIO MARIA GERMANO,2501302,Aroeiras,1,4,0.0,0.0,0.0,0.0,1.0,0.0,1.0,1.0,1.0,0.0,0.0,0.0,0.0,0
25112295,EMEF TANCREDO NEVES,2501302,Aroeiras,1,3,0.0,0.0,0.0,0.0,1.0,1.0,1.0,1.0,1.0,0.0,0.0,0.0,0.0,0
25113615,E M E F JOSE VICENTE DE ARAUJO,2501302,Aroeiras,2,3,0.0,0.0,0.0,0.0,1.0,1.0,1.0,1.0,0.0,0.0,0.0,0.0,0.0,0
25114522,E M E F MARIA LUCIA DE ALBUQUERQUE,2501302,Aroeiras,2,3,0.0,0.0,0.0,0.0,1.0,1.0,1.0,1.0,1.0,0.0,1.0,0.0,0.0,0
25119010,E M E F JARDIRENE OLIVEIRA DE SOUZA,2501302,Aroeiras,1,3,0.0,0.0,0.0,0.0,1.0,1.0,1.0,1.0,1.0,0.0,0.0,0.0,0.0,--
25125788,CENTRO EDUCACIONAL DA CRIANCA,2501302,Aroeiras,1,4,0.0,0.0,0.0,0.0,1.0,0.0,1.0,1.0,1.0,0.0,0.0,0.0,0.0,0
25127527,EDUCANDARIO MARIA DE LOURDES,2501302,Aroeiras,1,4,0.0,0.0,0.0,0.0,1.0,0.0,1.0,1.0,1.0,0.0,0.0,0.0,1.0,0
25163809,COLEGIO CENTRAL DE ENSINO,2501302,Aroeiras,1,4,0.0,0.0,0.0,0.0,1.0,0.0,1.0,1.0,1.0,0.0,1.0,0.0,9.0,0
25084380,E M E F JOSE COSME IRMAO,2501302,Aroeiras,2,3,0.0,0.0,0.0,0.0,1.0,1.0,1.0,1.0,1.0,0.0,0.0,0.0,0.0,0
25041770,EMEIEF ELIAS JOSE DOS SANTOS,2501351,Assunção,2,3,0.0,0.0,0.0,0.0,1.0,1.0,1.0,1.0,0.0,0.0,1.0,0.0,1.0,0
25050427,ECI JOAO ROGERIO DIAS TOLEDO,2501351,Assunção,1,2,0.0,0.0,0.0,0.0,1.0,1.0,1.0,1.0,1.0,1.0,1.0,0.0,3.0,--
25050710,EMEIEF BRASILINO CARDOSO DE MELO,2501351,Assunção,2,3,0.0,0.0,0.0,0.0,1.0,1.0,1.0,1.0,0.0,0.0,1.0,0.0,1.0,0
25051253,EMEF JAIME FERREIRA TAVARES,2501351,Assunção,1,3,0.0,0.0,0.0,0.0,1.0,1.0,1.0,1.0,1.0,0.0,1.0,0.0,12.0,--
25111760,EMEIEF NOSSA SENHORA DAS GRACAS,2501351,Assunção,2,3,0.0,0.0,0.0,0.0,1.0,1.0,1.0,1.0,0.0,0.0,1.0,0.0,2.0,0
25129147,EMEF PROFESSOR EVANDIR GONCALVES DE OLIVEIRA,2501351,Assunção,1,3,0.0,0.0,0.0,0.0,1.0,1.0,1.0,1.0,0.0,0.0,1.0,0.0,10.0,0
25085859,EMEF PARTEIRA MARIA PESSOA DOS SANTOS GOMES,2501401,Baía da Traição,2,3,2.0,0.0,0.0,0.0,1.0,1.0,1.0,1.0,0.0,0.0,0.0,0.0,3.0,0
25085875,ECIT MATIAS FREIRE,2501401,Baía da Traição,1,2,0.0,0.0,0.0,0.0,1.0,1.0,1.0,1.0,1.0,1.0,1.0,0.0,3.0,--
25085883,EMEF ANTONIO AZEVEDO,2501401,Baía da Traição,1,3,0.0,0.0,0.0,0.0,1.0,1.0,1.0,1.0,1.0,1.0,1.0,0.0,12.0,--
25085930,EMEF CACIQUE MANOEL SANTANA DOS SANTOS,2501401,Baía da Traição,2,3,2.0,0.0,0.0,0.0,1.0,1.0,1.0,1.0,0.0,0.0,0.0,0.0,0.0,0
25085948,EMEF JOAO FRANCISCO FILHO,2501401,Baía da Traição,2,3,2.0,0.0,0.0,0.0,1.0,1.0,1.0,1.0,1.0,1.0,0.0,0.0,5.0,0
25085956,EMEF NAIDE SOARES DA SILVA,2501401,Baía da Traição,2,3,2.0,0.0,0.0,0.0,1.0,1.0,1.0,1.0,0.0,0.0,0.0,0.0,1.0,0
25085964,EMEF DR CARLOS RODRIGUES,2501401,Baía da Traição,2,3,2.0,0.0,0.0,0.0,1.0,1.0,1.0,1.0,1.0,1.0,1.0,0.0,2.0,0
25085972,EMEF JOAO BEZERRA FALCAO,2501401,Baía da Traição,2,3,2.0,0.0,0.0,0.0,1.0,1.0,1.0,1.0,1.0,0.0,0.0,0.0,0.0,0
25085980,EMEF CELINA FREIRE RODRIGUES,2501401,Baía da Traição,2,3,2.0,0.0,0.0,0.0,1.0,1.0,1.0,1.0,1.0,0.0,0.0,0.0,2.0,0
25086006,EMEF MARIA DAS DORES BORGES,2501401,Baía da Traição,2,3,2.0,0.0,0.0,0.0,1.0,1.0,1.0,1.0,0.0,0.0,0.0,0.0,10.0,0
25086014,EMEF PAULO EUFRASIO RODRIGUES,2501401,Baía da Traição,2,3,2.0,0.0,0.0,0.0,1.0,1.0,1.0,1.0,0.0,0.0,0.0,0.0,5.0,0
25101978,EEEIFM AKAJUTIBIRO,2501401,Baía da Traição,2,2,2.0,0.0,0.0,0.0,1.0,1.0,1.0,1.0,1.0,1.0,0.0,0.0,2.0,2.3
25103097,EMEF CENTRO SOCIAL SAO MIGUEL,2501401,Baía da Traição,2,3,2.0,0.0,0.0,0.0,1.0,1.0,1.0,1.0,0.0,0.0,1.0,0.0,5.0,1.7
25120778,EEEIFM PEDRO POTI,2501401,Baía da Traição,2,2,2.0,0.0,0.0,0.0,1.0,1.0,1.0,1.0,0.0,0.0,0.0,0.0,3.0,0
25125281,EMEF JOAO EUGENIO BARBOSA,2501401,Baía da Traição,2,3,2.0,0.0,0.0,0.0,1.0,1.0,1.0,1.0,1.0,0.0,0.0,0.0,0.0,0
25126563,EMEIEF SAGRADO CORACAO DE JESUS,2501401,Baía da Traição,1,3,0.0,0.0,0.0,0.0,1.0,1.0,1.0,1.0,1.0,0.0,0.0,0.0,7.0,0
25135058,ESCOLA MUNICIPAL MARIA JOSE BENTO,2501401,Baía da Traição,1,3,0.0,0.0,0.0,0.0,1.0,1.0,1.0,1.0,1.0,1.0,0.0,0.0,5.0,0
25064797,EMEF PROFª EMILIA DE OLIVEIRA NEVES,2501500,Bananeiras,1,3,0.0,0.0,0.0,0.0,1.0,1.0,1.0,1.0,1.0,0.0,0.0,0.0,14.0,--
25064800,UFPB - COLEGIO AGRICOLA VIDAL DE NEGREIROS,2501500,Bananeiras,2,1,0.0,0.0,0.0,0.0,1.0,1.0,1.0,1.0,1.0,1.0,1.0,0.0,24.0,--
25064851,EMEF RURAL MISTA DE ALINORTE,2501500,Bananeiras,2,3,1.0,0.0,0.0,0.0,1.0,1.0,1.0,1.0,0.0,0.0,0.0,1.0,0.0,0
25064894,ECIT JOSE ROCHA SOBRINHO,2501500,Bananeiras,1,2,0.0,0.0,0.0,0.0,1.0,1.0,1.0,1.0,1.0,1.0,0.0,0.0,17.0,--
25065009,EMEF DO OLHO DAGUA,2501500,Bananeiras,2,3,1.0,0.0,0.0,0.0,1.0,1.0,1.0,1.0,1.0,0.0,0.0,0.0,0.0,0
25065025,EEEM PROFESSOR PEDRO A DE ALMEIDA,2501500,Bananeiras,2,2,0.0,0.0,0.0,0.0,1.0,1.0,1.0,1.0,1.0,0.0,1.0,0.0,12.0,--
25065033,ESCOLINHA DO MICKEY,2501500,Bananeiras,1,4,0.0,0.0,0.0,0.0,1.0,0.0,1.0,1.0,0.0,0.0,0.0,0.0,0.0,0
25065084,EMEF FERNANDO BATISTA COUTINHO,2501500,Bananeiras,2,3,0.0,0.0,0.0,0.0,1.0,1.0,1.0,1.0,0.0,0.0,0.0,0.0,0.0,0
25065149,EMEF JOAO PAULO II,2501500,Bananeiras,2,3,0.0,0.0,0.0,0.0,1.0,1.0,1.0,1.0,1.0,0.0,0.0,0.0,13.0,0
25065157,EMEF JOSE ROCHA CIRNE,2501500,Bananeiras,2,3,0.0,0.0,0.0,0.0,1.0,1.0,1.0,1.0,0.0,0.0,0.0,0.0,0.0,0
25065173,EMEF MIGUEL FILGUEIRA FILHO,2501500,Bananeiras,2,3,0.0,0.0,0.0,0.0,1.0,1.0,1.0,1.0,1.0,0.0,0.0,0.0,8.0,--
25065181,EMEF ANTONIO COUTINHO DE MEDEIROS,2501500,Bananeiras,2,3,0.0,0.0,0.0,0.0,1.0,1.0,1.0,1.0,1.0,0.0,0.0,1.0,0.0,0
25065190,EMEF APRIGIO PATRICIO RAMALHO,2501500,Bananeiras,2,3,0.0,0.0,0.0,0.0,1.0,1.0,1.0,1.0,0.0,0.0,0.0,0.0,0.0,0
25065238,EMEF JOSE ROCHA SOBRINHO,2501500,Bananeiras,2,3,0.0,0.0,0.0,0.0,1.0,1.0,1.0,1.0,0.0,0.0,0.0,1.0,0.0,0
25065246,EMEF SEVERINO PEREIRA DE MELO,2501500,Bananeiras,2,3,0.0,0.0,0.0,0.0,1.0,1.0,1.0,1.0,0.0,0.0,0.0,1.0,0.0,0
25065254,GR ESC M ANTONIO JOSE DA COSTA,2501500,Bananeiras,2,3,0.0,0.0,0.0,0.0,1.0,1.0,1.0,0.0,0.0,0.0,0.0,0.0,0.0,0
25065262,EMEF FRANCISCO LOPES DE AZEVEDO,2501500,Bananeiras,2,3,0.0,0.0,0.0,0.0,1.0,1.0,1.0,1.0,0.0,0.0,0.0,0.0,0.0,0
25065289,GR ESC MUL PROF ANTONIO C DE MEDEIROS,2501500,Bananeiras,1,3,0.0,0.0,0.0,0.0,1.0,1.0,1.0,1.0,0.0,0.0,0.0,0.0,0.0,0
25065300,EMEF VER NICOLAU LUCENA MOURA,2501500,Bananeiras,2,3,0.0,0.0,0.0,0.0,1.0,1.0,1.0,1.0,0.0,0.0,0.0,1.0,0.0,0
25065327,EMEF DO JARACATIA,2501500,Bananeiras,2,3,0.0,0.0,0.0,0.0,1.0,1.0,1.0,1.0,1.0,0.0,0.0,1.0,0.0,2.5
25065335,EMEF JOAO FLORENTINO DA ROCHA,2501500,Bananeiras,2,3,0.0,1.0,0.0,0.0,1.0,1.0,1.0,1.0,0.0,0.0,0.0,0.0,0.0,0
25065343,EMEF ARLINDO RAMALHO,2501500,Bananeiras,2,3,0.0,0.0,0.0,0.0,1.0,1.0,1.0,1.0,0.0,0.0,0.0,1.0,0.0,0
25065386,EMEF DR JOAQUIM F DE MEDEIROS,2501500,Bananeiras,1,3,0.0,0.0,0.0,0.0,1.0,1.0,1.0,1.0,1.0,0.0,1.0,0.0,0.0,0
25065440,EMEF MAJOR AUGUSTO BEZERRA,2501500,Bananeiras,2,3,1.0,0.0,0.0,0.0,1.0,1.0,1.0,1.0,0.0,0.0,0.0,1.0,0.0,0
25065459,EMEF LINDOLFO GRILO,2501500,Bananeiras,2,3,0.0,0.0,0.0,0.0,1.0,1.0,1.0,1.0,0.0,0.0,0.0,0.0,0.0,0
25108794,INST EDUC PARAIBANO CANTINHO DA CRIANCA,2501500,Bananeiras,1,4,0.0,0.0,0.0,0.0,1.0,0.0,1.0,1.0,1.0,0.0,0.0,1.0,0.0,0
25114824,EMEF NOSSA SENHORA APARECIDA,2501500,Bananeiras,2,3,0.0,0.0,0.0,0.0,1.0,1.0,1.0,1.0,1.0,0.0,0.0,1.0,0.0,0
25123343,EDUCANDARIO SANTA VITORIA LTDA,2501500,Bananeiras,1,4,0.0,0.0,0.0,1.0,1.0,0.0,1.0,1.0,1.0,1.0,0.0,0.0,16.0,0.6
25130005,INSTITUTO EDUCACIONAL DO SABER,2501500,Bananeiras,1,4,0.0,0.0,0.0,0.0,1.0,0.0,1.0,1.0,1.0,0.0,0.0,0.0,10.0,0
25130064,EMEF XAVIER JUNIOR,2501500,Bananeiras,1,3,0.0,0.0,0.0,0.0,1.0,1.0,1.0,1.0,0.0,0.0,0.0,0.0,1.0,1.4
25130200,ESCOLA DOS SONHOS,2501500,Bananeiras,2,4,0.0,0.0,0.0,0.0,1.0,1.0,1.0,1.0,1.0,0.0,0.0,0.0,0.0,0
25135180,COLEGIO E CURSO INOVA,2501500,Bananeiras,1,4,0.0,0.0,0.0,0.0,1.0,0.0,1.0,1.0,1.0,0.0,0.0,0.0,3.0,--
25065505,EMEF DR DIONISIO MAIA,2501500,Bananeiras,2,3,0.0,0.0,0.0,0.0,1.0,1.0,1.0,1.0,0.0,0.0,0.0,0.0,6.0,0
25065211,EMEF JOSE HENRIQUE PEREIRA,2501500,Bananeiras,2,3,0.0,0.0,0.0,0.0,1.0,1.0,1.0,1.0,0.0,0.0,0.0,0.0,3.0,0
25065297,EMEF PROF SOLANGE R DE FONTES,2501500,Bananeiras,2,3,0.0,0.0,0.0,0.0,1.0,1.0,1.0,1.0,0.0,0.0,0.0,1.0,0.0,0
25065424,EMEF SANTO EXPEDITO,2501500,Bananeiras,2,3,0.0,0.0,0.0,0.0,1.0,1.0,1.0,1.0,0.0,0.0,0.0,0.0,0.0,0
25043846,EMEF FELIPE RODRIGUES DE LIMA,2501534,Baraúna,1,3,0.0,0.0,0.0,0.0,1.0,1.0,1.0,1.0,1.0,0.0,0.0,0.0,15.0,0
25105647,EMEF JOAQUIM ZACARIAS DE MACEDO,2501534,Baraúna,2,3,0.0,0.0,0.0,0.0,1.0,1.0,1.0,1.0,1.0,0.0,0.0,0.0,0.0,0
25118579,ECI PREFEITO SEVERINO PEREIRA GOMES,2501534,Baraúna,1,2,0.0,0.0,0.0,0.0,0.0,1.0,1.0,0.0,0.0,0.0,0.0,1.0,0.0,--
25133241,ESCOLA MUNICIPAL DE ENSINO FUNDAMENTAL CELINA RODRIGUES DA SILVA,2501534,Baraúna,1,3,0.0,0.0,0.0,0.0,1.0,1.0,1.0,1.0,0.0,0.0,0.0,0.0,4.0,0
25051733,EMEB MARIA DE LOURDES ARAUJO DE ARRUDA,2501575,Barra de Santana,2,3,0.0,0.0,0.0,0.0,1.0,1.0,1.0,0.0,0.0,0.0,0.0,0.0,0.0,0
25052004,EMEB JULITA GUERRA,2501575,Barra de Santana,2,3,0.0,0.0,0.0,0.0,1.0,1.0,1.0,1.0,1.0,0.0,1.0,0.0,0.0,0
25052462,EMEB ALFREDO RUFINO BARBOSA,2501575,Barra de Santana,2,3,0.0,0.0,0.0,0.0,1.0,1.0,1.0,1.0,0.0,0.0,0.0,1.0,0.0,0
25052497,ECI ALMIRANTE ANTONIO HERACLITO DO REGO,2501575,Barra de Santana,1,2,0.0,0.0,0.0,0.0,1.0,1.0,1.0,1.0,0.0,1.0,1.0,0.0,0.0,--
25052578,EMEB ANTONIO DE SOUZA BARBOSA,2501575,Barra de Santana,2,3,0.0,0.0,0.0,0.0,1.0,1.0,1.0,1.0,1.0,0.0,0.0,1.0,0.0,0
25052594,EMEB BELARMINO DE MEDEIROS,2501575,Barra de Santana,2,3,0.0,0.0,0.0,0.0,1.0,1.0,1.0,1.0,0.0,0.0,0.0,0.0,0.0,0
25052632,EMEB MANOEL TERTULIANO DE ARAUJO,2501575,Barra de Santana,2,3,0.0,0.0,0.0,0.0,1.0,1.0,1.0,1.0,0.0,0.0,0.0,0.0,0.0,0
25052659,EMEB ERNESTO CELEDIAO DO REGO,2501575,Barra de Santana,2,3,0.0,0.0,0.0,0.0,1.0,1.0,1.0,1.0,0.0,0.0,0.0,1.0,0.0,0
25052667,EMEB FRANCISCO GUEDES DE BRITO,2501575,Barra de Santana,2,3,0.0,0.0,0.0,0.0,1.0,1.0,1.0,1.0,0.0,0.0,0.0,0.0,0.0,0
25052691,EMEB JOSUE BARBOSA DE ANDRADE LIRA,2501575,Barra de Santana,2,3,0.0,0.0,0.0,0.0,1.0,1.0,1.0,1.0,1.0,0.0,1.0,0.0,0.0,0
25052705,EMEB JOAO LOPES DE ANDRADE,2501575,Barra de Santana,2,3,0.0,0.0,0.0,0.0,1.0,1.0,1.0,1.0,1.0,0.0,0.0,0.0,0.0,0
25052764,EMEB SEVERINO ALVES CAMPOS,2501575,Barra de Santana,2,3,0.0,0.0,0.0,0.0,1.0,1.0,1.0,1.0,1.0,0.0,0.0,0.0,0.0,0
25132571,ESCOLA MUNICIPAL DE EDUCACAO BASICA PROFESSORA MARIA OLIVEIRA DOS SANTOS,2501575,Barra de Santana,2,3,0.0,0.0,0.0,0.0,1.0,1.0,1.0,1.0,1.0,0.0,1.0,0.0,3.0,0
25133624,EMEB PROFESSORA MARIA SANTINA DA COSTA GONCALVES,2501575,Barra de Santana,1,3,0.0,0.0,0.0,0.0,1.0,1.0,1.0,1.0,1.0,0.0,0.0,0.0,0.0,0
25055020,COLEGIO MUNICIPAL JOSE EUDENICIO CORREIA LINS,2501609,Barra de Santa Rosa,1,3,0.0,0.0,0.0,0.0,1.0,1.0,1.0,1.0,1.0,0.0,0.0,0.0,16.0,--
25055046,ECIT JOSE LUIZ NETO,2501609,Barra de Santa Rosa,1,2,0.0,0.0,0.0,0.0,1.0,1.0,1.0,1.0,1.0,1.0,0.0,0.0,9.0,--
25055259,EMEF JOSE RIBEIRO DINIZ,2501609,Barra de Santa Rosa,1,3,0.0,0.0,0.0,0.0,1.0,1.0,1.0,1.0,0.0,0.0,0.0,0.0,7.0,0.9
25055283,EMEF MANOEL BATISTA DE SOUSA,2501609,Barra de Santa Rosa,2,3,0.0,0.0,0.0,0.0,1.0,1.0,1.0,1.0,0.0,0.0,0.0,0.0,4.0,0
25055518,EMEF JOSE CANDIDO RIBEIRO,2501609,Barra de Santa Rosa,1,3,0.0,0.0,0.0,0.0,1.0,1.0,1.0,1.0,0.0,0.0,0.0,0.0,7.0,0
25055534,EMEF JULIO CAETANO DE LUNA,2501609,Barra de Santa Rosa,2,3,0.0,0.0,0.0,0.0,1.0,1.0,1.0,1.0,0.0,0.0,0.0,0.0,0.0,0
25055585,EMEF CICERA DA SILVA SOUSA,2501609,Barra de Santa Rosa,1,3,0.0,0.0,0.0,0.0,1.0,1.0,1.0,1.0,0.0,0.0,0.0,0.0,6.0,0
25055704,EMEF ANTONIO EZEQUIEL MARTINS CASADO,2501609,Barra de Santa Rosa,2,3,0.0,0.0,0.0,0.0,1.0,1.0,1.0,1.0,0.0,0.0,0.0,0.0,2.0,0
25055739,EMEF JOSE EDNALDO FREITAS SOUTO,2501609,Barra de Santa Rosa,2,3,1.0,0.0,0.0,0.0,1.0,1.0,1.0,1.0,0.0,0.0,0.0,1.0,2.0,0
25138600,ESCOLA DE EDUCACAO INFANTIL E ENSINO FUNDAMENTAL - PRIMEIROS PASSOS,2501609,Barra de Santa Rosa,1,4,0.0,0.0,0.0,0.0,1.0,0.0,1.0,1.0,1.0,0.0,0.0,0.0,9.0,0
25152203,EMEF JOSE MARTINHO CERPA DE MENEZES,2501609,Barra de Santa Rosa,2,3,1.0,0.0,0.0,0.0,1.0,1.0,1.0,1.0,1.0,0.0,0.0,1.0,0.0,0
25051261,EM EDUCACAO BASICA JOAO PINTO DA SILVA,2501708,Barra de São Miguel,1,3,0.0,0.0,0.0,0.0,1.0,1.0,1.0,1.0,1.0,1.0,1.0,0.0,26.0,0
25051296,ECI MELQUIADES TEJO,2501708,Barra de São Miguel,1,2,0.0,0.0,0.0,0.0,1.0,1.0,1.0,1.0,0.0,0.0,0.0,0.0,8.0,--
25051415,ESCOLA MUNICIPAL MANOEL SEVERINO PEREIRA,2501708,Barra de São Miguel,2,3,0.0,0.0,0.0,0.0,1.0,1.0,1.0,1.0,0.0,0.0,0.0,0.0,1.0,0
25051512,EMEF MANOEL ESTEVAM DE MIRANDA,2501708,Barra de São Miguel,2,3,0.0,0.0,0.0,0.0,1.0,1.0,1.0,1.0,1.0,0.0,1.0,0.0,14.0,0
25257943,EMEF JOSE ESTEVAM NETO,2501708,Barra de São Miguel,2,3,0.0,0.0,0.0,0.0,1.0,1.0,1.0,1.0,1.0,0.0,0.0,0.0,12.0,0
25090852,ESCOLA SENHOR DO BONFIM,2501807,Bayeux,1,4,0.0,0.0,0.0,0.0,1.0,0.0,1.0,1.0,1.0,1.0,1.0,0.0,20.0,0
25090879,EEEFM ENGENHEIRO JOSE DAVILA LINS,2501807,Bayeux,1,2,0.0,0.0,0.0,0.0,1.0,1.0,1.0,1.0,1.0,1.0,1.0,0.0,2.0,--
25090887,ECIT PROFESSOR ANTONIO GOMES,2501807,Bayeux,1,2,0.0,0.0,0.0,0.0,0.0,1.0,1.0,0.0,0.0,0.0,0.0,1.0,0.0,--
25090909,ECI IRINEU PINTO,2501807,Bayeux,1,2,0.0,0.0,0.0,0.0,1.0,1.0,1.0,1.0,1.0,0.0,1.0,1.0,0.0,--
25090933,EEEF ALVARO DE CARVALHO,2501807,Bayeux,1,2,0.0,0.0,0.0,0.0,1.0,1.0,1.0,1.0,0.0,0.0,0.0,1.0,5.0,0
25090941,EEEF ANITA GARIBALDI,2501807,Bayeux,1,2,0.0,0.0,0.0,0.0,1.0,1.0,1.0,1.0,0.0,0.0,0.0,0.0,0.0,0
25090976,EEEF GETULIO VARGAS,2501807,Bayeux,1,2,0.0,0.0,0.0,0.0,1.0,1.0,1.0,1.0,1.0,0.0,1.0,0.0,1.0,--
25090984,ECI JOAO CAETANO,2501807,Bayeux,1,2,0.0,0.0,0.0,0.0,1.0,1.0,1.0,1.0,0.0,0.0,0.0,0.0,7.0,--
25090992,EEEF SENADOR TEOTONIO VILELA,2501807,Bayeux,1,2,0.0,0.0,0.0,0.0,1.0,1.0,1.0,0.0,0.0,0.0,0.0,0.0,0.0,0
25091000,EEEFM TANCREDO NEVES,2501807,Bayeux,1,2,0.0,0.0,0.0,0.0,0.0,1.0,1.0,0.0,0.0,0.0,1.0,1.0,7.0,--
25091018,EEEFM VERALDO LEITE,2501807,Bayeux,1,2,0.0,0.0,0.0,0.0,1.0,1.0,1.0,1.0,0.0,0.0,0.0,0.0,4.0,--
25091050,EMEF MARIA DO CARMO DA SILVEIRA LIMA,2501807,Bayeux,1,3,0.0,0.0,0.0,0.0,1.0,1.0,1.0,1.0,1.0,0.0,1.0,0.0,13.0,--
25091069,EMEF FRANCISCO JOAQUIM DE BRITO,2501807,Bayeux,1,3,0.0,0.0,0.0,0.0,1.0,1.0,1.0,1.0,1.0,0.0,0.0,0.0,0.0,0
25091077,EMEF PRESIDENTE TANCREDO DE ALMEIDA NEVES,2501807,Bayeux,1,3,0.0,0.0,0.0,0.0,1.0,1.0,1.0,1.0,1.0,0.0,0.0,0.0,1.0,--
25091085,EMEF BERENICE RIBEIRO COUTINHO,2501807,Bayeux,1,3,0.0,0.0,0.0,0.0,1.0,1.0,1.0,1.0,1.0,0.0,1.0,0.0,0.0,2.9
25091093,EMEF DR EDGARD SEARGER,2501807,Bayeux,1,3,0.0,0.0,0.0,0.0,1.0,1.0,1.0,1.0,1.0,0.0,1.0,0.0,7.0,0.4
25091115,EMEF PETRONIO FIGUEIREDO,2501807,Bayeux,1,3,0.0,0.0,0.0,0.0,1.0,1.0,1.0,1.0,0.0,0.0,1.0,0.0,0.0,0
25091123,EMEF SENADOR RUY CARNEIRO,2501807,Bayeux,1,3,0.0,0.0,0.0,0.0,1.0,1.0,1.0,1.0,0.0,0.0,0.0,0.0,7.0,0
25091131,EMEF JOSE RIBEIRO DE MORAIS,2501807,Bayeux,1,3,0.0,0.0,0.0,0.0,1.0,1.0,1.0,1.0,1.0,0.0,0.0,0.0,0.0,0
25091140,EMEF FERNANDO CUNHA LIMA,2501807,Bayeux,1,3,0.0,0.0,0.0,0.0,1.0,1.0,1.0,1.0,1.0,0.0,0.0,0.0,2.0,--
25091158,EMEF FLAVIO RIBEIRO COUTINHO,2501807,Bayeux,1,3,0.0,0.0,0.0,0.0,1.0,1.0,1.0,1.0,1.0,0.0,0.0,0.0,0.0,0
25091174,EMEF JOAO FERNANDES DE LIMA,2501807,Bayeux,1,3,0.0,0.0,0.0,0.0,1.0,1.0,1.0,1.0,1.0,0.0,1.0,0.0,0.0,7.5
25091182,EMEF JOAQUIM LAFAYETTE,2501807,Bayeux,1,3,0.0,0.0,0.0,0.0,1.0,1.0,1.0,1.0,1.0,0.0,0.0,0.0,3.0,0
25091190,EMEF LUCIANO RIBEIRO DE MORAIS,2501807,Bayeux,1,3,0.0,0.0,0.0,0.0,1.0,1.0,1.0,1.0,1.0,0.0,1.0,0.0,1.0,0
25091204,EMEF OTILIO CIRAULO,2501807,Bayeux,1,3,0.0,0.0,0.0,0.0,1.0,1.0,1.0,1.0,1.0,0.0,0.0,1.0,1.0,0
25091212,EMEF PASCOAL MASSILIO,2501807,Bayeux,1,3,0.0,0.0,0.0,0.0,1.0,1.0,1.0,1.0,0.0,0.0,0.0,0.0,0.0,--
25091220,EMEF MARIA DAS NEVES LINS,2501807,Bayeux,1,3,0.0,0.0,0.0,0.0,1.0,1.0,1.0,1.0,0.0,0.0,0.0,0.0,0.0,2.1
25091239,EMEF MARIA JOSE PINTO DE LIMA,2501807,Bayeux,1,3,0.0,0.0,0.0,0.0,1.0,1.0,1.0,1.0,1.0,0.0,0.0,0.0,0.0,0
25091255,ESCOLA SONHO ENCANTADO,2501807,Bayeux,1,4,0.0,0.0,0.0,0.0,1.0,0.0,1.0,1.0,1.0,0.0,0.0,0.0,7.0,0
25091298,ESCOLA LAPIS DE COR SANTANA,2501807,Bayeux,1,4,0.0,0.0,0.0,0.0,1.0,0.0,1.0,1.0,1.0,0.0,0.0,0.0,5.0,0
25091360,INSTITUTO DE ENSINO JAIME CAETANO,2501807,Bayeux,1,4,0.0,0.0,0.0,0.0,1.0,0.0,1.0,1.0,1.0,1.0,0.0,0.0,18.0,--
25091409,INST EDUC VENANCIO NETO,2501807,Bayeux,1,4,0.0,0.0,0.0,0.0,1.0,0.0,1.0,1.0,1.0,0.0,0.0,0.0,0.0,0
25091450,INSTITUTO EDUCACIONAL MARANATA,2501807,Bayeux,1,4,0.0,0.0,0.0,0.0,1.0,0.0,1.0,0.0,0.0,0.0,0.0,0.0,0.0,0
25102052,SISTEMA DE EDUCACAO PROGRESSISTA BOM JESUS,2501807,Bayeux,1,4,0.0,0.0,0.0,0.0,1.0,0.0,1.0,1.0,1.0,1.0,1.0,0.0,4.0,0
25102362,CENTRO EDUCACIONAL PEQUENO DAVI,2501807,Bayeux,1,4,0.0,0.0,0.0,0.0,1.0,0.0,1.0,1.0,1.0,0.0,0.0,0.0,0.0,0
25103288,ESCOLA MARTH LUCIA,2501807,Bayeux,1,4,0.0,0.0,0.0,0.0,1.0,0.0,1.0,1.0,1.0,0.0,0.0,0.0,16.0,1.1
25107496,COLEGIO SAO MATEUS,2501807,Bayeux,1,4,0.0,0.0,0.0,0.0,1.0,0.0,1.0,1.0,0.0,0.0,0.0,0.0,0.0,0
25108034,INSTITUTO EDUCACIONAL DA MONICA,2501807,Bayeux,1,4,0.0,0.0,0.0,0.0,1.0,0.0,1.0,1.0,1.0,0.0,0.0,0.0,4.0,0
25109529,EMEF VEREADOR JOAO BELMIRO DOS SANTOS,2501807,Bayeux,1,3,0.0,0.0,0.0,0.0,1.0,1.0,1.0,1.0,1.0,0.0,0.0,0.0,4.0,--
25113046,EMEF DR MOACIR DANTAS,2501807,Bayeux,1,3,0.0,0.0,0.0,0.0,1.0,1.0,1.0,1.0,1.0,0.0,1.0,0.0,9.0,2.6
25113054,EMEF ASSIS CHATEAUBRIAND,2501807,Bayeux,1,3,0.0,0.0,0.0,0.0,1.0,1.0,1.0,1.0,1.0,0.0,1.0,0.0,0.0,3.1
25113062,EMEF AIRTON CIRAULO,2501807,Bayeux,1,3,0.0,0.0,0.0,0.0,1.0,1.0,1.0,1.0,0.0,0.0,0.0,1.0,0.0,0
25113631,EMEF VEREADOR JOAO JACINTO DANTAS,2501807,Bayeux,1,3,0.0,0.0,0.0,0.0,1.0,1.0,1.0,1.0,1.0,0.0,1.0,0.0,3.0,--
25113674,EMEF RITA ALVES,2501807,Bayeux,1,3,0.0,0.0,0.0,0.0,1.0,1.0,1.0,1.0,0.0,0.0,0.0,0.0,0.0,0
25115227,EMEF DOM HELDER CAMARA,2501807,Bayeux,1,3,0.0,0.0,0.0,0.0,1.0,1.0,1.0,1.0,0.0,0.0,0.0,0.0,0.0,--
25119168,INSTITUTO EDUCACIONAL RUTH ROCHA,2501807,Bayeux,1,4,0.0,0.0,0.0,1.0,1.0,0.0,1.0,1.0,1.0,0.0,0.0,0.0,0.0,0
25119222,EMEF SANDRA MARIA CARNEIRO DE SOUZA,2501807,Bayeux,1,3,0.0,0.0,0.0,0.0,1.0,1.0,1.0,1.0,1.0,0.0,1.0,1.0,7.0,0
25119753,ESCOLA CRIANCA ESPERANCA,2501807,Bayeux,1,4,0.0,0.0,0.0,0.0,1.0,0.0,1.0,1.0,1.0,0.0,0.0,1.0,0.0,2.5
25119761,COLEGIO OASIS,2501807,Bayeux,1,4,0.0,0.0,0.0,0.0,1.0,0.0,1.0,1.0,1.0,0.0,0.0,0.0,2.0,0
25121790,CENTRO EDUC ARCO-IRIS,2501807,Bayeux,1,4,0.0,0.0,0.0,0.0,1.0,0.0,1.0,1.0,0.0,0.0,0.0,0.0,0.0,3.9
25122525,EDUC INFANTIL AQUARELA DO SABER,2501807,Bayeux,1,4,0.0,0.0,0.0,0.0,1.0,0.0,1.0,1.0,1.0,0.0,0.0,0.0,0.0,--
25124137,INSTITUTO LAPIS DE CERA,2501807,Bayeux,1,4,0.0,0.0,0.0,0.0,1.0,0.0,1.0,1.0,1.0,0.0,0.0,0.0,0.0,0
25124153,INSTITUTO EDUCACIONAL EL SHADAY,2501807,Bayeux,1,4,0.0,0.0,0.0,0.0,1.0,0.0,1.0,1.0,0.0,0.0,0.0,1.0,0.0,0
25124196,ESCOLINHA RECANTO DO SABER,2501807,Bayeux,1,4,0.0,0.0,0.0,0.0,1.0,0.0,1.0,1.0,0.0,0.0,0.0,0.0,0.0,0
25124340,SISTEMA DE ENSINO EBENEZER,2501807,Bayeux,1,4,0.0,0.0,0.0,0.0,1.0,0.0,1.0,1.0,0.0,0.0,0.0,0.0,8.0,0
25124455,INSTITUTO SANTA MONICA,2501807,Bayeux,1,4,0.0,0.0,0.0,0.0,1.0,0.0,1.0,1.0,0.0,0.0,0.0,0.0,0.0,5.6
25124501,INSTITUTO MACHADO DE ASSIS,2501807,Bayeux,1,4,0.0,0.0,0.0,0.0,1.0,0.0,1.0,1.0,0.0,0.0,0.0,1.0,0.0,0
25124579,INSTITUTO EDUCACIONAL MONTEIRO LOBATO,2501807,Bayeux,1,4,0.0,0.0,0.0,0.0,1.0,0.0,1.0,1.0,0.0,0.0,0.0,0.0,0.0,0
25124846,INSTITUTO EDUCACIONAL CARLOS GOMES,2501807,Bayeux,1,4,0.0,0.0,0.0,0.0,1.0,0.0,1.0,1.0,1.0,0.0,0.0,0.0,1.0,0
25125168,INSTITUTO EDUCACIONAL SHAMAY,2501807,Bayeux,1,4,0.0,0.0,0.0,0.0,1.0,0.0,1.0,1.0,1.0,0.0,0.0,1.0,0.0,0
25125443,INSTITUTO EDUCACIONAL POLEGARZINHO,2501807,Bayeux,1,4,0.0,0.0,0.0,0.0,1.0,0.0,1.0,1.0,0.0,0.0,0.0,0.0,0.0,0
25125877,EMEF JAIDE RODRIGUES MENEZES,2501807,Bayeux,1,3,0.0,0.0,0.0,0.0,1.0,1.0,1.0,1.0,1.0,0.0,0.0,0.0,0.0,1.4
25127098,INSTITUTO EDUCACIONAL JEOVAR SAMA,2501807,Bayeux,1,4,0.0,0.0,0.0,0.0,1.0,0.0,1.0,1.0,0.0,0.0,0.0,0.0,0.0,0
25127152,CENTRO EDUCACIONAL MADRE MICHELE,2501807,Bayeux,1,4,0.0,0.0,0.0,0.0,1.0,0.0,1.0,1.0,1.0,0.0,0.0,0.0,5.0,0.8
25127594,ECIT BAYEUX ERENICE CAVALCANTE FIDELIS,2501807,Bayeux,1,2,0.0,0.0,0.0,0.0,0.0,1.0,1.0,0.0,0.0,0.0,0.0,1.0,12.0,--
25128787,COLEGIO E CURSO LL LTDA,2501807,Bayeux,1,4,0.0,0.0,0.0,0.0,1.0,1.0,1.0,1.0,1.0,0.0,0.0,0.0,12.0,--
25129112,EDUCANDARIO SENA SANTOS,2501807,Bayeux,1,4,0.0,0.0,0.0,0.0,1.0,0.0,1.0,1.0,0.0,0.0,0.0,0.0,0.0,0
25130510,INTENSIVO SISTEMA DE ENSINO EIRELI,2501807,Bayeux,1,4,0.0,0.0,0.0,0.0,1.0,0.0,1.0,1.0,0.0,0.0,0.0,0.0,16.0,0
25132989,ESCOLA FELIZ EM APRENDER,2501807,Bayeux,1,4,0.0,0.0,0.0,0.0,1.0,0.0,1.0,1.0,0.0,0.0,0.0,1.0,6.0,0
25133381,CENTRO DE ENSINO DR PEDRO INACIO DE SANTANA - CEPIS,2501807,Bayeux,1,4,0.0,1.0,0.0,0.0,1.0,0.0,1.0,1.0,0.0,0.0,0.0,0.0,5.0,1.9
25133462,COLEGIO EXTRA KIDS,2501807,Bayeux,1,4,0.0,0.0,0.0,0.0,1.0,0.0,1.0,1.0,0.0,0.0,0.0,0.0,2.0,2
25133489,BRILHAR ESPACO INFANTIL,2501807,Bayeux,1,4,0.0,0.0,0.0,0.0,1.0,1.0,1.0,1.0,0.0,0.0,0.0,0.0,7.0,0
25134833,CEPIS II - CENTRO DE ENSINO DR PEDRO INACIO DE SANTANA,2501807,Bayeux,1,4,0.0,0.0,0.0,0.0,1.0,0.0,1.0,1.0,0.0,0.0,0.0,0.0,0.0,0
25205803,CORALIO SOARES DE OLIVEIRA,2501807,Bayeux,1,4,0.0,0.0,0.0,0.0,1.0,0.0,1.0,1.0,1.0,1.0,1.0,0.0,12.0,--
25250922,EMEF JOANA FORTUNATO DE SOUSA,2501807,Bayeux,1,3,0.0,0.0,0.0,0.0,1.0,1.0,1.0,1.0,1.0,0.0,0.0,0.0,9.0,0
25264923,EDUCANDARIO SANTO ANTONIO,2501807,Bayeux,1,4,0.0,0.0,0.0,0.0,1.0,0.0,1.0,1.0,1.0,0.0,0.0,0.0,10.0,0
25305921,ESCOLA PRIMEIROS DEGRAUS,2501807,Bayeux,1,4,0.0,0.0,0.0,0.0,1.0,0.0,1.0,1.0,0.0,1.0,1.0,0.0,17.0,0.3
25067133,ECIT ENGENHEIRA MARCIA GUEDES ALCOFORADO DE CARVALHO,2501906,Belém,1,2,0.0,0.0,0.0,0.0,1.0,1.0,1.0,1.0,1.0,1.0,1.0,1.0,8.0,--
25067141,EEEFM FELINTO ELIZIO,2501906,Belém,1,2,0.0,0.0,0.0,0.0,1.0,1.0,1.0,0.0,0.0,0.0,0.0,0.0,5.0,--
25067176,EMEIEF SAO JOSE V,2501906,Belém,2,3,0.0,0.0,0.0,1.0,1.0,1.0,1.0,1.0,0.0,0.0,0.0,1.0,0.0,0
25067222,EMEIEF AFONSO ASTROGILDO DE PAULA,2501906,Belém,1,3,0.0,0.0,0.0,0.0,1.0,1.0,1.0,1.0,0.0,0.0,0.0,0.0,5.0,0
25067257,EMEIEF NOSSA SRª DA LUZ,2501906,Belém,2,3,0.0,0.0,0.0,1.0,1.0,1.0,1.0,1.0,0.0,0.0,0.0,1.0,0.0,0
25067265,EMEIEF PROFª ELVIRA SILVEIRA DA COSTA,2501906,Belém,1,3,0.0,0.0,0.0,0.0,1.0,1.0,1.0,1.0,1.0,0.0,0.0,0.0,8.0,0
25067303,EMEIEF DE SUSPIRO,2501906,Belém,2,3,0.0,0.0,0.0,1.0,1.0,1.0,1.0,1.0,0.0,0.0,0.0,1.0,0.0,0
25067338,EMEIEF DE SERRARIA,2501906,Belém,2,3,0.0,0.0,0.0,1.0,1.0,1.0,1.0,1.0,0.0,0.0,0.0,1.0,0.0,0
25067346,EMEIEF DE CAICARINHA,2501906,Belém,2,3,0.0,0.0,0.0,1.0,1.0,1.0,1.0,1.0,1.0,0.0,0.0,0.0,0.0,0
25067354,EMEIEF DE MUFUMBO,2501906,Belém,2,3,0.0,0.0,0.0,1.0,1.0,1.0,1.0,1.0,0.0,0.0,0.0,1.0,0.0,0
25067370,EMEIEF FRANCISCA LEITE BRAGA,2501906,Belém,1,3,0.0,0.0,0.0,0.0,1.0,1.0,1.0,1.0,1.0,0.0,1.0,0.0,1.0,0.4
25107470,EMEIEF DE LAGOA DO CURIMATAU,2501906,Belém,2,3,0.0,0.0,0.0,0.0,1.0,1.0,1.0,1.0,0.0,0.0,0.0,1.0,0.0,0
25110721,EDUCANDARIO ARCO-IRIS,2501906,Belém,1,4,0.0,0.0,0.0,0.0,1.0,0.0,1.0,1.0,0.0,0.0,0.0,0.0,5.0,0
25116088,EMEF ANITA DE MELO BARBOSA LIMA,2501906,Belém,1,3,0.0,0.0,0.0,0.0,1.0,1.0,1.0,1.0,1.0,0.0,0.0,0.0,0.0,--
25119877,EDUCANDARIO AQUARELA,2501906,Belém,1,4,0.0,0.0,0.0,0.0,1.0,0.0,1.0,1.0,0.0,0.0,0.0,0.0,0.0,0
25128957,EDUCAR COLEGIO E CURSO,2501906,Belém,1,4,0.0,0.0,0.0,0.0,1.0,0.0,1.0,1.0,1.0,0.0,1.0,0.0,6.0,0
25302930,EDUCANDARIO JANELINHA DO SABER,2501906,Belém,1,4,0.0,0.0,0.0,0.0,1.0,0.0,1.0,1.0,0.0,0.0,0.0,0.0,0.0,0
25303937,EDUCANDARIO PEDRO CARDOSO,2501906,Belém,1,4,0.0,0.0,0.0,0.0,1.0,0.0,1.0,1.0,1.0,0.0,0.0,0.0,11.0,0
25067435,EMEF ALICE DE MELO VIANA,2501906,Belém,1,3,0.0,0.0,0.0,0.0,1.0,1.0,1.0,1.0,0.0,0.0,0.0,0.0,6.0,0
25067443,EMIEF CLAUDIO CANTALICE VIANA,2501906,Belém,1,3,0.0,0.0,0.0,0.0,1.0,1.0,1.0,1.0,0.0,0.0,0.0,0.0,6.0,0
25000047,ECI NOSSA SENHORA DA CONCEICAO,2502003,Belém do Brejo do Cruz,1,2,0.0,0.0,0.0,0.0,1.0,1.0,1.0,1.0,1.0,1.0,1.0,0.0,0.0,--
25000055,EEEFM AMERICO MAIA,2502003,Belém do Brejo do Cruz,1,2,0.0,0.0,0.0,0.0,1.0,1.0,1.0,1.0,1.0,0.0,1.0,0.0,3.0,--
25000063,EMEIF PREFEITO PLINIO FORTE MAIA,2502003,Belém do Brejo do Cruz,1,3,0.0,0.0,0.0,0.0,1.0,1.0,1.0,1.0,1.0,0.0,0.0,0.0,5.0,0
25000110,ESC MUL FRANCISCO DA CUNHA,2502003,Belém do Brejo do Cruz,1,3,0.0,0.0,0.0,0.0,1.0,1.0,1.0,1.0,0.0,0.0,0.0,0.0,1.0,0
25000160,ESCOLA MEIF PROFESSOR RAIMUNDO SEVERINO ANDRADE,2502003,Belém do Brejo do Cruz,1,3,0.0,0.0,0.0,0.0,0.0,1.0,1.0,1.0,0.0,0.0,0.0,1.0,5.0,0
25000217,ESC MUL FRANCISCA INGRACA DA CONCEICAO,2502003,Belém do Brejo do Cruz,2,3,0.0,0.0,0.0,0.0,1.0,1.0,1.0,1.0,0.0,0.0,0.0,1.0,2.0,0
25000268,GR ESC JOAO MENDES DE ARAUJO,2502003,Belém do Brejo do Cruz,2,3,0.0,0.0,0.0,0.0,1.0,1.0,1.0,1.0,0.0,0.0,0.0,1.0,0.0,0
25000306,EMEF ANA RITA TRIGUEIRO DE FREITAS LINHARES,2502003,Belém do Brejo do Cruz,1,3,0.0,0.0,0.0,0.0,1.0,1.0,1.0,1.0,1.0,0.0,0.0,0.0,12.0,--
25115383,EEIF FATIMA THEREZA LEAO MAIA,2502003,Belém do Brejo do Cruz,1,4,0.0,0.0,0.0,0.0,1.0,0.0,1.0,1.0,1.0,0.0,0.0,0.0,10.0,0
25012193,ECI NELSON BATISTA ALVES,2502052,Bernardino Batista,1,2,0.0,0.0,0.0,0.0,0.0,1.0,1.0,1.0,0.0,0.0,0.0,0.0,6.0,--
25012339,EMEIF JOAO PEDRO JUNIOR,2502052,Bernardino Batista,2,3,0.0,0.0,0.0,0.0,1.0,1.0,1.0,1.0,1.0,0.0,0.0,0.0,3.0,0
25012746,EMEIF MANOEL PEDRO LISBOA,2502052,Bernardino Batista,2,3,0.0,0.0,0.0,0.0,1.0,1.0,1.0,1.0,1.0,0.0,0.0,0.0,5.0,0
25121316,EMEF JOSE BATISTA DE SOUSA,2502052,Bernardino Batista,1,3,0.0,0.0,0.0,0.0,1.0,1.0,1.0,1.0,1.0,0.0,1.0,0.0,16.0,--
25125591,EMEI ERIKA KETHLEN ANDRADE BARBOSA,2502052,Bernardino Batista,1,3,0.0,0.0,0.0,0.0,1.0,1.0,1.0,1.0,1.0,0.0,1.0,0.0,17.0,0
25135392,CRECHE MARIA DO ROZARIO,2502052,Bernardino Batista,2,3,0.0,0.0,0.0,0.0,1.0,1.0,1.0,1.0,1.0,0.0,0.0,0.0,5.0,0
25027557,EMEF EMILIA DINIZ ALVARENGA,2502102,Boa Ventura,1,3,0.0,0.0,0.0,0.0,1.0,1.0,1.0,1.0,1.0,0.0,0.0,0.0,12.0,--
25027573,ECI JOAO CAVALCANTE SULA,2502102,Boa Ventura,1,2,0.0,0.0,0.0,0.0,0.0,1.0,1.0,0.0,0.0,0.0,0.0,1.0,7.0,--
25027603,EMEIF ADERSON HENRIQUES CHAVES,2502102,Boa Ventura,1,3,0.0,0.0,0.0,0.0,1.0,1.0,1.0,1.0,1.0,0.0,0.0,0.0,7.0,0
25027638,EMEIF AUSTEQUILINO ALVES CARVALHO,2502102,Boa Ventura,2,3,0.0,0.0,0.0,0.0,1.0,1.0,1.0,1.0,0.0,0.0,0.0,1.0,1.0,0
25027646,EMEIF BENEDITO BARBOSA,2502102,Boa Ventura,2,3,0.0,0.0,0.0,0.0,1.0,1.0,1.0,1.0,0.0,0.0,0.0,1.0,0.0,0
25027859,EMEIF JOSE INOCENCIO DE SOUSA,2502102,Boa Ventura,2,3,0.0,0.0,0.0,0.0,1.0,1.0,1.0,1.0,0.0,0.0,1.0,0.0,3.0,0
25027867,EMEIF ANTONIO ANGELO DA COSTA,2502102,Boa Ventura,2,3,0.0,0.0,0.0,0.0,1.0,1.0,1.0,1.0,0.0,0.0,0.0,1.0,0.0,0
25027891,E M E I F EUSTAQUIO FARIAS,2502102,Boa Ventura,2,3,0.0,0.0,0.0,0.0,1.0,1.0,1.0,1.0,0.0,0.0,0.0,1.0,3.0,0
25027913,EMEIF OTILIA CAVALCANTE PINTO,2502102,Boa Ventura,2,3,0.0,0.0,0.0,0.0,1.0,1.0,1.0,1.0,0.0,0.0,0.0,0.0,4.0,0
25104888,EMEIF MARIA BARAUNA,2502102,Boa Ventura,1,3,0.0,0.0,0.0,0.0,1.0,1.0,1.0,1.0,1.0,0.0,0.0,0.0,5.0,0
25114271,COLEGIO BATISTA DE BOA VENTURA,2502102,Boa Ventura,1,4,0.0,0.0,0.0,0.0,1.0,0.0,1.0,1.0,1.0,0.0,0.0,0.0,5.0,0
25075918,ECI TEODOSIO DE OLIVEIRA LEDO,2502151,Boa Vista,1,2,0.0,0.0,0.0,0.0,1.0,1.0,1.0,1.0,1.0,1.0,1.0,0.0,0.0,--
25075934,GR ESC FRANCISCO SULPINO DE ARAUJO,2502151,Boa Vista,2,3,0.0,0.0,0.0,0.0,1.0,1.0,1.0,1.0,1.0,0.0,0.0,0.0,3.0,0
25075942,ESCOLA MUNICIPAL JOAO PEREIRA DA COSTA,2502151,Boa Vista,2,3,0.0,0.0,0.0,0.0,1.0,1.0,1.0,1.0,0.0,0.0,0.0,0.0,2.0,0
25076000,ESCOLA MUNICIPAL BENTONIT UNIAO,2502151,Boa Vista,1,3,0.0,0.0,0.0,0.0,1.0,1.0,1.0,1.0,1.0,0.0,1.0,0.0,5.0,0
25076027,ESCOLA MUNICIPAL JOSE PEREIRA DE OLIVEIRA,2502151,Boa Vista,2,3,0.0,0.0,0.0,0.0,1.0,1.0,1.0,1.0,1.0,0.0,1.0,0.0,2.0,0
25076035,ESCOLA MUNICIPAL MANOEL ALVES MONTEIRO,2502151,Boa Vista,2,3,3.0,0.0,0.0,0.0,1.0,1.0,1.0,1.0,1.0,0.0,0.0,0.0,3.0,0
25076051,ESCOLA MUNICIPAL AMERICO PORTO,2502151,Boa Vista,2,3,0.0,0.0,0.0,0.0,1.0,1.0,1.0,1.0,0.0,0.0,0.0,0.0,3.0,0
25076078,EMEIEF PROFESSORA FRANCISCA LEITE VITORINO,2502151,Boa Vista,1,3,0.0,0.0,0.0,0.0,1.0,1.0,1.0,1.0,1.0,0.0,1.0,0.0,14.0,0
25076264,GR ESC SEVERINO TAVARES DA SILVA,2502151,Boa Vista,2,3,0.0,0.0,0.0,0.0,1.0,1.0,1.0,1.0,1.0,0.0,1.0,0.0,6.0,0
25110535,ESCOLA MUNICIPAL DE ENSINO FUNDAMENTAL JOAO LEITE GOMES,2502151,Boa Vista,2,3,0.0,0.0,0.0,0.0,1.0,1.0,1.0,1.0,0.0,0.0,0.0,0.0,2.0,0
25006029,ECI PROFESSOR JOAQUIM UMBELINO,2502201,Bom Jesus,1,2,0.0,0.0,0.0,0.0,1.0,1.0,1.0,1.0,1.0,1.0,0.0,0.0,4.0,--
25006134,EMEIEF MARIA DO CARMO GONCALVES,2502201,Bom Jesus,1,3,0.0,0.0,0.0,0.0,1.0,1.0,1.0,1.0,1.0,0.0,0.0,0.0,10.0,0
25006150,EMEF JOSE ROQUE DE SOUSA,2502201,Bom Jesus,2,3,0.0,0.0,0.0,0.0,1.0,1.0,1.0,1.0,1.0,0.0,0.0,0.0,5.0,0
25103079,EMEIEF JULIO DIAS FERREIRA,2502201,Bom Jesus,2,3,0.0,0.0,0.0,0.0,1.0,1.0,1.0,1.0,0.0,0.0,0.0,0.0,3.0,0
25000349,ECIT PADRE ARISTIDES,2502300,Bom Sucesso,1,2,0.0,0.0,0.0,0.0,1.0,1.0,1.0,1.0,1.0,0.0,1.0,0.0,4.0,--
25000489,ESC MUL CIDADA INTEGRAL DE ENS INF E FUND LAUREANO LEAO DE LIMA,2502300,Bom Sucesso,2,3,0.0,0.0,0.0,0.0,1.0,1.0,1.0,1.0,1.0,0.0,1.0,0.0,11.0,0
25000497,ESCOLA MUNICIPAL BALBINA DE ALMEIDA OLIVEIRA,2502300,Bom Sucesso,1,3,0.0,0.0,0.0,0.0,1.0,1.0,1.0,1.0,1.0,0.0,0.0,0.0,1.0,1.4
25108980,CENTRO EDUCACIONAL OFICINA DO SABER,2502300,Bom Sucesso,1,4,0.0,0.0,0.0,0.0,1.0,0.0,1.0,1.0,1.0,0.0,0.0,0.0,5.0,0
25006223,ECIT MONSENHOR MORAIS,2502409,Bonito de Santa Fé,1,2,0.0,0.0,0.0,1.0,1.0,1.0,1.0,1.0,1.0,1.0,1.0,0.0,0.0,--
25006231,EEEFM JOAQUIM NABUCO,2502409,Bonito de Santa Fé,1,2,0.0,0.0,0.0,0.0,1.0,1.0,1.0,1.0,1.0,0.0,0.0,1.0,0.0,--
25006304,EMEIF PROF AUREA DIAS DE ALMEIDA,2502409,Bonito de Santa Fé,1,3,0.0,0.0,0.0,0.0,1.0,1.0,1.0,1.0,1.0,0.0,1.0,0.0,9.0,0.3
25006827,EMEIF MARIA ALMEIDA DE SOUSA,2502409,Bonito de Santa Fé,1,3,0.0,0.0,0.0,0.0,1.0,1.0,1.0,1.0,1.0,0.0,1.0,0.0,5.0,0
25006835,EMEIF ELIZIO LEONEL DE FRANCA,2502409,Bonito de Santa Fé,2,3,0.0,0.0,0.0,0.0,1.0,1.0,1.0,1.0,0.0,0.0,0.0,0.0,0.0,0
25006878,EMEIF TIBURTINO FEITOSA PALITOT,2502409,Bonito de Santa Fé,2,3,0.0,0.0,0.0,0.0,1.0,1.0,1.0,1.0,0.0,0.0,0.0,0.0,0.0,0
25006908,EMEIF PROF MOZART RODRIGUES,2502409,Bonito de Santa Fé,1,3,0.0,0.0,0.0,0.0,1.0,1.0,1.0,1.0,1.0,0.0,1.0,0.0,8.0,--
25006916,EMEIF SANTINO NITAO DUNGA,2502409,Bonito de Santa Fé,2,3,0.0,0.0,0.0,0.0,1.0,1.0,1.0,1.0,0.0,0.0,0.0,0.0,0.0,0
25006940,EMEIF ALVINO PEREIRA LEITE,2502409,Bonito de Santa Fé,2,3,0.0,0.0,0.0,0.0,1.0,1.0,1.0,1.0,0.0,0.0,0.0,0.0,0.0,0
25006991,EMEIF JOAO CLEMENTINO DE MORAIS,2502409,Bonito de Santa Fé,2,3,0.0,0.0,0.0,0.0,1.0,1.0,1.0,1.0,0.0,0.0,0.0,0.0,0.0,0
25007009,EMEIF PROFESSORA EMILIA PEREIRA DE ARRUDA,2502409,Bonito de Santa Fé,2,3,0.0,0.0,0.0,0.0,1.0,1.0,1.0,1.0,0.0,0.0,0.0,0.0,0.0,0
25007025,EMEIF ANTONIO PEREIRA LEITE,2502409,Bonito de Santa Fé,2,3,0.0,0.0,0.0,0.0,1.0,1.0,1.0,1.0,0.0,0.0,0.0,1.0,0.0,0
25007033,EMEIF PROF JOAO NERY,2502409,Bonito de Santa Fé,2,3,0.0,0.0,0.0,0.0,1.0,1.0,1.0,1.0,0.0,0.0,0.0,0.0,6.0,0
25007041,EMEIF JOSE SOLIDONIO PALITOT,2502409,Bonito de Santa Fé,2,3,0.0,0.0,0.0,0.0,1.0,1.0,1.0,1.0,0.0,0.0,0.0,0.0,0.0,0
25007050,EMEIF MAE NENEN,2502409,Bonito de Santa Fé,2,3,0.0,0.0,0.0,0.0,1.0,1.0,1.0,1.0,0.0,0.0,0.0,0.0,0.0,0
25119621,EDUCANDARIO LIRIO DOS VALES,2502409,Bonito de Santa Fé,1,4,0.0,0.0,0.0,0.0,1.0,0.0,1.0,1.0,1.0,0.0,0.0,0.0,7.0,0
25051580,ECIT CONSELHEIRO JOSE BRAZ DO REGO,2502508,Boqueirão,1,2,0.0,0.0,0.0,0.0,1.0,1.0,1.0,1.0,1.0,1.0,1.0,1.0,0.0,--
25051792,ESC CRIATIVA DA MONICA,2502508,Boqueirão,1,4,0.0,0.0,0.0,0.0,1.0,0.0,1.0,1.0,1.0,0.0,1.0,0.0,20.0,0
25051962,EMEF FRANCISCO OZIAS DE NORMANDIA,2502508,Boqueirão,2,3,0.0,0.0,0.0,0.0,1.0,1.0,1.0,1.0,0.0,0.0,0.0,0.0,0.0,0
25051970,EMEF GOV JOAO AGRIPINO FILHO,2502508,Boqueirão,1,3,0.0,0.0,0.0,0.0,1.0,1.0,1.0,1.0,1.0,0.0,0.0,0.0,2.0,0
25051997,EMEF JOAO ERNESTO DO REGO,2502508,Boqueirão,2,3,0.0,0.0,0.0,0.0,1.0,1.0,1.0,1.0,0.0,0.0,1.0,0.0,0.0,0
25052039,EMEF MANOEL FRANCISCO BARBOSA,2502508,Boqueirão,2,3,0.0,0.0,0.0,0.0,1.0,1.0,1.0,1.0,1.0,0.0,0.0,0.0,0.0,0
25052071,EMEF EUFLAUDIZIA RODRIGUES,2502508,Boqueirão,1,3,0.0,0.0,0.0,0.0,1.0,1.0,1.0,1.0,1.0,0.0,0.0,0.0,4.0,--
25052080,EMEF HENRIQUE JOSE CAVALCANTE,2502508,Boqueirão,2,3,0.0,0.0,0.0,0.0,1.0,1.0,1.0,1.0,0.0,0.0,0.0,0.0,0.0,0
25052101,EMEF JOSE NASCIMENTO DA SILVA,2502508,Boqueirão,2,3,0.0,0.0,0.0,0.0,1.0,1.0,1.0,1.0,1.0,0.0,0.0,0.0,0.0,0
25052110,EMEF MANOEL PEREIRA DA SILVA,2502508,Boqueirão,2,3,0.0,0.0,0.0,0.0,1.0,1.0,1.0,1.0,0.0,0.0,1.0,0.0,0.0,0
25052136,EMEF JOAO BERNARDINO NETO,2502508,Boqueirão,2,3,0.0,0.0,0.0,0.0,1.0,1.0,1.0,0.0,1.0,0.0,0.0,0.0,0.0,0
25052144,EMEF NOSSA SRA DO CARMO,2502508,Boqueirão,2,3,0.0,0.0,0.0,0.0,1.0,1.0,1.0,1.0,0.0,0.0,0.0,0.0,0.0,0
25052152,EMEF VIRGINIUS DA GAMA E MELO,2502508,Boqueirão,1,3,0.0,0.0,0.0,0.0,1.0,1.0,1.0,1.0,1.0,0.0,0.0,0.0,6.0,0
25053060,EMEF JOSE DE SOUSA BARBOSA,2502508,Boqueirão,2,3,0.0,0.0,0.0,0.0,1.0,1.0,1.0,0.0,1.0,0.0,0.0,1.0,0.0,0
25053086,EMEF JOSE FERNANDES DE OLIVEIRA,2502508,Boqueirão,2,3,0.0,0.0,0.0,0.0,1.0,1.0,1.0,1.0,1.0,0.0,0.0,0.0,0.0,0
25104500,EMEF MANOEL ARAUJO COSTA,2502508,Boqueirão,1,3,0.0,0.0,0.0,0.0,1.0,1.0,1.0,1.0,1.0,0.0,1.0,0.0,5.0,0
25117700,EEEFM SEVERINO BARBOSA CAMELO,2502508,Boqueirão,1,2,0.0,0.0,0.0,0.0,1.0,1.0,1.0,1.0,1.0,0.0,1.0,0.0,0.0,--
25120239,EMEF PADRE INACIO,2502508,Boqueirão,1,3,0.0,0.0,0.0,0.0,1.0,1.0,1.0,1.0,1.0,0.0,0.0,0.0,1.0,0
25126903,ESPACO DA CRIANCA,2502508,Boqueirão,1,4,0.0,0.0,0.0,0.0,1.0,0.0,1.0,1.0,1.0,0.0,0.0,0.0,1.0,9.1
25130340,ESCOLA PROFESSORA EDILENE RODRIGUES,2502508,Boqueirão,1,4,0.0,0.0,0.0,0.0,1.0,0.0,1.0,1.0,1.0,0.0,0.0,0.0,12.0,0
25133713,CENTRO EDUCACIONAL SEMEAR,2502508,Boqueirão,1,4,0.0,0.0,0.0,0.0,1.0,0.0,1.0,1.0,0.0,0.0,0.0,0.0,0.0,0
25023845,COLEGIO MUNICIPAL NOSSA SENHORA DOS REMEDIOS,2502607,Igaracy,1,3,0.0,0.0,0.0,0.0,1.0,1.0,1.0,1.0,1.0,0.0,1.0,0.0,6.0,--
25023896,ECI JOSELITA BRASILEIRO,2502607,Igaracy,1,2,0.0,0.0,0.0,0.0,0.0,1.0,1.0,1.0,0.0,1.0,0.0,1.0,12.0,--
25119869,GR MUL MANOEL JACKSON NICACIO ALVES,2502607,Igaracy,1,3,0.0,0.0,0.0,0.0,1.0,1.0,1.0,1.0,1.0,0.0,0.0,0.0,10.0,0.3
25120352,COLEGIO BATISTA DE IGARACY,2502607,Igaracy,1,4,0.0,0.0,0.0,0.0,1.0,0.0,1.0,1.0,1.0,0.0,0.0,0.0,0.0,0
25065513,ECIT EFIGENIO LEITE,2502706,Borborema,1,2,0.0,0.0,0.0,0.0,0.0,1.0,1.0,1.0,0.0,0.0,0.0,1.0,13.0,--
25065521,EMEF JOSE AMANCIO RAMALHO,2502706,Borborema,1,3,0.0,0.0,0.0,0.0,1.0,1.0,1.0,1.0,0.0,0.0,1.0,0.0,0.0,--
25065556,ESC MUL LEONOR RAMALHO,2502706,Borborema,1,3,0.0,0.0,0.0,0.0,1.0,1.0,1.0,1.0,0.0,0.0,0.0,0.0,0.0,0
25065572,ESC MUL SOLON DE LUCENA,2502706,Borborema,2,3,0.0,0.0,0.0,0.0,1.0,1.0,1.0,1.0,0.0,0.0,0.0,0.0,0.0,0
25065580,EMEF EDITH RODRIGUES LEITE,2502706,Borborema,2,3,0.0,0.0,0.0,0.0,1.0,1.0,1.0,1.0,0.0,0.0,0.0,0.0,0.0,0
25065602,ESC MUL RAFAEL DA COSTA MARANHAO,2502706,Borborema,2,3,0.0,0.0,0.0,0.0,1.0,1.0,1.0,1.0,0.0,0.0,0.0,0.0,0.0,0
25065670,EMEF JALDETE GUEDES PEREIRA,2502706,Borborema,1,3,0.0,0.0,0.0,0.0,1.0,1.0,1.0,1.0,0.0,0.0,0.0,0.0,0.0,0
25115332,EMEF FRANCISCO CARDOSO DA SILVA,2502706,Borborema,1,3,0.0,0.0,0.0,0.0,1.0,1.0,1.0,1.0,1.0,0.0,0.0,0.0,0.0,3.7
25125869,EDUCANDARIO BASTOS LTDA,2502706,Borborema,1,4,0.0,0.0,0.0,0.0,1.0,0.0,1.0,1.0,1.0,0.0,0.0,0.0,0.0,1.9
25133535,INSTITUTO PAI E FILHA,2502706,Borborema,1,4,0.0,0.0,0.0,0.0,1.0,0.0,1.0,1.0,0.0,0.0,0.0,0.0,0.0,--
25000640,ECIT PROFESSOR JOSE OLIMPIO MAIA,2502805,Brejo do Cruz,1,2,0.0,0.0,0.0,0.0,1.0,1.0,1.0,1.0,1.0,1.0,1.0,0.0,0.0,--
25000659,EEEM ANTONIO GOMES,2502805,Brejo do Cruz,1,2,0.0,0.0,0.0,0.0,1.0,1.0,1.0,1.0,1.0,0.0,0.0,0.0,5.0,--
25000691,E M E F PROFESSORA TEREZINHA GARCIA PEREIRA,2502805,Brejo do Cruz,1,3,0.0,0.0,0.0,0.0,1.0,1.0,1.0,1.0,1.0,0.0,1.0,0.0,14.0,0
25000780,E M E F CONEGO SANDOVAL,2502805,Brejo do Cruz,1,3,0.0,0.0,0.0,0.0,1.0,1.0,1.0,1.0,1.0,0.0,0.0,0.0,7.0,0
25001027,E M E F FRANCISCA GOMES BATISTA,2502805,Brejo do Cruz,1,3,0.0,0.0,0.0,0.0,1.0,1.0,1.0,1.0,0.0,0.0,1.0,0.0,5.0,0
25001043,E M E F JOAO TARGINO DA SILVA,2502805,Brejo do Cruz,2,3,0.0,0.0,0.0,0.0,1.0,1.0,1.0,1.0,0.0,0.0,0.0,0.0,2.0,0
25001078,E M E F JOSUE ALVES DE AZEVEDO,2502805,Brejo do Cruz,1,3,0.0,0.0,0.0,0.0,1.0,1.0,1.0,1.0,1.0,0.0,1.0,0.0,11.0,0
25001108,E M E F PROFESSOR MANOEL TORRES,2502805,Brejo do Cruz,1,3,0.0,0.0,0.0,0.0,1.0,1.0,1.0,1.0,1.0,1.0,1.0,0.0,13.0,0
25001183,E M E F SEVERINO FERREIRA DE LIMA,2502805,Brejo do Cruz,2,3,0.0,0.0,0.0,0.0,1.0,1.0,1.0,1.0,0.0,0.0,0.0,0.0,2.0,0
25102197,ELZIMAR OLIVEIRA FERNANDES ME,2502805,Brejo do Cruz,1,4,0.0,0.0,0.0,0.0,1.0,0.0,1.0,1.0,0.0,0.0,0.0,0.0,9.0,0
25118609,E M E F LINO DANTAS,2502805,Brejo do Cruz,2,3,0.0,0.0,0.0,0.0,1.0,1.0,1.0,1.0,1.0,1.0,1.0,0.0,5.0,0
25001469,EMEF ELIZIARIO LUIZ DA COSTA,2502904,Brejo dos Santos,1,3,0.0,0.0,0.0,0.0,1.0,1.0,1.0,1.0,0.0,0.0,0.0,0.0,3.0,0
25001477,ECI PROFESSORA DIVA GUEDES DE ARAUJO,2502904,Brejo dos Santos,1,2,0.0,0.0,0.0,0.0,1.0,1.0,1.0,0.0,1.0,1.0,1.0,0.0,0.0,--
25001493,EMEF ARAO TEODOMIRO DE SOUSA,2502904,Brejo dos Santos,1,3,0.0,0.0,0.0,0.0,1.0,1.0,1.0,1.0,1.0,0.0,1.0,0.0,9.0,--
25001604,EMEF DEOCLECIO JOSE DE OLIVEIRA,2502904,Brejo dos Santos,2,3,0.0,0.0,0.0,0.0,1.0,1.0,1.0,1.0,0.0,0.0,0.0,0.0,0.0,0
25001655,EMEF LUCAS FERREIRA DE ANDRADE,2502904,Brejo dos Santos,1,3,0.0,0.0,0.0,0.0,1.0,1.0,1.0,1.0,1.0,0.0,0.0,0.0,5.0,0
25001663,EMEF CIPRIANO CARDOSO DOS SANTOS,2502904,Brejo dos Santos,2,3,0.0,0.0,0.0,0.0,1.0,1.0,1.0,1.0,1.0,0.0,0.0,0.0,0.0,0
25001698,EMEF MANOEL ADELINO,2502904,Brejo dos Santos,2,3,0.0,0.0,0.0,0.0,1.0,1.0,1.0,1.0,0.0,0.0,0.0,0.0,2.0,0
25001710,EMEF SERAFIM BALTAZAR,2502904,Brejo dos Santos,2,3,0.0,0.0,0.0,0.0,1.0,1.0,1.0,1.0,0.0,0.0,0.0,0.0,0.0,0
25115693,COLEGIO PRINCIPIO DO SABER,2502904,Brejo dos Santos,1,4,0.0,0.0,0.0,0.0,1.0,0.0,1.0,1.0,1.0,0.0,1.0,0.0,12.0,0
25100475,EMEFM ADAUTO VIANA,2503001,Caaporã,1,3,0.0,0.0,0.0,0.0,1.0,1.0,1.0,1.0,1.0,0.0,1.0,0.0,13.0,0.4
25100491,ESCOLA MUN ANTONIO GALDINO,2503001,Caaporã,2,3,0.0,0.0,0.0,0.0,1.0,1.0,1.0,1.0,1.0,0.0,1.0,0.0,0.0,0
25100505,ESCOLA MUNICIPAL ANTONIO VELOSO,2503001,Caaporã,1,3,0.0,0.0,0.0,0.0,1.0,1.0,1.0,1.0,1.0,0.0,0.0,0.0,0.0,0
25100513,ESCOLA MUN ARLETE ALVES DE LIMA,2503001,Caaporã,2,3,0.0,0.0,0.0,0.0,1.0,1.0,1.0,1.0,0.0,0.0,1.0,0.0,0.0,0
25100530,ESCOLA MUN ENEAS POSSIDONIO,2503001,Caaporã,2,3,0.0,0.0,0.0,0.0,1.0,1.0,1.0,1.0,1.0,1.0,1.0,0.0,1.0,0
25100548,ESCOLA MUN EPITACIO PESSOA,2503001,Caaporã,1,3,0.0,0.0,0.0,0.0,1.0,1.0,1.0,1.0,1.0,0.0,0.0,0.0,0.0,0
25100564,ESCOLA MUN JOSE MARIA BANDEIRA,2503001,Caaporã,2,3,1.0,0.0,0.0,0.0,1.0,1.0,1.0,1.0,0.0,0.0,1.0,0.0,0.0,0
25100629,ESCOLA MUN SEVERINA HELENA DOS SANTOS VELOSO,2503001,Caaporã,1,3,0.0,0.0,0.0,0.0,1.0,1.0,1.0,1.0,1.0,1.0,1.0,0.0,13.0,0.9
25115316,EMEF PROFª RITA ARAUJO DA SILVA,2503001,Caaporã,1,3,0.0,0.0,0.0,0.0,1.0,1.0,1.0,1.0,1.0,0.0,0.0,0.0,0.0,0
25120751,ECIT AURICELIA MARIA DA COSTA,2503001,Caaporã,1,2,0.0,0.0,0.0,0.0,1.0,1.0,1.0,0.0,1.0,1.0,1.0,1.0,0.0,--
25121340,INSTITUTO EDUCACIONAL ARCO IRIS,2503001,Caaporã,1,4,0.0,0.0,0.0,0.0,1.0,0.0,1.0,1.0,1.0,0.0,0.0,0.0,10.0,0
25126946,COLEGIO SANTOS NAZARIO,2503001,Caaporã,1,4,0.0,0.0,0.0,0.0,1.0,0.0,1.0,1.0,1.0,0.0,1.0,0.0,15.0,0
25132156,EMEF VEREADOR MANOEL RICARDO DE ALBUQUERQUE,2503001,Caaporã,1,3,0.0,0.0,0.0,0.0,1.0,1.0,1.0,1.0,0.0,0.0,0.0,0.0,6.0,--
25133799,ESCOLA EDUCANDARIO EBENEZER,2503001,Caaporã,1,4,0.0,0.0,0.0,0.0,1.0,0.0,1.0,1.0,0.0,0.0,0.0,0.0,0.0,0
25255924,EMEF PROF EUNICE NAZARIO DE OLIVEIRA,2503001,Caaporã,1,3,0.0,0.0,0.0,0.0,1.0,1.0,1.0,1.0,1.0,0.0,0.0,0.0,0.0,0
25100459,EEEM ALBERTO LUNDGREN,2503001,Caaporã,1,2,0.0,0.0,0.0,0.0,0.0,1.0,1.0,0.0,0.0,0.0,0.0,1.0,0.0,--
25100556,ESCOLA MUN HERMELICIA COELHO,2503001,Caaporã,2,3,0.0,0.0,0.0,0.0,1.0,1.0,1.0,1.0,0.0,0.0,0.0,0.0,0.0,0
25100572,ESCOLA MUN MARIA DO CARMO RODRIGUES,2503001,Caaporã,2,3,0.0,0.0,0.0,0.0,1.0,1.0,1.0,1.0,0.0,0.0,0.0,1.0,0.0,0
25100580,ESCOLA MUN MARIA EMILIA VALENCA,2503001,Caaporã,2,3,0.0,0.0,0.0,0.0,1.0,1.0,1.0,1.0,1.0,0.0,1.0,0.0,0.0,0
25100602,ESCOLA MUN MUITOS RIOS,2503001,Caaporã,2,3,1.0,0.0,0.0,0.0,1.0,1.0,1.0,1.0,0.0,0.0,0.0,0.0,0.0,0
25132423,EMEF VEREADOR DORGIVAL SILVINO DA SILVEIRA,2503001,Caaporã,2,3,0.0,0.0,0.0,0.0,1.0,1.0,1.0,1.0,1.0,1.0,0.0,0.0,0.0,1.2
25053124,ECIT ALCIDES BEZERRA,2503100,Cabaceiras,1,2,0.0,0.0,0.0,0.0,1.0,1.0,1.0,1.0,0.0,0.0,1.0,0.0,0.0,--
25053159,EEEFM CLOVIS PEDROSA,2503100,Cabaceiras,2,2,0.0,0.0,0.0,0.0,1.0,1.0,1.0,1.0,0.0,0.0,0.0,0.0,0.0,--
25053230,EMEF INACIO GOMES MEIRA,2503100,Cabaceiras,2,3,0.0,0.0,0.0,0.0,1.0,1.0,1.0,1.0,1.0,0.0,0.0,0.0,7.0,0
25053400,ESCOLA MUNICIPAL DE ENSINO FUNDAMENTAL MARIA NEULY DOURADO,2503100,Cabaceiras,1,3,0.0,0.0,0.0,0.0,1.0,1.0,1.0,1.0,1.0,0.0,1.0,0.0,12.0,0
25114093,EMEF ABDIAS AIRES DE QUEIROZ,2503100,Cabaceiras,1,3,0.0,0.0,0.0,0.0,1.0,1.0,1.0,1.0,1.0,1.0,1.0,0.0,10.0,--
25122100,EMEF JOAO FRANCISCO DA MOTTA,2503100,Cabaceiras,2,3,0.0,0.0,0.0,0.0,1.0,1.0,1.0,1.0,1.0,0.0,0.0,0.0,6.0,0
25091549,ECIT JOSE GUEDES CAVALCANTE,2503209,Cabedelo,1,2,0.0,0.0,0.0,0.0,0.0,1.0,1.0,0.0,0.0,0.0,0.0,1.0,0.0,--
25091565,EEEF AUGUSTO SEVERO,2503209,Cabedelo,1,2,0.0,0.0,0.0,0.0,0.0,1.0,1.0,0.0,0.0,0.0,0.0,1.0,0.0,--
25091573,EEEFM JOAO XXIII,2503209,Cabedelo,1,2,0.0,0.0,0.0,0.0,0.0,1.0,1.0,0.0,0.0,0.0,0.0,1.0,1.0,--
25091603,EEEM PEDRO AMERICO,2503209,Cabedelo,1,2,0.0,0.0,0.0,0.0,1.0,1.0,1.0,1.0,1.0,0.0,1.0,0.0,0.0,--
25091611,EEEM PROFESSOR PEDRO ANIBAL MOURA,2503209,Cabedelo,1,2,0.0,0.0,0.0,0.0,0.0,1.0,1.0,0.0,0.0,0.0,0.0,1.0,7.0,--
25091620,ECIT ABREU E LIMA,2503209,Cabedelo,1,2,0.0,0.0,0.0,0.0,0.0,1.0,1.0,0.0,0.0,0.0,0.0,1.0,0.0,--
25091638,ECI IMACULADA CONCEICAO,2503209,Cabedelo,1,2,0.0,0.0,0.0,0.0,0.0,1.0,1.0,0.0,0.0,0.0,0.0,1.0,7.0,--
25091646,EEEF PADRE ANTONIO VIEIRA,2503209,Cabedelo,1,2,0.0,0.0,0.0,0.0,0.0,1.0,1.0,0.0,0.0,0.0,0.0,1.0,3.0,0
25091654,EEEF SAO JUDAS TADEU,2503209,Cabedelo,1,2,0.0,0.0,0.0,0.0,1.0,1.0,1.0,1.0,1.0,0.0,0.0,0.0,5.0,6.3
25091662,ESC MUL ADJUTO CARLOS DE MORAIS,2503209,Cabedelo,1,3,0.0,0.0,0.0,0.0,1.0,1.0,1.0,1.0,1.0,0.0,0.0,0.0,8.0,0
25091670,ESC MUL AGRIPINO JOSE DE MORAES,2503209,Cabedelo,1,3,0.0,0.0,0.0,0.0,1.0,1.0,1.0,1.0,1.0,0.0,0.0,0.0,3.0,0
25091689,ESC MUL ANTONIO VIANA DA SILVA,2503209,Cabedelo,1,3,0.0,0.0,0.0,0.0,1.0,1.0,1.0,1.0,1.0,0.0,0.0,1.0,7.0,0
25091697,ESC MUN DAMASIO FRANCA DE MACEDO,2503209,Cabedelo,1,3,0.0,0.0,0.0,0.0,1.0,1.0,1.0,1.0,0.0,0.0,0.0,1.0,5.0,0
25091700,ESC MUL EDEZIO REZENDE PEREIRA,2503209,Cabedelo,1,3,0.0,0.0,0.0,0.0,1.0,1.0,1.0,1.0,0.0,0.0,0.0,1.0,5.0,0
25091719,ESC MUL HILDEBRANDO DA SILVA,2503209,Cabedelo,1,3,0.0,0.0,0.0,0.0,1.0,1.0,1.0,1.0,0.0,0.0,0.0,1.0,5.0,0
25091727,ESC MUL JOAO ROBERTO B DE SOUZA,2503209,Cabedelo,1,3,0.0,0.0,0.0,0.0,1.0,1.0,1.0,1.0,0.0,0.0,0.0,1.0,5.0,0
25091735,ESCOLA MUNICIPAL MAJOR ADOLFO PEREIRA MAIA,2503209,Cabedelo,1,3,0.0,0.0,0.0,0.0,1.0,1.0,1.0,1.0,0.0,0.0,0.0,0.0,8.0,0
25091743,ECIM - MARIA JOSE DE MIRANDA BURITY,2503209,Cabedelo,1,3,0.0,0.0,0.0,0.0,1.0,1.0,1.0,1.0,1.0,0.0,0.0,0.0,10.0,0
25091751,ESCOLA MUNICIPAL MARIA PESSOA CAVALCANTI,2503209,Cabedelo,1,3,0.0,0.0,0.0,0.0,1.0,1.0,1.0,1.0,1.0,0.0,0.0,0.0,7.0,--
25091760,ESC MUL PAULINO SIQUEIRA,2503209,Cabedelo,1,3,0.0,0.0,0.0,0.0,1.0,1.0,1.0,1.0,1.0,0.0,0.0,0.0,5.0,--
25091786,ESC MUL ROSA FIGUEIREDO DE LIMA,2503209,Cabedelo,1,3,0.0,0.0,0.0,0.0,1.0,1.0,1.0,1.0,1.0,0.0,1.0,0.0,6.0,--
25091794,ESC MUL VEREADOR PEDRO AMERICO DA SILVA,2503209,Cabedelo,1,3,0.0,0.0,0.0,0.0,1.0,1.0,1.0,1.0,1.0,0.0,0.0,0.0,10.0,0
25104772,ESCOLA MUNICIPAL PROFESSOR ALTIMAR DE ALENCAR PIMENTEL,2503209,Cabedelo,1,3,0.0,0.0,0.0,0.0,1.0,1.0,1.0,1.0,1.0,0.0,0.0,0.0,9.0,0
25107925,ESC MUL PROFª ELIZABETH FERREIRA DA SILVA,2503209,Cabedelo,1,3,0.0,0.0,0.0,0.0,1.0,1.0,1.0,1.0,1.0,0.0,0.0,0.0,10.0,0
25107933,ESC MUL MARIA DAS GRACAS CARLOS REZENDE,2503209,Cabedelo,1,3,0.0,0.0,0.0,0.0,1.0,1.0,1.0,1.0,1.0,0.0,0.0,0.0,9.0,0
25110365,INSTITUTO EDUCACIONAL JESUS DE NAZARE,2503209,Cabedelo,1,4,0.0,0.0,0.0,0.0,1.0,0.0,1.0,1.0,0.0,0.0,0.0,0.0,12.0,0
25112988,ESC MUL MARIA JOSE VERISSIMO DE ANDRADE,2503209,Cabedelo,1,3,0.0,0.0,0.0,0.0,1.0,1.0,1.0,1.0,0.0,0.0,0.0,0.0,1.0,0
25122410,EMEF MARIZELDA LIRA DA SILVA,2503209,Cabedelo,1,3,0.0,0.0,0.0,0.0,1.0,1.0,1.0,1.0,1.0,0.0,1.0,0.0,6.0,--
25125460,INSTITUTO EDUCACIONAL NOVO CAMINHO FLORESCER,2503209,Cabedelo,1,4,0.0,0.0,0.0,0.0,1.0,0.0,1.0,1.0,1.0,0.0,0.0,0.0,9.0,0
25125516,ESCOLA MUNICIPAL SILVANA OLIVEIRA PONTES,2503209,Cabedelo,1,3,0.0,0.0,0.0,0.0,1.0,1.0,1.0,1.0,0.0,0.0,0.0,0.0,5.0,0
25125524,ESCOLA MUNICIPAL PROFª EDLENE DE OLIVEIRA BARBOSA,2503209,Cabedelo,1,3,0.0,0.0,0.0,0.0,1.0,1.0,1.0,1.0,1.0,0.0,0.0,0.0,6.0,0
25125664,CENTRO INTEGRADO IMACULADA CONCEICAO,2503209,Cabedelo,1,3,0.0,0.0,0.0,0.0,1.0,1.0,1.0,1.0,1.0,0.0,0.0,0.0,9.0,0
25127101,COLEGIO QUESTAO DE INTELIGENCIA - INTERMARES,2503209,Cabedelo,1,4,0.0,0.0,0.0,0.0,1.0,0.0,1.0,1.0,1.0,1.0,0.0,0.0,12.0,0
25127403,CENTRO EDUCACIONAL FRANCISCO DE SOUZA,2503209,Cabedelo,1,4,0.0,0.0,0.0,0.0,1.0,0.0,1.0,1.0,1.0,0.0,0.0,0.0,2.0,0
25128370,IFPB - CAMPUS CABEDELO CENTRO,2503209,Cabedelo,1,1,0.0,0.0,0.0,0.0,1.0,1.0,1.0,1.0,1.0,0.0,0.0,0.0,8.0,--
25132415,INSTITUTO EDUCACIONAL INVICTUS LTDA,2503209,Cabedelo,1,4,0.0,0.0,0.0,0.0,1.0,0.0,1.0,1.0,1.0,0.0,1.0,0.0,12.0,0
25282921,IFPB - CAMPUS CABEDELO,2503209,Cabedelo,1,1,0.0,0.0,0.0,0.0,1.0,1.0,1.0,1.0,1.0,1.0,1.0,0.0,24.0,--
25303929,COLEGIO SAGRADA FAMILIA,2503209,Cabedelo,1,4,0.0,0.0,0.0,0.0,1.0,0.0,1.0,1.0,1.0,0.0,0.0,0.0,0.0,0
25091778,ESCOLA MUNICIPAL PLACIDO DE ALMEIDA,2503209,Cabedelo,1,3,0.0,0.0,0.0,0.0,1.0,1.0,1.0,1.0,0.0,0.0,0.0,1.0,9.0,0.5
25007092,ECI PROFESSOR ADALBERTO DE SOUSA OLIVEIRA,2503308,Cachoeira dos Índios,1,2,0.0,0.0,0.0,0.0,1.0,1.0,1.0,1.0,1.0,1.0,1.0,0.0,8.0,--
25007246,EMEIF LINDALVA CLAUDINO MARTINS,2503308,Cachoeira dos Índios,2,3,0.0,0.0,0.0,0.0,1.0,1.0,1.0,1.0,1.0,0.0,0.0,0.0,4.0,0
25007327,EMEIEF MARIA CANDIDO DE OLIVEIRA,2503308,Cachoeira dos Índios,1,3,0.0,0.0,0.0,0.0,1.0,1.0,1.0,1.0,1.0,1.0,1.0,0.0,24.0,0.7
25007394,EMEIF JOAO IZIDRO DE SOUZA,2503308,Cachoeira dos Índios,2,3,0.0,0.0,0.0,0.0,1.0,1.0,1.0,1.0,1.0,0.0,0.0,0.0,8.0,0
25127004,ESCOLA DE ENSINO INFANTIL E ENSINO FUNDAMENTAL PEQUENO APRENDIZ,2503308,Cachoeira dos Índios,1,4,0.0,0.0,0.0,0.0,1.0,0.0,1.0,1.0,1.0,0.0,0.0,0.0,4.0,0
25301942,EEIF NOSSA SENHORA APARECIDA,2503308,Cachoeira dos Índios,1,4,0.0,0.0,0.0,0.0,1.0,0.0,1.0,1.0,1.0,0.0,0.0,0.0,8.0,0
25007483,EMEIEF DANIEL GONCALVES LUSTOSA,2503308,Cachoeira dos Índios,2,3,0.0,0.0,0.0,0.0,1.0,1.0,1.0,1.0,1.0,0.0,0.0,0.0,3.0,0
25019813,ECI ALDO SATIRO XAVIER,2503407,Cacimba de Areia,1,2,0.0,0.0,0.0,0.0,1.0,1.0,1.0,1.0,0.0,1.0,0.0,1.0,0.0,--
25019880,GRUPO ESCOLAR ANTONIO CRESPO,2503407,Cacimba de Areia,2,3,0.0,0.0,0.0,0.0,1.0,1.0,1.0,0.0,0.0,0.0,0.0,1.0,2.0,0
25019996,GRUPO ESCOLAR LUZIA BORGES,2503407,Cacimba de Areia,2,3,0.0,0.0,0.0,0.0,1.0,1.0,1.0,0.0,0.0,0.0,0.0,1.0,2.0,0
25020013,ESCOLA MUNICIPAL DE ENSINO FUNDAMENTAL E MEDIO DONA CAPITULINA SATIRO,2503407,Cacimba de Areia,1,3,0.0,0.0,0.0,0.0,1.0,1.0,1.0,1.0,1.0,0.0,0.0,0.0,11.0,0
25020021,GRUPO ESCOLAR DOUTOR JOSE DUARTE DANTAS,2503407,Cacimba de Areia,2,3,0.0,0.0,0.0,0.0,1.0,1.0,1.0,0.0,0.0,0.0,0.0,1.0,2.0,0
25020048,GRUPO ESCOLAR JOSE CAMPOS FILHO,2503407,Cacimba de Areia,2,3,0.0,0.0,0.0,0.0,1.0,1.0,1.0,0.0,0.0,0.0,0.0,0.0,2.0,0
25059610,EEEF PERILO DE OLIVEIRA,2503506,Cacimba de Dentro,1,2,0.0,0.0,0.0,0.0,1.0,1.0,1.0,0.0,0.0,0.0,0.0,1.0,0.0,--
25059629,ECI HUMBERTO LUCENA,2503506,Cacimba de Dentro,1,2,0.0,0.0,0.0,0.0,1.0,1.0,1.0,1.0,1.0,1.0,1.0,0.0,0.0,--
25059670,EMEF ANTONIO FELIX DE LIMA,2503506,Cacimba de Dentro,2,3,0.0,0.0,0.0,0.0,1.0,1.0,1.0,1.0,1.0,0.0,0.0,0.0,0.0,0
25059726,EMEF GERONCIO MARQUES DE MELO,2503506,Cacimba de Dentro,2,3,0.0,0.0,0.0,0.0,1.0,1.0,1.0,0.0,0.0,0.0,0.0,0.0,0.0,0
25059777,EMEF MANOEL JOSE DA CUNHA,2503506,Cacimba de Dentro,2,3,0.0,0.0,0.0,0.0,1.0,1.0,1.0,1.0,1.0,0.0,0.0,0.0,0.0,0
25059793,EMEF ODILON EDISIO LIMA,2503506,Cacimba de Dentro,1,3,0.0,0.0,0.0,0.0,1.0,1.0,1.0,1.0,0.0,0.0,0.0,0.0,0.0,0.9
25059823,EMEF JOSE JOAQUIM DO NASCIMENTO,2503506,Cacimba de Dentro,2,3,0.0,0.0,0.0,0.0,1.0,1.0,1.0,1.0,0.0,0.0,0.0,0.0,0.0,0
25059840,EMEF SENADOR RUY CARNEIRO,2503506,Cacimba de Dentro,2,3,0.0,0.0,0.0,0.0,1.0,1.0,1.0,1.0,0.0,0.0,0.0,0.0,0.0,0
25059858,EMEF BARREIROS II,2503506,Cacimba de Dentro,2,3,0.0,0.0,0.0,0.0,1.0,1.0,1.0,0.0,0.0,0.0,0.0,1.0,0.0,0
25059874,EMEF HIGINO FERNANDES DE LINHARES,2503506,Cacimba de Dentro,2,3,0.0,0.0,0.0,0.0,1.0,1.0,1.0,1.0,0.0,0.0,0.0,0.0,0.0,0
25059882,EMEF ARNOUD DANTAS DO NASCIMENTO,2503506,Cacimba de Dentro,1,3,0.0,0.0,0.0,0.0,1.0,1.0,1.0,1.0,1.0,0.0,0.0,0.0,4.0,0
25059920,EMEF PEDRO GOMES DE ALMEIDA,2503506,Cacimba de Dentro,2,3,0.0,0.0,0.0,0.0,1.0,1.0,1.0,1.0,1.0,0.0,0.0,0.0,0.0,0
25059939,EMEF BASILIO TRINDADE DE SENA,2503506,Cacimba de Dentro,2,3,0.0,0.0,0.0,0.0,1.0,1.0,1.0,0.0,0.0,0.0,0.0,0.0,0.0,0
25059947,EMEF DE MIUM,2503506,Cacimba de Dentro,2,3,0.0,0.0,0.0,0.0,1.0,1.0,1.0,1.0,1.0,0.0,0.0,0.0,1.0,0
25059980,EMEF PRES JOSE SARNEY,2503506,Cacimba de Dentro,2,3,0.0,0.0,0.0,0.0,1.0,1.0,1.0,1.0,1.0,0.0,0.0,0.0,0.0,0
25113003,ESCOLA SAO BENTO,2503506,Cacimba de Dentro,1,4,0.0,0.0,0.0,0.0,1.0,0.0,1.0,1.0,1.0,0.0,1.0,0.0,2.0,0
25113267,INSTITUTO OASIS,2503506,Cacimba de Dentro,1,4,0.0,0.0,0.0,0.0,1.0,0.0,1.0,1.0,1.0,0.0,0.0,0.0,0.0,0
25116096,EMEF ANTONIO GOMES DE SOUSA,2503506,Cacimba de Dentro,1,3,0.0,0.0,0.0,0.0,1.0,1.0,1.0,1.0,1.0,0.0,0.0,0.0,1.0,--
25116100,EMEF BENJAMIM GOMES MARANHAO,2503506,Cacimba de Dentro,1,3,0.0,0.0,0.0,0.0,1.0,1.0,1.0,1.0,0.0,0.0,0.0,0.0,0.0,0
25120301,EMEF MARIA APARECIDA GOMES DE SOUSA,2503506,Cacimba de Dentro,1,3,0.0,0.0,0.0,0.0,1.0,1.0,1.0,1.0,1.0,0.0,0.0,0.0,2.0,--
25122908,EEEM PEDRO TARGINO DA COSTA MOREIRA,2503506,Cacimba de Dentro,1,2,0.0,0.0,0.0,0.0,0.0,1.0,1.0,0.0,0.0,0.0,0.0,1.0,1.0,--
25126776,EMEF POETA RONALDO CUNHA LIMA,2503506,Cacimba de Dentro,1,3,0.0,1.0,0.0,0.0,1.0,1.0,1.0,1.0,1.0,0.0,0.0,1.0,3.0,0
25128493,EDUCANDARIO PRIMEIROS PASSOS,2503506,Cacimba de Dentro,1,4,0.0,0.0,0.0,0.0,1.0,0.0,1.0,1.0,0.0,0.0,0.0,0.0,0.0,0
25033794,ECIT PEDRO TERTO DA CUNHA,2503555,Cacimbas,1,2,0.0,0.0,0.0,0.0,1.0,1.0,1.0,1.0,1.0,0.0,0.0,0.0,0.0,--
25033883,EMEF JOAQUIM CASSIANO ALVES,2503555,Cacimbas,2,3,3.0,0.0,0.0,0.0,1.0,1.0,1.0,1.0,1.0,0.0,0.0,1.0,0.0,0
25033930,EMEIEF MANOEL ALEXANDRE ARAUJO,2503555,Cacimbas,2,3,0.0,0.0,0.0,0.0,1.0,1.0,1.0,1.0,0.0,0.0,0.0,1.0,0.0,0
25033948,EMEF VEREADOR MANOEL DE ALMEIDA,2503555,Cacimbas,2,3,0.0,0.0,0.0,0.0,1.0,1.0,1.0,1.0,1.0,0.0,0.0,0.0,0.0,0
25034022,EMEIF AGOSTINHO JUSTO DE SOUZA,2503555,Cacimbas,2,3,0.0,0.0,0.0,0.0,1.0,1.0,1.0,1.0,1.0,0.0,0.0,0.0,0.0,0
25034065,EMEIEF JOAO HELENO DE MARIA,2503555,Cacimbas,2,3,0.0,0.0,0.0,0.0,1.0,1.0,1.0,1.0,1.0,0.0,0.0,0.0,0.0,0
25034103,EMEIEF RAIMUNDO PEREIRA,2503555,Cacimbas,2,3,0.0,0.0,0.0,0.0,1.0,1.0,1.0,1.0,0.0,0.0,0.0,0.0,0.0,0
25034111,EMEF TERTULINO CUNHA,2503555,Cacimbas,1,3,0.0,0.0,0.0,0.0,1.0,1.0,1.0,1.0,1.0,0.0,0.0,0.0,13.0,0
25106813,EMEF GABRIEL ALVES TEIXEIRA,2503555,Cacimbas,2,3,0.0,0.0,0.0,0.0,1.0,1.0,1.0,1.0,0.0,0.0,0.0,0.0,0.0,0
25132695,EMEIF QUILOMBOLA JOSE INACIO DO CARMO,2503555,Cacimbas,2,3,3.0,0.0,0.0,0.0,1.0,1.0,1.0,1.0,1.0,0.0,0.0,1.0,0.0,0
25067460,ECIT PROFESSORA MARIA GERTRUDES DE CARVALHO NEVES,2503605,Caiçara,1,2,0.0,0.0,0.0,0.0,1.0,1.0,1.0,1.0,1.0,1.0,1.0,0.0,10.0,--
25067575,EMEF JOAO ALVES DE CARVALHO,2503605,Caiçara,1,3,0.0,0.0,0.0,0.0,1.0,1.0,1.0,1.0,1.0,0.0,0.0,0.0,10.0,--
25067613,EMEF PEDRO PEREIRA DA SILVA,2503605,Caiçara,2,3,0.0,0.0,0.0,0.0,1.0,1.0,1.0,1.0,0.0,0.0,0.0,1.0,0.0,0
25067664,EMEF MARGARIDA FERNANDES DE OLIVEIRA,2503605,Caiçara,2,3,0.0,0.0,0.0,0.0,1.0,1.0,1.0,1.0,0.0,0.0,0.0,0.0,0.0,0
25104284,EDUCANDARIO NUCLEO INFANTIL ARCO-IRIS,2503605,Caiçara,1,4,0.0,0.0,0.0,0.0,1.0,0.0,1.0,1.0,1.0,0.0,0.0,0.0,7.0,0
25107240,PRE-ESCOLAR MUNICIPAL TIO PATINHAS,2503605,Caiçara,1,3,0.0,0.0,0.0,0.0,1.0,1.0,1.0,1.0,0.0,0.0,1.0,1.0,4.0,0
25110322,EMEF SEMEAO FERREIRA DA COSTA,2503605,Caiçara,2,3,0.0,0.0,0.0,0.0,1.0,1.0,1.0,0.0,0.0,0.0,0.0,0.0,2.0,0
25116126,EMEF MARIA EUDESIA DE CARVALHO,2503605,Caiçara,1,3,0.0,0.0,0.0,0.0,1.0,1.0,1.0,1.0,1.0,0.0,1.0,0.0,4.0,2.3
25121936,EMEF OLIVINA CARVALHO DE QUEIROZ,2503605,Caiçara,1,3,0.0,0.0,0.0,0.0,1.0,1.0,1.0,1.0,1.0,0.0,0.0,0.0,4.0,3.5
25007548,COLEGIO DIOCESANO PADRE ROLIM,2503704,Cajazeiras,1,4,0.0,0.0,0.0,0.0,1.0,0.0,1.0,1.0,1.0,1.0,1.0,0.0,16.0,0
25007556,COLEGIO NOSSA SRª DE LOURDES,2503704,Cajazeiras,1,4,0.0,0.0,0.0,0.0,1.0,0.0,1.0,1.0,1.0,1.0,1.0,0.0,44.0,0
25007564,COLEGIO NOSSA SRA DO CARMO LTDA,2503704,Cajazeiras,1,4,0.0,0.0,0.0,0.0,1.0,0.0,1.0,1.0,1.0,1.0,0.0,0.0,27.0,0
25007580,COLEGIO ALTERNATIVO MASTER,2503704,Cajazeiras,1,4,0.0,0.0,0.0,0.0,1.0,0.0,1.0,1.0,1.0,0.0,0.0,0.0,10.0,0
25007602,EEIFM ARCO IRIS,2503704,Cajazeiras,1,4,0.0,0.0,0.0,0.0,1.0,0.0,1.0,1.0,1.0,0.0,0.0,0.0,8.0,0
25007718,EEEFM PROFESSOR MANOEL MANGUEIRA LIMA,2503704,Cajazeiras,1,2,0.0,0.0,0.0,0.0,1.0,1.0,1.0,1.0,1.0,1.0,0.0,0.0,8.0,--
25007726,ECI PROFESSOR CRISPIM COELHO,2503704,Cajazeiras,1,2,0.0,0.0,0.0,0.0,1.0,1.0,1.0,1.0,1.0,1.0,1.0,0.0,8.0,--
25007742,EEEFM DOM MOISES COELHO,2503704,Cajazeiras,1,2,0.0,0.0,0.0,0.0,1.0,1.0,1.0,1.0,0.0,0.0,0.0,0.0,8.0,--
25007750,EMEIEF DESEMBARGADOR BOTO DE MENEZES,2503704,Cajazeiras,1,3,0.0,0.0,0.0,0.0,1.0,1.0,1.0,1.0,1.0,0.0,0.0,0.0,6.0,0
25007777,EMEIEF CEL JOAQUIM MATOS,2503704,Cajazeiras,1,3,0.0,0.0,0.0,0.0,1.0,1.0,1.0,1.0,1.0,0.0,0.0,0.0,5.0,0
25007785,ECIT CRISTIANO CARTAXO,2503704,Cajazeiras,1,2,0.0,0.0,0.0,0.0,1.0,1.0,1.0,1.0,1.0,1.0,1.0,0.0,2.0,--
25007807,EMEIEF JOAQUIM VICTOR JUREMA,2503704,Cajazeiras,1,3,0.0,0.0,0.0,0.0,1.0,1.0,1.0,1.0,0.0,0.0,0.0,0.0,1.0,--
25007840,EEEF MONSENHOR JOAO MILANES,2503704,Cajazeiras,1,2,0.0,0.0,0.0,0.0,1.0,1.0,1.0,1.0,0.0,0.0,0.0,0.0,0.0,--
25007904,EEEM MONSENHOR CONSTANTINO VIEIRA,2503704,Cajazeiras,1,2,0.0,0.0,0.0,0.0,1.0,1.0,1.0,1.0,1.0,1.0,1.0,0.0,2.0,--
25007998,EMEIEF ANTONIO DE SOUSA DIAS,2503704,Cajazeiras,2,3,0.0,0.0,0.0,0.0,1.0,1.0,1.0,1.0,1.0,0.0,1.0,0.0,12.0,0
25008137,EMEIEF AUGUSTO BERNARDINO DE SOUZA,2503704,Cajazeiras,2,3,0.0,0.0,0.0,0.0,1.0,1.0,1.0,1.0,1.0,0.0,1.0,0.0,8.0,0
25008145,EMEIEF CAROLINO DE SOUSA NETO,2503704,Cajazeiras,2,3,0.0,0.0,0.0,0.0,0.0,1.0,1.0,1.0,0.0,0.0,0.0,0.0,6.0,0
25008153,EMEIEF CECILIA ESTOLANO MEIRELES,2503704,Cajazeiras,1,3,0.0,0.0,0.0,0.0,1.0,1.0,1.0,1.0,1.0,0.0,1.0,0.0,14.0,0
25008188,EMEIEF COSTA E SILVA,2503704,Cajazeiras,1,3,0.0,0.0,0.0,0.0,1.0,1.0,1.0,1.0,1.0,0.0,1.0,0.0,11.0,0
25008340,EMEIEF JOSE COSMO DE ABREU,2503704,Cajazeiras,2,3,0.0,0.0,0.0,0.0,1.0,1.0,1.0,1.0,0.0,0.0,0.0,0.0,0.0,0
25008374,EMEIEF JOSE LEITE ROLIM,2503704,Cajazeiras,1,3,0.0,0.0,0.0,0.0,1.0,1.0,1.0,1.0,1.0,0.0,1.0,0.0,5.0,0
25008382,EMEIEF JOSE MARTINS DE OLIVEIRA,2503704,Cajazeiras,2,3,0.0,0.0,0.0,0.0,1.0,1.0,1.0,1.0,1.0,0.0,1.0,0.0,7.0,0
25008412,EMEIEF LUIZ CARTAXO ROLIM,2503704,Cajazeiras,1,3,0.0,0.0,0.0,0.0,1.0,1.0,1.0,1.0,0.0,0.0,0.0,0.0,11.0,0
25008439,EMEIEF MANOEL GONCALVES DA SILVA,2503704,Cajazeiras,2,3,0.0,0.0,0.0,0.0,1.0,1.0,1.0,1.0,1.0,0.0,0.0,0.0,6.0,0
25008480,EMEIEF MATIAS DUARTE ROLIM,2503704,Cajazeiras,1,3,0.0,0.0,0.0,0.0,1.0,1.0,1.0,1.0,1.0,0.0,1.0,0.0,0.0,0
25008510,EMEIEF CRISPIM COELHO,2503704,Cajazeiras,1,3,0.0,0.0,0.0,0.0,1.0,1.0,1.0,1.0,0.0,0.0,1.0,0.0,5.0,0
25008846,EMEIEF MARIA GUIMARAES COELHO,2503704,Cajazeiras,1,3,0.0,0.0,0.0,0.0,1.0,1.0,1.0,1.0,1.0,0.0,1.0,0.0,6.0,1.3
25008927,ESCOLA MUNDO INFANTIL,2503704,Cajazeiras,1,4,0.0,0.0,0.0,0.0,1.0,0.0,1.0,1.0,1.0,0.0,0.0,0.0,8.0,0
25008935,ESCOLA VITORIA-REGIA,2503704,Cajazeiras,1,4,0.0,0.0,0.0,0.0,1.0,0.0,1.0,1.0,1.0,0.0,1.0,0.0,25.0,0
25008951,ESCOLA PROFISSIONAL MONTE CARMELO,2503704,Cajazeiras,1,2,0.0,0.0,0.0,0.0,1.0,1.0,1.0,1.0,1.0,0.0,0.0,0.0,4.0,0
25008978,IFPB - CAMPUS CAJAZEIRAS,2503704,Cajazeiras,1,1,0.0,0.0,0.0,0.0,1.0,1.0,1.0,1.0,1.0,1.0,1.0,0.0,32.0,--
25009001,EMEIEF VITORIA BEZERRA,2503704,Cajazeiras,1,3,0.0,0.0,0.0,0.0,1.0,1.0,1.0,1.0,1.0,0.0,0.0,0.0,9.0,0.5
25009028,EMEIEF GALDINO PIRES FERREIRA,2503704,Cajazeiras,1,3,0.0,0.0,0.0,0.0,1.0,1.0,1.0,1.0,1.0,0.0,1.0,0.0,5.0,0
25009087,UFCG - ESCOLA TECNICA DE SAUDE DE CAJAZEIRAS,2503704,Cajazeiras,1,1,0.0,0.0,0.0,0.0,1.0,1.0,1.0,1.0,1.0,1.0,1.0,0.0,20.0,--
25106139,EMEIEF ANTONIO TABOSA RODRIGUES - CAIC,2503704,Cajazeiras,1,3,0.0,0.0,0.0,0.0,1.0,1.0,1.0,1.0,1.0,0.0,1.0,0.0,18.0,1.2
25112023,ESCOLA CHAPEUZINHO VERMELHO,2503704,Cajazeiras,1,4,0.0,0.0,0.0,0.0,1.0,0.0,1.0,1.0,0.0,0.0,0.0,0.0,3.0,0
25114018,EMEIEF IRMA NIRVANDA LEITE ROLIM,2503704,Cajazeiras,1,3,0.0,0.0,0.0,0.0,1.0,1.0,1.0,1.0,0.0,0.0,0.0,0.0,4.0,0
25117360,ESCOLA MENINO MALUQUINHO,2503704,Cajazeiras,1,4,0.0,0.0,0.0,0.0,1.0,0.0,1.0,1.0,1.0,0.0,1.0,0.0,0.0,0
25117424,ESCOLA SORRISO INFANTIL,2503704,Cajazeiras,1,4,0.0,0.0,0.0,0.0,1.0,0.0,1.0,1.0,0.0,0.0,0.0,0.0,0.0,0
25119494,DEFINICAO COLEGIO E CURSO,2503704,Cajazeiras,1,4,0.0,0.0,0.0,0.0,1.0,0.0,1.0,1.0,1.0,1.0,0.0,0.0,10.0,0
25119508,CENTRO EDUCACIONAL IMACULADA CONCEICAO,2503704,Cajazeiras,1,4,0.0,0.0,0.0,0.0,1.0,0.0,1.0,1.0,1.0,0.0,0.0,1.0,4.0,0
25125702,INSTITUTO EDUCACIONAL NOSSA SENHORA DE FATIMA,2503704,Cajazeiras,1,4,0.0,0.0,0.0,0.0,1.0,0.0,1.0,1.0,1.0,0.0,0.0,0.0,8.0,0
25129295,ECIT PROFESSORA NICEA CLAUDINO PINHEIRO,2503704,Cajazeiras,2,2,0.0,0.0,0.0,0.0,1.0,1.0,1.0,1.0,1.0,1.0,1.0,0.0,11.0,--
25133110,ESCOLA BRINCANDO E APRENDENDO,2503704,Cajazeiras,1,4,0.0,0.0,0.0,0.0,1.0,0.0,1.0,1.0,1.0,0.0,0.0,0.0,13.0,0
25135295,ESCOLA APRENDER MAIS,2503704,Cajazeiras,1,4,0.0,0.0,0.0,0.0,1.0,0.0,1.0,1.0,1.0,0.0,0.0,0.0,11.0,0
25135422,INSTITUTO EDUCACIONAL 1ª OPCAO,2503704,Cajazeiras,1,4,0.0,0.0,0.0,0.0,1.0,0.0,1.0,1.0,1.0,0.0,0.0,0.0,9.0,8.3
25301950,EDUCANDARIO SONHO MEU,2503704,Cajazeiras,1,4,0.0,0.0,0.0,0.0,1.0,0.0,1.0,0.0,0.0,0.0,0.0,1.0,0.0,0
25302922,MASTERS GOLD COLEGIO E CURSO,2503704,Cajazeiras,1,4,0.0,0.0,0.0,0.0,1.0,0.0,1.0,1.0,1.0,1.0,0.0,0.0,17.0,0
25009150,EMEIEF JOSE ANTONIO DIAS,2503704,Cajazeiras,2,3,0.0,0.0,0.0,0.0,1.0,1.0,1.0,1.0,1.0,0.0,1.0,0.0,7.0,3.5
25016059,ECI MARIA SOLEDADE ASSIS FREITAS,2503753,Cajazeirinhas,1,2,0.0,0.0,0.0,0.0,1.0,1.0,1.0,1.0,1.0,1.0,0.0,0.0,0.0,--
25016326,ESCOLA MUN DEP JANDUHY CARNEIRO,2503753,Cajazeirinhas,1,3,0.0,0.0,0.0,0.0,1.0,1.0,1.0,1.0,1.0,0.0,1.0,0.0,12.0,0
25016474,EMEF JOAQUIM MINERVINO DE ALMEIDA,2503753,Cajazeirinhas,2,3,0.0,0.0,0.0,0.0,1.0,1.0,1.0,1.0,1.0,0.0,0.0,1.0,0.0,0
25106902,EMEF FRANCISCO ALVES DE LIMA,2503753,Cajazeirinhas,2,3,0.0,0.0,0.0,0.0,1.0,1.0,1.0,1.0,0.0,0.0,0.0,1.0,1.0,0
25106988,EMEF ANTONIO PEREIRA DA COSTA,2503753,Cajazeirinhas,2,3,0.0,0.0,0.0,0.0,1.0,1.0,1.0,1.0,1.0,0.0,1.0,1.0,1.0,0
25080261,ECI MANOEL AVELINO PAIVA,2503803,Caldas Brandão,1,2,0.0,0.0,0.0,0.0,1.0,1.0,1.0,1.0,1.0,1.0,1.0,0.0,0.0,--
25080270,EEEM DE CALDAS BRANDAO,2503803,Caldas Brandão,1,2,0.0,0.0,0.0,0.0,1.0,1.0,1.0,1.0,0.0,0.0,0.0,1.0,2.0,--
25080296,ESC MUL EIF CONEGO JOSE MARIA MESQUITA,2503803,Caldas Brandão,1,3,0.0,0.0,0.0,0.0,1.0,1.0,1.0,1.0,1.0,0.0,1.0,0.0,10.0,0
25080318,ESC MUL MARIA DA PENHA DE P SILVA,2503803,Caldas Brandão,2,3,0.0,0.0,0.0,0.0,1.0,1.0,1.0,1.0,0.0,0.0,0.0,0.0,0.0,0
25080326,EMEIF MARIA VIEGAS DE PAIVA,2503803,Caldas Brandão,1,3,0.0,0.0,0.0,0.0,1.0,1.0,1.0,1.0,1.0,0.0,1.0,0.0,7.0,0
25080350,ESC MUL APRIGIO PIMENTEL DE ATAIDE,2503803,Caldas Brandão,2,3,0.0,0.0,0.0,0.0,1.0,1.0,1.0,1.0,1.0,0.0,0.0,0.0,4.0,0
25080385,EM VIRGILIA CORDEIRO GUEDES,2503803,Caldas Brandão,1,3,0.0,0.0,0.0,0.0,1.0,1.0,1.0,1.0,1.0,0.0,1.0,0.0,7.0,0
25129228,EMEF NELSON CLEMENS CORDEIRO GUEDES,2503803,Caldas Brandão,1,3,0.0,0.0,0.0,0.0,1.0,1.0,1.0,1.0,1.0,0.0,1.0,0.0,4.0,--
25133284,CENTRO EDUCACIONAL ADONAI,2503803,Caldas Brandão,1,4,0.0,0.0,0.0,0.0,1.0,0.0,1.0,1.0,0.0,0.0,0.0,0.0,0.0,0
25153803,ESCOLINHA BRANCA DE NEVE,2503803,Caldas Brandão,1,4,0.0,0.0,0.0,0.0,1.0,0.0,1.0,1.0,1.0,0.0,0.0,0.0,0.0,0
25154206,ESCOLINHA ALEGRIA DO SABER,2503803,Caldas Brandão,1,4,0.0,0.0,0.0,0.0,1.0,0.0,1.0,1.0,0.0,0.0,0.0,0.0,0.0,0
25285939,CENTRO EDUCACIONAL IRMA DULCE,2503803,Caldas Brandão,1,4,0.0,0.0,0.0,0.0,1.0,0.0,1.0,1.0,0.0,0.0,0.0,0.0,0.0,0
25044362,ECIT PEDRO BEZERRA FILHO,2503902,Camalaú,1,2,0.0,0.0,0.0,0.0,1.0,1.0,1.0,1.0,0.0,0.0,0.0,0.0,0.0,--
25044486,EMEF FRANCISCO CHAVES VENTURA,2503902,Camalaú,1,3,0.0,0.0,0.0,0.0,1.0,1.0,1.0,1.0,1.0,0.0,1.0,0.0,12.0,0
25044494,GR ESC ANTONIO ALVES FEITOSA,2503902,Camalaú,2,3,0.0,0.0,0.0,0.0,1.0,1.0,1.0,1.0,0.0,0.0,1.0,1.0,3.0,0
25044567,GR ESC LUCIANA L DE SOUZA,2503902,Camalaú,2,3,0.0,0.0,0.0,0.0,1.0,1.0,1.0,1.0,0.0,0.0,0.0,0.0,0.0,0
25044630,GR ESC SEBASTIANA LAFAYETE,2503902,Camalaú,2,3,0.0,0.0,0.0,0.0,1.0,1.0,1.0,1.0,0.0,0.0,1.0,0.0,0.0,0
25044680,GR ESC JOANA DA COSTA FIRMO,2503902,Camalaú,2,3,0.0,0.0,0.0,0.0,1.0,1.0,1.0,1.0,0.0,0.0,1.0,0.0,0.0,4.5
25129546,CENTRO EDUCACIONAL PROFESSORA ODETE MACIEL FIRMO,2503902,Camalaú,1,3,0.0,0.0,0.0,0.0,1.0,1.0,1.0,1.0,1.0,0.0,0.0,1.0,10.0,--
25044737,GR ESC SEVERINO LUCAS DA SILVA,2503902,Camalaú,2,3,0.0,0.0,0.0,0.0,1.0,1.0,1.0,1.0,0.0,0.0,1.0,1.0,3.0,0
25070703,EEEFM JOSE JOFILLY,2504009,Campina Grande,1,2,0.0,0.0,0.0,0.0,1.0,1.0,1.0,1.0,1.0,0.0,0.0,0.0,0.0,--
25070720,EMEIF CEAI GOV ANTONIO MARIZ,2504009,Campina Grande,1,3,0.0,0.0,0.0,0.0,1.0,1.0,1.0,1.0,1.0,0.0,0.0,0.0,0.0,0.3
25070789,EMEIF CEAI DR ELPIDIO DE ALMEIDA,2504009,Campina Grande,1,3,0.0,0.0,0.0,0.0,1.0,1.0,1.0,1.0,1.0,0.0,0.0,0.0,2.0,0.4
25070835,CENTRO EDUC BANDEIRANTES,2504009,Campina Grande,1,4,0.0,0.0,0.0,0.0,1.0,0.0,1.0,1.0,1.0,0.0,0.0,0.0,6.0,0
25071009,CIE CENTRO INTERATIVO DE ENSINO LTDA,2504009,Campina Grande,1,4,0.0,0.0,0.0,0.0,1.0,0.0,1.0,1.0,1.0,1.0,0.0,0.0,10.0,--
25071068,COLEGIO DJANIRA TAVARES,2504009,Campina Grande,1,4,0.0,0.0,0.0,0.0,1.0,0.0,1.0,1.0,1.0,0.0,0.0,0.0,16.0,0
25071106,COLEGIO IMACULADA CONCEICAO,2504009,Campina Grande,1,4,0.0,0.0,0.0,0.0,1.0,0.0,1.0,1.0,1.0,1.0,1.0,0.0,32.0,0
25071122,COLEGIO PADRE ANCHIETA LTDA,2504009,Campina Grande,1,4,0.0,0.0,0.0,0.0,1.0,0.0,1.0,1.0,1.0,1.0,0.0,1.0,0.0,0
25071440,EDUCANDARIO DANTAS LTDA,2504009,Campina Grande,1,4,0.0,0.0,0.0,0.0,1.0,0.0,1.0,1.0,1.0,1.0,1.0,0.0,16.0,0
25071491,COLEGIO ROSA MISTICA,2504009,Campina Grande,1,4,0.0,0.0,0.0,0.0,1.0,0.0,1.0,1.0,1.0,1.0,1.0,0.0,12.0,0
25071513,COLEGIO WALFREDO SIQUEIRA LUNA,2504009,Campina Grande,1,4,0.0,0.0,0.0,0.0,1.0,0.0,1.0,1.0,1.0,0.0,0.0,0.0,0.0,0
25071521,FRIDESTILMA DA SILVA SANTOS,2504009,Campina Grande,1,4,0.0,0.0,0.0,0.0,1.0,0.0,1.0,1.0,0.0,0.0,0.0,0.0,5.0,0.7
25071564,ESCOLA AQUARELA,2504009,Campina Grande,1,4,0.0,0.0,0.0,0.0,1.0,0.0,1.0,1.0,1.0,0.0,0.0,0.0,6.0,0
25071580,ESCOLA ARCO IRIS DO SABER,2504009,Campina Grande,1,4,0.0,0.0,0.0,0.0,1.0,0.0,1.0,1.0,1.0,0.0,0.0,0.0,14.0,0
25071696,INST EDUC SANTA RITA DE CASSIA,2504009,Campina Grande,1,4,0.0,0.0,0.0,0.0,1.0,0.0,1.0,1.0,0.0,0.0,0.0,0.0,0.0,0
25071858,MARIA DE LOURDES SARAIVA DO NASCIMENTO,2504009,Campina Grande,1,4,0.0,0.0,0.0,0.0,1.0,0.0,1.0,1.0,1.0,1.0,0.0,0.0,22.0,0
25071866,ESCOLA DE 1O GRAU PETRONIO FIGUEIREDO LTDA,2504009,Campina Grande,1,4,0.0,0.0,0.0,0.0,1.0,0.0,1.0,1.0,1.0,1.0,0.0,0.0,0.0,0.8
25071904,ESCOLA ESPACO CRIADOR,2504009,Campina Grande,1,4,0.0,0.0,0.0,0.0,1.0,0.0,1.0,1.0,1.0,0.0,0.0,0.0,4.0,0
25071939,ECI AUDIOCOMUNICACAO DE CAMPINA GRANDE DEMOSTENES CUNHA LIMA,2504009,Campina Grande,1,2,0.0,0.0,0.0,0.0,1.0,1.0,1.0,1.0,1.0,0.0,0.0,0.0,16.0,0
25072005,EEEFM ADEMAR VELOSO SILVEIRA,2504009,Campina Grande,1,2,0.0,0.0,0.0,0.0,1.0,1.0,1.0,1.0,1.0,1.0,1.0,0.0,25.0,--
25072013,ECIT PROFESSOR RAUL CORDULA,2504009,Campina Grande,1,2,0.0,0.0,0.0,0.0,1.0,1.0,1.0,1.0,1.0,0.0,0.0,0.0,0.0,--
25072021,EEEFM SENADOR ARGEMIRO DE FIGUEIREDO,2504009,Campina Grande,1,2,0.0,0.0,0.0,0.0,1.0,1.0,1.0,1.0,1.0,1.0,1.0,0.0,0.0,--
25072030,ECIT NENZINHA CUNHA LIMA,2504009,Campina Grande,1,2,0.0,0.0,0.0,0.0,1.0,1.0,1.0,1.0,1.0,0.0,0.0,0.0,0.0,--
25072056,EEEFM POETA CARLOS DRUMOND DE ANDRADE,2504009,Campina Grande,1,2,0.0,0.0,0.0,0.0,1.0,1.0,1.0,1.0,1.0,0.0,0.0,0.0,10.0,--
25072064,EEEFM MARIA AUGUSTA LUCENA BRITO,2504009,Campina Grande,2,2,0.0,0.0,0.0,0.0,1.0,1.0,1.0,1.0,1.0,1.0,1.0,0.0,0.0,--
25072080,EEEFM NINA ALVES DE LIMA,2504009,Campina Grande,1,2,0.0,0.0,0.0,0.0,1.0,1.0,1.0,1.0,1.0,0.0,0.0,0.0,0.0,--
25072099,ECI ASSIS CHATEAUBRIAND,2504009,Campina Grande,1,2,0.0,0.0,0.0,0.0,1.0,1.0,1.0,1.0,1.0,0.0,0.0,0.0,1.0,--
25072102,ECI DEPUTADO ALVARO GAUDENCIO DE QUEIROZ,2504009,Campina Grande,1,2,0.0,0.0,0.0,0.0,1.0,1.0,1.0,1.0,1.0,0.0,1.0,0.0,14.0,--
25072110,ECI FELIX ARAUJO,2504009,Campina Grande,1,2,0.0,0.0,0.0,0.0,1.0,1.0,1.0,1.0,1.0,0.0,0.0,0.0,0.0,--
25072129,EEEFM SAO SEBASTIAO,2504009,Campina Grande,1,2,0.0,0.0,0.0,0.0,1.0,1.0,1.0,1.0,1.0,0.0,1.0,0.0,0.0,--
25072137,ECIT PROFESSOR ANESIO LEAO,2504009,Campina Grande,1,2,0.0,0.0,0.0,0.0,1.0,1.0,1.0,1.0,1.0,1.0,1.0,0.0,0.0,--
25072145,EEEFM DOM LUIZ GONZAGA FERNANDES,2504009,Campina Grande,1,2,0.0,0.0,0.0,0.0,1.0,1.0,1.0,1.0,1.0,1.0,1.0,0.0,10.0,--
25072153,ECIT SEVERINO CABRAL,2504009,Campina Grande,1,2,0.0,0.0,0.0,0.0,1.0,1.0,1.0,1.0,1.0,0.0,0.0,0.0,8.0,--
25072161,EEEF NOSSA SENHORA DO ROSARIO,2504009,Campina Grande,1,2,0.0,0.0,0.0,0.0,1.0,1.0,1.0,1.0,1.0,0.0,1.0,0.0,0.0,--
25072170,EMEF ADV OTAVIO AMORIM,2504009,Campina Grande,1,3,0.0,0.0,0.0,0.0,1.0,1.0,1.0,1.0,1.0,0.0,0.0,0.0,0.0,0
25072196,EEEF ANTONIO VICENTE,2504009,Campina Grande,1,2,0.0,0.0,0.0,0.0,1.0,1.0,1.0,1.0,1.0,0.0,0.0,0.0,0.0,1.7
25072200,EEEF AUGUSTO DOS ANJOS,2504009,Campina Grande,1,2,0.0,0.0,0.0,0.0,1.0,1.0,1.0,1.0,1.0,0.0,0.0,1.0,0.0,--
25072218,EEEFM CLEMENTINO PROCOPIO,2504009,Campina Grande,1,2,0.0,0.0,0.0,0.0,1.0,1.0,1.0,1.0,1.0,1.0,1.0,0.0,0.0,--
25072226,EEEF DE APLICACAO,2504009,Campina Grande,1,2,0.0,0.0,0.0,0.0,1.0,1.0,1.0,1.0,0.0,0.0,0.0,0.0,0.0,--
25072234,EEEFM MONTE SANTO,2504009,Campina Grande,1,2,0.0,0.0,0.0,0.0,1.0,1.0,1.0,1.0,1.0,0.0,0.0,0.0,0.0,--
25072242,EEEFM JOSE PINHEIRO,2504009,Campina Grande,1,2,0.0,0.0,0.0,0.0,1.0,1.0,1.0,1.0,1.0,0.0,0.0,0.0,0.0,--
25072277,ECI MONTE CARMELO,2504009,Campina Grande,1,2,0.0,0.0,0.0,0.0,1.0,1.0,1.0,1.0,1.0,0.0,0.0,0.0,15.0,--
25072285,EEEFM MURILO BRAGA,2504009,Campina Grande,1,2,0.0,0.0,0.0,0.0,1.0,1.0,1.0,1.0,1.0,1.0,1.0,0.0,0.0,--
25072293,EEEFM NOSSA SENHORA APARECIDA,2504009,Campina Grande,1,2,0.0,0.0,0.0,0.0,1.0,1.0,1.0,1.0,1.0,0.0,0.0,0.0,0.0,--
25072307,ECI SOLON DE LUCENA,2504009,Campina Grande,1,2,0.0,0.0,0.0,0.0,1.0,1.0,1.0,1.0,1.0,1.0,1.0,0.0,0.0,--
25072315,EEEF SANTO ANTONIO,2504009,Campina Grande,1,2,0.0,0.0,0.0,0.0,1.0,1.0,1.0,1.0,1.0,0.0,0.0,0.0,0.0,0
25072340,EEEFM ESCRITOR ALCEU DO AMOROSO LIMA,2504009,Campina Grande,1,2,0.0,0.0,0.0,0.0,1.0,1.0,1.0,1.0,1.0,1.0,1.0,0.0,0.0,--
25072374,EEEF MARIA EMILIA OLIVEIRA DE ALMEIDA,2504009,Campina Grande,1,2,0.0,0.0,0.0,0.0,0.0,1.0,1.0,1.0,0.0,0.0,0.0,0.0,0.0,--
25072412,ECI VIRGINIUS DA GAMA E MELO,2504009,Campina Grande,1,2,0.0,0.0,0.0,0.0,1.0,1.0,1.0,1.0,1.0,0.0,0.0,0.0,0.0,--
25072420,ECIT DOUTOR ELPIDIO DE ALMEIDA,2504009,Campina Grande,1,2,0.0,0.0,0.0,0.0,1.0,1.0,1.0,1.0,1.0,0.0,0.0,0.0,3.0,--
25072439,ECI HORTENCIO SOUSA RIBEIRO,2504009,Campina Grande,1,2,0.0,0.0,0.0,0.0,1.0,1.0,1.0,1.0,1.0,0.0,0.0,0.0,0.0,--
25072552,EMEIF DR CHATEAUBRIAND,2504009,Campina Grande,1,3,0.0,0.0,0.0,0.0,1.0,1.0,1.0,1.0,1.0,0.0,0.0,0.0,10.0,0
25072676,ESCOLA MUNDO ENCANTADO,2504009,Campina Grande,1,4,0.0,0.0,0.0,0.0,1.0,0.0,1.0,1.0,0.0,0.0,0.0,0.0,0.0,0
25072692,EEEM PADRE EMIDIO VIANA CORREIA,2504009,Campina Grande,1,2,0.0,0.0,0.0,0.0,1.0,1.0,1.0,1.0,1.0,1.0,1.0,0.0,0.0,--
25072820,EMEIF ROTARY DR FRANCISCO BRASILEIRO,2504009,Campina Grande,1,3,0.0,0.0,0.0,0.0,1.0,1.0,1.0,1.0,1.0,0.0,0.0,0.0,2.0,0
25072870,ESCOLA SANTA TEREZINHA,2504009,Campina Grande,1,4,0.0,0.0,0.0,0.0,1.0,0.0,1.0,1.0,1.0,0.0,0.0,0.0,5.0,0
25072889,EMEF SANTO ANTONIO 1,2504009,Campina Grande,1,3,0.0,0.0,0.0,0.0,1.0,1.0,1.0,1.0,1.0,0.0,0.0,1.0,5.0,0
25072927,ESCOLA SONHO E REALIDADE,2504009,Campina Grande,1,4,0.0,0.0,0.0,0.0,1.0,0.0,1.0,1.0,0.0,0.0,0.0,0.0,0.0,0
25073214,COLEGIO NOSSA SENHORA DE LOURDES,2504009,Campina Grande,1,4,0.0,0.0,0.0,0.0,1.0,0.0,0.0,1.0,1.0,1.0,1.0,0.0,36.0,0
25073567,EMEIF AGEU GENUINO DA SILVA,2504009,Campina Grande,1,3,0.0,0.0,0.0,0.0,1.0,1.0,1.0,1.0,0.0,0.0,0.0,0.0,2.0,0
25073575,EMEIF AMARO DA COSTA BARROS,2504009,Campina Grande,1,3,0.0,0.0,0.0,0.0,1.0,1.0,1.0,1.0,0.0,0.0,0.0,1.0,0.0,0.5
25073613,EMEIF DR JOSE TAVARES,2504009,Campina Grande,1,3,0.0,0.0,0.0,0.0,1.0,1.0,1.0,1.0,1.0,0.0,0.0,0.0,1.0,0
25073630,EMEIF FERNANDO CUNHA LIMA,2504009,Campina Grande,1,3,0.0,0.0,0.0,0.0,1.0,1.0,1.0,1.0,1.0,0.0,0.0,0.0,2.0,0
25073648,EMEF FREI DAGOBERTO STUCKER,2504009,Campina Grande,1,3,0.0,0.0,0.0,0.0,1.0,1.0,1.0,1.0,1.0,0.0,0.0,1.0,0.0,--
25073656,EMEIF GERIVALDO LUNA DE OLIVEIRA,2504009,Campina Grande,1,3,0.0,0.0,0.0,0.0,1.0,1.0,1.0,1.0,1.0,0.0,0.0,0.0,0.0,0
25073664,EMEIF JOSE GUILHERMINO BARBOSA,2504009,Campina Grande,1,3,0.0,0.0,0.0,0.0,1.0,1.0,1.0,1.0,0.0,0.0,0.0,0.0,5.0,0
25073699,EMEIF LAFAYETE CAVALCANTE,2504009,Campina Grande,1,3,0.0,0.0,0.0,0.0,1.0,1.0,1.0,1.0,1.0,0.0,1.0,0.0,0.0,0
25073710,EMEF LUCIA DE FATIMA GAYOSO MEIRA,2504009,Campina Grande,1,3,0.0,0.0,0.0,0.0,1.0,1.0,1.0,1.0,0.0,0.0,0.0,0.0,4.0,2.6
25073729,EMEF LUIZ CAMBEBA,2504009,Campina Grande,1,3,0.0,0.0,0.0,0.0,1.0,1.0,1.0,1.0,1.0,0.0,0.0,0.0,5.0,0
25073737,EMEIF LUIZ JOAQUIM AVELINO,2504009,Campina Grande,1,3,0.0,0.0,0.0,0.0,1.0,1.0,1.0,1.0,1.0,0.0,0.0,0.0,2.0,0
25073745,EMEIF MANOEL DA COSTA CIRNE,2504009,Campina Grande,1,3,0.0,0.0,0.0,0.0,1.0,1.0,1.0,1.0,1.0,0.0,1.0,0.0,1.0,1.5
25073770,EMEIF MARIA JOSE DE CARVALHO DE SOUSA,2504009,Campina Grande,1,3,0.0,0.0,0.0,0.0,1.0,1.0,1.0,1.0,1.0,0.0,0.0,0.0,3.0,0
25073800,EMEF PADRE ANTONINO,2504009,Campina Grande,1,3,0.0,0.0,0.0,0.0,1.0,1.0,1.0,1.0,1.0,0.0,1.0,0.0,4.0,--
25073826,EMEIF PROFA FRANCISCA ZENA BRASILEIRO,2504009,Campina Grande,1,3,0.0,0.0,0.0,0.0,1.0,1.0,1.0,1.0,1.0,0.0,0.0,0.0,2.0,0
25073842,EMEF PROFA MARIA ANUNCIADA BEZERRA,2504009,Campina Grande,1,3,0.0,0.0,0.0,0.0,1.0,1.0,1.0,1.0,0.0,0.0,0.0,0.0,9.0,1.2
25073850,EMEIF RAIMUNDO ASFORA,2504009,Campina Grande,1,3,0.0,0.0,0.0,0.0,1.0,1.0,1.0,1.0,1.0,0.0,0.0,1.0,3.0,0
25073877,EMEIF RIVANILDO SANDRO ARCOVERDE,2504009,Campina Grande,1,3,0.0,0.0,0.0,0.0,1.0,1.0,1.0,1.0,1.0,0.0,0.0,0.0,3.0,0
25073885,EMEIF SANTO AFONSO,2504009,Campina Grande,1,3,0.0,0.0,0.0,0.0,1.0,1.0,1.0,1.0,1.0,0.0,0.0,0.0,0.0,0
25073907,EMEIF SEVERINO DIONISIO DO NASCIMENTO,2504009,Campina Grande,2,3,0.0,0.0,0.0,0.0,1.0,1.0,1.0,1.0,0.0,0.0,0.0,1.0,0.0,0
25073958,EMEIF PROF JOSE DE ALMEIDA JUNIOR,2504009,Campina Grande,1,3,0.0,0.0,0.0,0.0,1.0,1.0,1.0,1.0,1.0,0.0,1.0,0.0,1.0,0
25074032,EMEIF ALMIRA DE OLIVEIRA,2504009,Campina Grande,1,3,0.0,0.0,0.0,0.0,1.0,1.0,1.0,1.0,1.0,0.0,0.0,0.0,0.0,0
25074059,EMEIF ANA AZEVEDO,2504009,Campina Grande,1,3,0.0,0.0,0.0,0.0,1.0,1.0,1.0,1.0,0.0,0.0,1.0,0.0,1.0,0
25074075,EMEIF ANESIO LEAO,2504009,Campina Grande,1,3,0.0,0.0,0.0,0.0,1.0,1.0,1.0,1.0,1.0,0.0,0.0,0.0,3.0,0
25074091,EMEF ANIS TIMANI,2504009,Campina Grande,1,3,0.0,0.0,0.0,0.0,1.0,1.0,1.0,1.0,1.0,0.0,0.0,0.0,17.0,1
25074113,EMEF PROF ANISIO TEIXEIRA,2504009,Campina Grande,1,3,0.0,0.0,0.0,0.0,1.0,1.0,1.0,1.0,1.0,0.0,0.0,0.0,0.0,--
25074148,EMEIF APOLONIA AMORIM,2504009,Campina Grande,1,3,0.0,0.0,0.0,0.0,1.0,1.0,1.0,1.0,0.0,0.0,0.0,0.0,3.0,0.7
25074164,EMEIF AROLDO CRUZ FILHO,2504009,Campina Grande,1,3,0.0,0.0,0.0,0.0,1.0,1.0,1.0,1.0,1.0,0.0,0.0,0.0,5.0,0
25074172,EMEIF CENTENARIO,2504009,Campina Grande,1,3,0.0,0.0,0.0,0.0,1.0,1.0,1.0,1.0,0.0,0.0,0.0,1.0,4.0,0
25074199,EMEIF CICERO VIRGINIO,2504009,Campina Grande,1,3,0.0,0.0,0.0,0.0,1.0,1.0,1.0,1.0,0.0,0.0,0.0,1.0,0.0,1
25074229,EMEIF CRISTINA PROCOPIO,2504009,Campina Grande,1,3,0.0,0.0,0.0,0.0,1.0,1.0,1.0,1.0,1.0,0.0,0.0,0.0,3.0,0
25074245,EMEIF DEP PETRONIO FIGUEREDO,2504009,Campina Grande,1,3,0.0,0.0,0.0,0.0,1.0,1.0,1.0,1.0,1.0,0.0,0.0,0.0,2.0,0
25074288,EMEIF DR SEVERINO CRUZ,2504009,Campina Grande,1,3,0.0,0.0,0.0,0.0,1.0,1.0,1.0,1.0,0.0,0.0,0.0,0.0,2.0,0
25074296,EMEIF EPITACIO PESSOA,2504009,Campina Grande,1,3,0.0,0.0,0.0,0.0,1.0,1.0,1.0,1.0,1.0,0.0,0.0,0.0,0.0,0
25074369,EMEIF GRACITA MELO,2504009,Campina Grande,1,3,0.0,0.0,0.0,0.0,1.0,1.0,1.0,1.0,1.0,0.0,0.0,0.0,5.0,0
25074377,EMEIF GUSTAVO ADOLFO CANDIDO ALVES,2504009,Campina Grande,1,3,0.0,0.0,0.0,0.0,1.0,1.0,1.0,1.0,1.0,0.0,1.0,0.0,3.0,0
25074393,EMEIF HELENO HENRIQUES,2504009,Campina Grande,1,3,0.0,0.0,0.0,0.0,1.0,1.0,1.0,1.0,1.0,0.0,1.0,0.0,1.0,0
25074407,EMEF HENRIQUE GUILHERMINO BARBOSA,2504009,Campina Grande,1,3,0.0,0.0,0.0,0.0,1.0,1.0,1.0,1.0,1.0,0.0,0.0,0.0,1.0,0
25074482,EMEIF JOSE VIRGINIO DE LIMA,2504009,Campina Grande,1,3,0.0,0.0,0.0,0.0,1.0,1.0,1.0,1.0,0.0,0.0,0.0,0.0,2.0,0
25074512,EMEIF JOSELITA BRASILEIRO,2504009,Campina Grande,1,3,0.0,0.0,0.0,0.0,1.0,1.0,1.0,1.0,0.0,0.0,1.0,0.0,1.0,0
25074547,EMEF LILIOSA BARRETO,2504009,Campina Grande,1,3,0.0,0.0,0.0,0.0,1.0,1.0,1.0,1.0,1.0,0.0,0.0,0.0,2.0,1.8
25074563,EMEIF LINDOLFO MONTENEGRO,2504009,Campina Grande,1,3,0.0,0.0,0.0,0.0,1.0,1.0,1.0,1.0,1.0,0.0,0.0,0.0,2.0,0
25074580,EMEIF LUIS GOMES DA SILVA,2504009,Campina Grande,1,3,0.0,0.0,0.0,0.0,1.0,1.0,1.0,1.0,1.0,0.0,0.0,0.0,3.0,0
25074610,EMEIF MANOEL SABINO DE FARIAS,2504009,Campina Grande,2,3,0.0,0.0,0.0,0.0,1.0,1.0,1.0,1.0,0.0,0.0,0.0,1.0,0.0,0
25074644,EMEIF MARIA CANDIDA DE OLIVEIRA,2504009,Campina Grande,1,3,0.0,0.0,0.0,0.0,1.0,1.0,1.0,1.0,1.0,0.0,0.0,0.0,0.0,0
25074695,EMEIF MARIA MINERVINA FIGUEIREDO,2504009,Campina Grande,1,3,0.0,0.0,0.0,0.0,1.0,1.0,1.0,1.0,1.0,0.0,0.0,0.0,1.0,0
25074717,EMEIF MARIINHA BORBOREMA,2504009,Campina Grande,1,3,0.0,0.0,0.0,0.0,1.0,1.0,1.0,1.0,0.0,0.0,0.0,0.0,1.0,0.7
25074733,EMEIF MELO LEITAO,2504009,Campina Grande,1,3,0.0,0.0,0.0,0.0,1.0,1.0,1.0,1.0,0.0,0.0,1.0,0.0,0.0,0
25074741,EMEIF MONSENHOR SALES,2504009,Campina Grande,1,3,0.0,0.0,0.0,0.0,1.0,1.0,1.0,1.0,1.0,0.0,1.0,0.0,2.0,0
25074776,EMEIF PADRE CORNELIO BOER,2504009,Campina Grande,1,3,0.0,0.0,0.0,0.0,1.0,1.0,1.0,1.0,1.0,0.0,0.0,1.0,0.0,0.6
25074792,EMEIF PADRE EMIDIO VIANA CORREIA,2504009,Campina Grande,1,3,0.0,0.0,0.0,0.0,1.0,1.0,1.0,1.0,1.0,0.0,0.0,0.0,2.0,0
25074806,EMEIF POETA ALVARO GUEDES PINHEIRO,2504009,Campina Grande,1,3,0.0,0.0,0.0,0.0,1.0,1.0,1.0,1.0,1.0,0.0,0.0,0.0,1.0,0.4
25074814,EMEIF PRESIDENTE KENNEDY,2504009,Campina Grande,1,3,0.0,0.0,0.0,0.0,1.0,1.0,1.0,1.0,1.0,0.0,0.0,0.0,0.0,0
25074903,EMEIF PROFA NELY DE LIMA E MELO,2504009,Campina Grande,1,3,0.0,0.0,0.0,0.0,1.0,1.0,1.0,1.0,0.0,0.0,0.0,0.0,0.0,1.5
25074920,EMEF PROFA SELMA AGRA VILARIM,2504009,Campina Grande,1,3,0.0,0.0,0.0,0.0,1.0,1.0,1.0,1.0,1.0,0.0,0.0,0.0,0.0,--
25074938,EMEF PROFA LUZIA DANTAS,2504009,Campina Grande,1,3,0.0,0.0,0.0,0.0,1.0,1.0,1.0,1.0,1.0,0.0,0.0,0.0,1.0,0
25074962,EMEIF SANDRA CAVALCANTI,2504009,Campina Grande,1,3,0.0,0.0,0.0,0.0,1.0,1.0,1.0,1.0,1.0,0.0,0.0,0.0,0.0,0
25075020,EMEIF STELLITA CRUZ,2504009,Campina Grande,1,3,0.0,0.0,0.0,0.0,1.0,1.0,1.0,1.0,1.0,0.0,0.0,0.0,1.0,2.3
25075047,EMEF SANTO ANTONIO 2,2504009,Campina Grande,1,3,0.0,0.0,0.0,0.0,1.0,1.0,1.0,1.0,0.0,0.0,0.0,1.0,0.0,0
25075071,EMEF TIRADENTES,2504009,Campina Grande,1,3,0.0,0.0,0.0,0.0,1.0,1.0,1.0,1.0,1.0,0.0,0.0,0.0,0.0,--
25075080,INSTITUTO ANA NERY,2504009,Campina Grande,1,4,0.0,0.0,0.0,0.0,1.0,0.0,1.0,1.0,1.0,0.0,0.0,0.0,0.0,0
25075110,INSTITUTO DE ALFABETIZACAO CAMILO DE LELLIS,2504009,Campina Grande,1,4,0.0,0.0,0.0,0.0,1.0,0.0,1.0,1.0,0.0,0.0,0.0,0.0,0.0,0
25075136,INST CASTELINHO INFANTIL,2504009,Campina Grande,1,4,0.0,0.0,0.0,0.0,1.0,0.0,1.0,1.0,1.0,0.0,0.0,0.0,7.0,0
25075179,IPEN- INST DE PEDAGOGIA NATURAL LTDA,2504009,Campina Grande,1,4,0.0,0.0,0.0,0.0,1.0,0.0,1.0,1.0,1.0,1.0,1.0,0.0,6.0,0
25075209,INST EDUC JOAO PAULO II,2504009,Campina Grande,1,4,0.0,0.0,0.0,0.0,1.0,0.0,1.0,1.0,0.0,0.0,0.0,0.0,4.0,0
25075233,INST EDUC NEPOMUCENO,2504009,Campina Grande,1,4,0.0,0.0,0.0,0.0,1.0,0.0,1.0,1.0,0.0,0.0,0.0,1.0,6.0,0
25075284,INST LINS VASCONCELOS,2504009,Campina Grande,1,4,0.0,0.0,0.0,0.0,1.0,0.0,1.0,1.0,1.0,0.0,0.0,0.0,0.0,0
25075314,INSTITUTO SILVA MACIEL DE EDUCACAO LTDA - COSMO EDUCACIONAL,2504009,Campina Grande,1,4,0.0,0.0,0.0,0.0,1.0,0.0,1.0,1.0,0.0,0.0,0.0,0.0,8.0,0
25075403,COLEGIO SANTA ANA LTDA,2504009,Campina Grande,1,4,0.0,0.0,0.0,0.0,1.0,0.0,1.0,1.0,1.0,1.0,0.0,0.0,5.0,0
25075462,EMEIF DEZENOVE DE MARCO,2504009,Campina Grande,1,3,0.0,0.0,0.0,0.0,1.0,1.0,1.0,1.0,1.0,0.0,0.0,0.0,4.0,0
25075500,INST GENTE CRESCENDO,2504009,Campina Grande,1,4,0.0,0.0,0.0,0.0,1.0,0.0,1.0,1.0,1.0,0.0,0.0,1.0,0.0,0
25075551,INST SANTO ANTONIO,2504009,Campina Grande,1,4,0.0,0.0,0.0,0.0,1.0,0.0,1.0,1.0,1.0,1.0,0.0,0.0,4.0,0
25075594,INST CRIANCA ESPERANCA,2504009,Campina Grande,1,4,0.0,0.0,0.0,0.0,1.0,0.0,1.0,1.0,1.0,0.0,0.0,0.0,16.0,0.6
25076183,EMEIF ADALGISA AMORIM,2504009,Campina Grande,1,3,0.0,0.0,0.0,0.0,1.0,1.0,1.0,1.0,1.0,0.0,0.0,0.0,6.0,0
25076400,EEEM PROFESSOR ANTONIO OLIVEIRA,2504009,Campina Grande,1,2,0.0,0.0,0.0,0.0,1.0,1.0,1.0,1.0,1.0,0.0,0.0,0.0,0.0,--
25076582,ECI IRMA JOAQUINA SAMPAIO,2504009,Campina Grande,1,2,0.0,0.0,0.0,0.0,1.0,1.0,1.0,1.0,1.0,0.0,0.0,0.0,0.0,--
25104802,GENILDA GUIMARAES DE OLIVEIRA - ME,2504009,Campina Grande,1,4,0.0,0.0,0.0,0.0,1.0,0.0,1.0,1.0,0.0,0.0,0.0,0.0,0.0,0
25105000,CENTRO EDUCACIONAL FUTURA - CEF,2504009,Campina Grande,1,4,0.0,0.0,0.0,0.0,1.0,0.0,1.0,1.0,0.0,0.0,0.0,0.0,0.0,0
25107879,CENTRO EDUCACIONAL SANTA CLARA LTDA,2504009,Campina Grande,1,4,0.0,0.0,0.0,0.0,1.0,0.0,1.0,1.0,1.0,0.0,0.0,0.0,16.0,0
25107909,ESPACO EDUCACIONAL CARMELA VELOSO LTDA,2504009,Campina Grande,1,4,0.0,0.0,0.0,0.0,1.0,0.0,1.0,1.0,1.0,1.0,0.0,0.0,20.0,0
25107917,MARIA DE JESUS SOUTO MAIOR PORTO,2504009,Campina Grande,1,4,0.0,0.0,0.0,0.0,1.0,0.0,1.0,1.0,1.0,0.0,0.0,0.0,3.0,0
25108662,EMEF CEAI DR JOAO PEREIRA DE ASSIS,2504009,Campina Grande,1,3,0.0,0.0,0.0,0.0,1.0,1.0,1.0,1.0,1.0,0.0,0.0,0.0,0.0,0
25110705,COLEGIO NOVA VISAO,2504009,Campina Grande,1,4,0.0,0.0,0.0,0.0,1.0,0.0,1.0,1.0,1.0,0.0,0.0,0.0,1.0,0
25111167,INST APRENDENDO E BRINCANDO,2504009,Campina Grande,1,4,0.0,0.0,0.0,0.0,1.0,0.0,1.0,1.0,1.0,0.0,0.0,0.0,0.0,0
25111612,ESCOLA ROSA DE SARON,2504009,Campina Grande,1,4,0.0,0.0,0.0,0.0,1.0,0.0,1.0,1.0,0.0,0.0,0.0,0.0,0.0,0
25114034,EEEF DOM HELDER CAMARA,2504009,Campina Grande,1,2,0.0,0.0,0.0,0.0,1.0,1.0,1.0,1.0,1.0,0.0,1.0,0.0,0.0,--
25114433,EEEFM SENADOR HUMBERTO LUCENA,2504009,Campina Grande,1,2,0.0,0.0,0.0,0.0,1.0,1.0,1.0,1.0,1.0,0.0,0.0,0.0,0.0,--
25114808,ECI PROFESSOR ITAN PEREIRA,2504009,Campina Grande,1,2,0.0,0.0,0.0,0.0,1.0,1.0,1.0,1.0,1.0,0.0,0.0,0.0,9.0,--
25116061,JOAQUIM PEREIRA CORDAO - ME,2504009,Campina Grande,1,4,0.0,0.0,0.0,0.0,1.0,0.0,1.0,1.0,1.0,1.0,0.0,0.0,13.0,0
25117459,ECIT PREFEITO WILLIAMS DE SOUSA ARRUDA,2504009,Campina Grande,1,2,0.0,0.0,0.0,0.0,1.0,1.0,1.0,1.0,1.0,0.0,0.0,0.0,0.0,--
25117688,ECIT IRMA STEFANIE,2504009,Campina Grande,1,2,0.0,0.0,0.0,0.0,1.0,1.0,1.0,1.0,1.0,0.0,0.0,0.0,0.0,--
25117858,EEEFM REITOR EDVALDO DO O,2504009,Campina Grande,1,2,0.0,0.0,0.0,0.0,1.0,1.0,1.0,1.0,1.0,0.0,0.0,0.0,0.0,--
25117866,EEEFM POETISA VICENTINA FIGUEIREDO VITAL DO REGO,2504009,Campina Grande,1,2,0.0,0.0,0.0,0.0,1.0,1.0,1.0,1.0,1.0,0.0,0.0,0.0,0.0,--
25117882,EMEF DR WILLIAMS DE SOUZA ARRUDA,2504009,Campina Grande,1,3,0.0,0.0,0.0,0.0,1.0,1.0,1.0,1.0,1.0,0.0,0.0,0.0,0.0,0
25120646,EMEIF MARIA DAS VITORIAS PIRES UCHOA QUEIROZ,2504009,Campina Grande,1,3,0.0,0.0,0.0,0.0,1.0,1.0,1.0,1.0,1.0,0.0,1.0,0.0,4.0,0
25120670,EEEFM MAJOR VENEZIANO VITAL DO REGO,2504009,Campina Grande,1,2,0.0,0.0,0.0,0.0,1.0,1.0,1.0,1.0,1.0,0.0,0.0,0.0,0.0,--
25121669,EMEIF CASSIANO PASCOAL PEREIRA,2504009,Campina Grande,1,3,0.0,0.0,0.0,0.0,1.0,1.0,1.0,1.0,1.0,0.0,0.0,1.0,4.0,0
25121677,EMEIF MANOEL FRANCISCO DA MOTTA,2504009,Campina Grande,1,3,0.0,0.0,0.0,0.0,1.0,1.0,1.0,1.0,1.0,0.0,1.0,0.0,0.0,0
25121685,EMEF ROBERTO SIMONSEN,2504009,Campina Grande,1,3,0.0,0.0,0.0,0.0,1.0,1.0,1.0,1.0,1.0,0.0,1.0,1.0,1.0,0
25122576,EMEIF PAULO FREIRE,2504009,Campina Grande,1,3,0.0,0.0,0.0,0.0,1.0,1.0,1.0,1.0,0.0,0.0,0.0,0.0,0.0,0
25122584,ESCOLA NOVO SABER,2504009,Campina Grande,1,4,0.0,0.0,0.0,0.0,1.0,0.0,1.0,1.0,0.0,0.0,0.0,0.0,0.0,0
25123068,ESCOLA FONTE DO SABER,2504009,Campina Grande,1,4,0.0,0.0,0.0,0.0,1.0,0.0,1.0,1.0,0.0,0.0,0.0,0.0,0.0,0.6
25123254,INSTITUTO EDUCACIONAL DOS BAIXINHOS,2504009,Campina Grande,1,4,0.0,0.0,0.0,0.0,1.0,0.0,1.0,1.0,1.0,0.0,0.0,0.0,0.0,0
25123360,CENTRO EDUCACIONAL EXODO,2504009,Campina Grande,1,4,0.0,0.0,0.0,0.0,1.0,0.0,1.0,1.0,1.0,0.0,0.0,0.0,0.0,0
25123670,CENTRO EDUCACIONAL INFANTIL E FUNDAMENTAL BETH SHALOM,2504009,Campina Grande,1,4,0.0,0.0,0.0,0.0,1.0,0.0,1.0,1.0,1.0,0.0,0.0,0.0,0.0,0
25123734,SERVICO SOCIAL DO COMERCIO - SESC CENTRO,2504009,Campina Grande,1,4,0.0,0.0,0.0,0.0,1.0,0.0,1.0,1.0,1.0,0.0,1.0,0.0,10.0,--
25123750,INSTITUTO EDUCACIONAL INFANTIL,2504009,Campina Grande,1,4,0.0,0.0,0.0,0.0,1.0,0.0,1.0,1.0,1.0,0.0,0.0,0.0,0.0,0
25123858,INSTITUTO REINO DA ALEGRIA,2504009,Campina Grande,1,4,0.0,0.0,0.0,0.0,1.0,0.0,1.0,1.0,1.0,0.0,0.0,0.0,10.0,0
25123866,ESC ENS FUND SANTA IZABEL,2504009,Campina Grande,1,4,0.0,0.0,0.0,0.0,1.0,0.0,1.0,1.0,1.0,0.0,0.0,0.0,0.0,0
25123890,INSTITUTO LAPIS DE CORES,2504009,Campina Grande,1,4,0.0,0.0,0.0,0.0,1.0,0.0,1.0,1.0,0.0,0.0,0.0,0.0,0.0,0
25123904,COLEGIO GERACAO 2000,2504009,Campina Grande,1,4,0.0,0.0,0.0,0.0,1.0,0.0,1.0,1.0,1.0,0.0,0.0,0.0,8.0,0
25123939,MATERNAL PINGO DE MEL,2504009,Campina Grande,1,4,0.0,0.0,0.0,0.0,1.0,0.0,1.0,1.0,1.0,0.0,0.0,0.0,0.0,0
25123980,EEIEF ODILON PEREIRA DE MELO BABY DISNEY,2504009,Campina Grande,1,4,0.0,0.0,0.0,0.0,1.0,0.0,1.0,1.0,1.0,0.0,0.0,0.0,0.0,0
25124021,ESCOLA URSINHO CARINHOSO,2504009,Campina Grande,1,4,0.0,0.0,0.0,0.0,1.0,0.0,1.0,1.0,1.0,0.0,0.0,0.0,0.0,0
25124064,CENTRO EDUCACIONAL MEUS PRIMEIROS PASSOS,2504009,Campina Grande,1,4,0.0,0.0,0.0,0.0,1.0,0.0,1.0,1.0,0.0,0.0,0.0,0.0,0.0,3.4
25124374,INSTITUTO LIRIO DOS VALES,2504009,Campina Grande,1,4,0.0,0.0,0.0,0.0,1.0,0.0,1.0,1.0,1.0,0.0,0.0,0.0,6.0,0
25125672,COLEGIO ALICE COUTINHO LTDA,2504009,Campina Grande,1,4,0.0,0.0,0.0,0.0,1.0,0.0,1.0,1.0,1.0,1.0,1.0,0.0,12.0,--
25125770,INSTITUTO MUNDO DOS SONHOS,2504009,Campina Grande,1,4,0.0,0.0,0.0,0.0,1.0,0.0,1.0,1.0,0.0,0.0,0.0,0.0,0.0,0
25125796,POTENCIAL COLEGIO SERV EDUC NIVEL FUNDAMENTAL LTDA,2504009,Campina Grande,1,4,0.0,0.0,0.0,0.0,1.0,0.0,1.0,1.0,1.0,0.0,0.0,0.0,0.0,0
25125800,INSTITUICAO ADVENTISTA DE EDUCACAO LESTE BRASILEIRA,2504009,Campina Grande,1,4,0.0,0.0,0.0,0.0,1.0,0.0,1.0,1.0,1.0,0.0,0.0,0.0,12.0,0
25126075,CENTRO EDUCACIONAL CORDEL ENCANTADO,2504009,Campina Grande,1,4,0.0,0.0,0.0,0.0,1.0,0.0,1.0,1.0,1.0,0.0,0.0,0.0,0.0,3.2
25126083,ESCOLA LUZ DO SABER,2504009,Campina Grande,1,4,0.0,0.0,0.0,0.0,1.0,0.0,1.0,1.0,0.0,0.0,0.0,0.0,0.0,0
25126105,EDUCANDARIO JEOVA GIRE,2504009,Campina Grande,1,4,0.0,0.0,0.0,0.0,1.0,0.0,1.0,1.0,1.0,0.0,1.0,0.0,0.0,0
25126547,ESCOLA ARTE DE APRENDER,2504009,Campina Grande,1,4,0.0,0.0,0.0,0.0,1.0,0.0,1.0,1.0,1.0,0.0,0.0,0.0,0.0,0
25126628,INSTITUTO EDUCACIONAL PEQUENO CIENTISTA,2504009,Campina Grande,1,4,0.0,0.0,0.0,0.0,1.0,0.0,1.0,1.0,1.0,0.0,0.0,0.0,0.0,0
25126660,CENTRO EDUCACIONAL ESTRELINHAS DO FUTURO,2504009,Campina Grande,1,4,0.0,0.0,0.0,0.0,1.0,0.0,1.0,1.0,0.0,0.0,0.0,0.0,0.0,0
25126733,ESCOLA EMILIA BARBOSA,2504009,Campina Grande,1,4,0.0,0.0,0.0,0.0,1.0,0.0,1.0,1.0,0.0,0.0,0.0,0.0,0.0,0
25126857,INSTITUTO MEN JESUS,2504009,Campina Grande,1,4,0.0,0.0,0.0,0.0,1.0,0.0,1.0,1.0,1.0,0.0,0.0,0.0,0.0,0
25127020,ODACY DE ANDRADE FREITAS SILVA,2504009,Campina Grande,1,4,0.0,0.0,0.0,0.0,1.0,0.0,1.0,1.0,1.0,1.0,1.0,0.0,10.0,0
25127160,UNIDADE PEDAGOGICA 16 DE JULHO LTDA,2504009,Campina Grande,1,4,0.0,0.0,0.0,0.0,1.0,0.0,1.0,1.0,1.0,0.0,0.0,0.0,0.0,0
25127187,ESCOLA MUNDO MODERNO LTDA-ME,2504009,Campina Grande,1,4,0.0,0.0,0.0,0.0,1.0,0.0,1.0,1.0,1.0,0.0,0.0,0.0,0.0,0
25127241,INSTITUTO EDUCACIONAL PEQUENO PRINCIPE,2504009,Campina Grande,1,4,0.0,0.0,0.0,0.0,1.0,0.0,1.0,1.0,0.0,0.0,0.0,0.0,0.0,0
25127349,ESPACO DE EDUCACAO PINGO DE GENTE,2504009,Campina Grande,1,4,0.0,0.0,0.0,0.0,1.0,0.0,1.0,0.0,1.0,0.0,0.0,0.0,0.0,0
25127411,COLEGIO CRISPIM ALMEIDA,2504009,Campina Grande,1,4,0.0,0.0,0.0,0.0,1.0,0.0,1.0,1.0,1.0,0.0,0.0,0.0,0.0,0.9
25128051,ESCOLA FACULDADE DA CRIANCA,2504009,Campina Grande,1,4,0.0,0.0,0.0,0.0,1.0,0.0,1.0,1.0,1.0,0.0,0.0,0.0,0.0,0
25128531,EMEIF PROF ERALDO CESAR DE ARAUJO,2504009,Campina Grande,1,3,0.0,0.0,0.0,0.0,1.0,1.0,1.0,1.0,1.0,0.0,0.0,0.0,0.0,0.2
25128990,CENTRO EDUCACIONAL NOVO TEMPO,2504009,Campina Grande,1,4,0.0,0.0,0.0,0.0,1.0,0.0,1.0,1.0,1.0,0.0,0.0,0.0,0.0,0
25129597,INSTITUTO CORACAO DE MARIA,2504009,Campina Grande,1,4,0.0,0.0,0.0,0.0,1.0,0.0,1.0,1.0,1.0,0.0,0.0,0.0,0.0,0
25129880,CENTRO EDUCACIONAL CRESCER,2504009,Campina Grande,1,4,0.0,0.0,0.0,0.0,1.0,0.0,1.0,1.0,1.0,0.0,0.0,0.0,0.0,0
25130129,ESCOLA FILHOS DO LEAO,2504009,Campina Grande,1,4,0.0,0.0,0.0,0.0,1.0,0.0,1.0,1.0,1.0,0.0,0.0,0.0,0.0,0
25130170,COLEGIO TEREZA DOS SANTOS SILVA,2504009,Campina Grande,1,4,0.0,0.0,0.0,0.0,1.0,0.0,1.0,1.0,1.0,0.0,0.0,0.0,0.0,0
25130331,ECIT PROFESSOR BRAULIO MAIA JUNIOR,2504009,Campina Grande,1,2,0.0,0.0,0.0,0.0,1.0,1.0,1.0,1.0,1.0,1.0,1.0,0.0,14.0,--
25130412,CENTRO EDUCACIONAL PALAVRAS MAGICAS,2504009,Campina Grande,1,4,0.0,0.0,0.0,0.0,1.0,0.0,1.0,1.0,0.0,0.0,0.0,0.0,0.0,1.6
25130463,CENTRO EDUCACIONAL DESENVOLVER,2504009,Campina Grande,1,4,0.0,0.0,0.0,0.0,1.0,0.0,1.0,1.0,0.0,0.0,0.0,0.0,0.0,0
25130676,CENTRO DE ENSINO E EDUCACAO DA BORBOREMA LDTA,2504009,Campina Grande,1,4,0.0,0.0,0.0,0.0,1.0,0.0,1.0,1.0,1.0,0.0,0.0,0.0,8.0,--
25130781,COLEGIO ROSANGELA CAVALCANTI,2504009,Campina Grande,1,4,0.0,0.0,0.0,0.0,1.0,0.0,1.0,1.0,0.0,0.0,0.0,0.0,0.0,0
25130986,MAPLE BEAR,2504009,Campina Grande,1,4,0.0,0.0,0.0,0.0,1.0,1.0,1.0,1.0,0.0,0.0,0.0,0.0,10.0,0
25131176,COLEGIO DE ENSINO FUNDAMENTAL ANDRADE LTDA,2504009,Campina Grande,1,4,0.0,0.0,0.0,0.0,1.0,0.0,1.0,1.0,1.0,1.0,0.0,0.0,8.0,--
25131184,COLEGIO DE EDUCACAO INFANTIL QUEIROZ ANDRADE - EIRELI,2504009,Campina Grande,1,4,0.0,0.0,0.0,0.0,1.0,0.0,1.0,1.0,0.0,0.0,0.0,0.0,17.0,0
25131192,COLEGIO AUTENTICO ENSINO MEDIO - LTDA,2504009,Campina Grande,1,4,0.0,0.0,0.0,0.0,1.0,0.0,1.0,1.0,0.0,1.0,0.0,0.0,7.0,--
25131249,ESCOLA INFANTIL CAIXINHA DO SABER,2504009,Campina Grande,1,4,0.0,0.0,0.0,0.0,1.0,0.0,1.0,1.0,0.0,0.0,0.0,0.0,0.0,0
25131281,LETICYA GABRIELLY DA SILVA SALES,2504009,Campina Grande,1,4,0.0,0.0,0.0,0.0,1.0,0.0,1.0,1.0,0.0,0.0,0.0,0.0,5.0,3.2
25131303,ESCOLA SEMEAR MONTESSORI,2504009,Campina Grande,1,4,0.0,0.0,0.0,0.0,1.0,1.0,1.0,1.0,1.0,1.0,0.0,0.0,0.0,0
25131338,EMEF ESCRITORA LOURDES RAMALHO,2504009,Campina Grande,1,3,0.0,0.0,0.0,0.0,1.0,1.0,1.0,1.0,1.0,1.0,0.0,0.0,1.0,0.4
25131362,EDUCACAO E ENSINO INFANTIL COLEGIO DOCE INFANCIA,2504009,Campina Grande,1,4,0.0,0.0,0.0,0.0,1.0,0.0,1.0,1.0,1.0,0.0,0.0,0.0,0.0,2.9
25131370,EMEF ROMULO JOSE DE GOUVEIA,2504009,Campina Grande,1,3,0.0,0.0,0.0,0.0,1.0,1.0,1.0,1.0,1.0,1.0,0.0,0.0,1.0,0
25131435,ESCOLA PEQUENOS BRINLHANTES,2504009,Campina Grande,1,4,0.0,0.0,0.0,0.0,1.0,0.0,1.0,1.0,0.0,0.0,0.0,0.0,0.0,0
25132296,CENTRO EDUCACIONAL SIMONE SOUZA,2504009,Campina Grande,1,4,0.0,0.0,0.0,0.0,1.0,0.0,1.0,1.0,1.0,0.0,0.0,0.0,5.0,1.4
25132300,ESCOLA DE ENSINO FUNDAMENTAL TRACANDO LETRAS - LTDA,2504009,Campina Grande,1,4,0.0,0.0,0.0,0.0,1.0,0.0,1.0,1.0,1.0,0.0,0.0,0.0,0.0,0
25132377,INSTITUTO DE EDUCACAO META EIRELI - FILIAL,2504009,Campina Grande,1,4,0.0,0.0,0.0,0.0,1.0,0.0,1.0,1.0,1.0,1.0,0.0,0.0,17.0,0
25132555,CENTRO DE ENSINO E EDUCACAO DO ALTO BRANCO LTDA,2504009,Campina Grande,1,4,0.0,0.0,0.0,0.0,1.0,0.0,1.0,1.0,0.0,0.0,0.0,0.0,12.0,0
25132563,CENTRO EDUCACIONAL INTEGRIS,2504009,Campina Grande,1,4,0.0,0.0,0.0,0.0,1.0,0.0,1.0,1.0,1.0,1.0,1.0,0.0,15.0,--
25132822,ESCOLA SESI PRATA,2504009,Campina Grande,1,4,0.0,0.0,0.0,0.0,1.0,0.0,1.0,1.0,1.0,1.0,1.0,0.0,16.0,--
25133128,SEMEANDO O SABER,2504009,Campina Grande,1,4,0.0,0.0,0.0,0.0,1.0,0.0,1.0,1.0,1.0,0.0,0.0,0.0,0.0,0
25133144,CEB - CENTRO EDUCACIONAL BURITY,2504009,Campina Grande,1,4,0.0,0.0,0.0,0.0,1.0,0.0,1.0,1.0,0.0,0.0,0.0,0.0,0.0,0
25133209,INSTITUTO EDUCACIONAL COLO DE MAE,2504009,Campina Grande,1,4,0.0,0.0,0.0,0.0,1.0,0.0,1.0,1.0,1.0,0.0,0.0,0.0,0.0,0
25133268,ESCOLA SUZIANE FRANCA,2504009,Campina Grande,1,4,0.0,0.0,0.0,0.0,1.0,0.0,1.0,1.0,0.0,0.0,0.0,0.0,0.0,0
25133519,COLEGIO MOTIVA LTDA - MOTIVA CENTRO,2504009,Campina Grande,1,4,0.0,0.0,0.0,0.0,1.0,0.0,1.0,1.0,1.0,1.0,1.0,0.0,14.0,--
25133527,COLEGIO MOTIVA LTDA - MOTIVA CAMPUS,2504009,Campina Grande,1,4,0.0,0.0,0.0,0.0,1.0,0.0,1.0,1.0,1.0,0.0,0.0,0.0,0.0,0
25134043,CENTRO EDUCACIONAL INTEGRIS FII LTDA,2504009,Campina Grande,1,4,0.0,0.0,0.0,0.0,1.0,0.0,1.0,1.0,1.0,1.0,1.0,0.0,15.0,0
25134167,CENTRO DE ENSINO E SERVICOS PREPARATORIOS DE VESTIBULARES LTDA,2504009,Campina Grande,1,4,0.0,0.0,0.0,0.0,1.0,0.0,1.0,1.0,1.0,1.0,0.0,0.0,21.0,0
25134256,ALPHA COLEGIO E CURSO,2504009,Campina Grande,1,4,0.0,0.0,0.0,0.0,1.0,0.0,1.0,1.0,1.0,0.0,0.0,0.0,7.0,0
25134426,COLEGIO CACILDIVA,2504009,Campina Grande,1,4,0.0,0.0,0.0,0.0,1.0,0.0,1.0,1.0,1.0,1.0,0.0,0.0,0.0,0
25134728,COLEGIO MODELO TRADICAO LTDA ME,2504009,Campina Grande,1,4,0.0,0.0,0.0,0.0,1.0,0.0,1.0,1.0,1.0,0.0,0.0,0.0,0.0,0
25134795,ESCOLA CONCEITO A,2504009,Campina Grande,1,4,0.0,0.0,0.0,0.0,1.0,0.0,1.0,1.0,0.0,0.0,0.0,0.0,0.0,0
25134841,EEEFM SEVERINO XAVIER DE SOUZA,2504009,Campina Grande,1,2,0.0,0.0,0.0,0.0,1.0,1.0,1.0,1.0,1.0,0.0,0.0,0.0,0.0,--
25135384,NUCLEO EDUCACIONAL BETEL,2504009,Campina Grande,1,4,0.0,0.0,0.0,0.0,1.0,0.0,1.0,1.0,1.0,0.0,1.0,0.0,3.0,0
25135414,ESCOLA KNOX KIDS,2504009,Campina Grande,1,4,0.0,0.0,0.0,0.0,1.0,0.0,1.0,1.0,1.0,0.0,0.0,0.0,7.0,0
25135430,CENTRO EDUCACIONAL META LTDA,2504009,Campina Grande,1,4,0.0,0.0,0.0,0.0,1.0,0.0,1.0,1.0,1.0,1.0,0.0,0.0,13.0,0
25135660,COLEGIO BALAO MAGICO,2504009,Campina Grande,1,4,0.0,0.0,0.0,0.0,1.0,0.0,1.0,1.0,1.0,0.0,0.0,0.0,24.0,0
25135805,ANAIZA CLAUDIA COSTA DE ALMEIDA,2504009,Campina Grande,1,4,8.0,0.0,0.0,0.0,1.0,0.0,1.0,1.0,1.0,0.0,0.0,0.0,1.0,0
25137409,IFPB - CAMPUS CAMPINA GRANDE,2504009,Campina Grande,1,1,0.0,0.0,0.0,0.0,1.0,1.0,1.0,1.0,1.0,1.0,1.0,0.0,82.0,--
25141805,EDUCANDARIO ANJINHO DA GUARDA,2504009,Campina Grande,1,4,0.0,0.0,0.0,0.0,1.0,0.0,1.0,0.0,1.0,0.0,0.0,1.0,0.0,0
25150200,EMEIF ESTUDANTE LEONARDO VITORINO GUIMARAES,2504009,Campina Grande,1,3,0.0,0.0,0.0,0.0,1.0,1.0,1.0,1.0,1.0,0.0,0.0,0.0,0.0,0
25151401,EEEM ANTONIO GUEDES DE ANDRADE,2504009,Campina Grande,2,2,0.0,0.0,0.0,0.0,0.0,1.0,1.0,1.0,0.0,0.0,0.0,1.0,0.0,--
25158805,ESCOLA EVOLUCAO INFANTIL,2504009,Campina Grande,1,4,0.0,0.0,0.0,0.0,1.0,0.0,1.0,1.0,1.0,0.0,0.0,0.0,0.0,0
25161814,ESCOLA DE ENSINO F ENENEZER,2504009,Campina Grande,1,4,0.0,0.0,0.0,0.0,1.0,0.0,1.0,1.0,1.0,0.0,1.0,0.0,0.0,0
25162810,ESCOLA JESUS DE NAZARE,2504009,Campina Grande,1,4,0.0,0.0,0.0,0.0,1.0,0.0,1.0,1.0,1.0,1.0,0.0,0.0,0.0,1.5
25170805,CENTRO DE EDUCACAO E FORMACAO INFANTIL,2504009,Campina Grande,1,4,0.0,0.0,0.0,0.0,1.0,0.0,1.0,1.0,0.0,0.0,0.0,0.0,0.0,2.5
25192809,ESCOLA PEQUENO GIGANTE,2504009,Campina Grande,1,4,0.0,0.0,0.0,0.0,1.0,0.0,1.0,1.0,1.0,0.0,1.0,0.0,6.0,0
25206800,ANA VIRGINIA SARAIVA DO NASCIMENTO,2504009,Campina Grande,1,4,0.0,0.0,0.0,0.0,1.0,0.0,1.0,1.0,1.0,1.0,0.0,0.0,8.0,--
25213806,COLEGIO E CURSO PETRONIO FIGUEIREDO LTDA,2504009,Campina Grande,1,4,0.0,0.0,0.0,0.0,1.0,0.0,1.0,1.0,1.0,1.0,0.0,0.0,0.0,--
25224808,IINSTITUTO BEM ME QUER,2504009,Campina Grande,1,4,0.0,0.0,0.0,0.0,1.0,0.0,1.0,1.0,1.0,0.0,0.0,0.0,0.0,0
25233807,ESCOLA EDUCATIVA ARTE INFANTIL,2504009,Campina Grande,1,4,0.0,0.0,0.0,0.0,1.0,0.0,1.0,1.0,1.0,0.0,0.0,0.0,0.0,0
25234803,ESCOLA DE ENSINO FUNDAMENTAL ERNESTO BARROS,2504009,Campina Grande,1,4,0.0,0.0,0.0,0.0,1.0,0.0,1.0,1.0,1.0,0.0,0.0,0.0,0.0,0
25245945,ESCOLA MONTE LIBANO,2504009,Campina Grande,1,4,0.0,0.0,0.0,0.0,1.0,0.0,1.0,1.0,1.0,0.0,1.0,0.0,0.0,0
25251945,EEEFM ZULEIDE CAVALCANTE PORTO,2504009,Campina Grande,1,2,0.0,0.0,0.0,0.0,1.0,1.0,1.0,1.0,1.0,0.0,0.0,0.0,0.0,--
25254936,INSTITUTO JOAO DIONISIO NETO,2504009,Campina Grande,1,4,0.0,0.0,0.0,0.0,1.0,0.0,1.0,1.0,1.0,0.0,0.0,0.0,0.0,0
25256939,EDUCANDARIO PADRE CELIO,2504009,Campina Grande,1,4,0.0,0.0,0.0,0.0,1.0,0.0,1.0,1.0,1.0,0.0,0.0,0.0,4.0,0
25268937,O MUNDO COLORIDO DA CRIANCA,2504009,Campina Grande,1,4,0.0,0.0,0.0,0.0,1.0,0.0,1.0,1.0,1.0,0.0,0.0,0.0,0.0,0
25294920,LUCIA LINDOLFO DE FREITAS,2504009,Campina Grande,1,4,0.0,0.0,0.0,0.0,1.0,0.0,1.0,1.0,1.0,0.0,0.0,0.0,14.0,0
25294946,CENTRO EDUCACIONAL DIMENSAO,2504009,Campina Grande,1,4,0.0,0.0,0.0,0.0,1.0,0.0,1.0,1.0,1.0,0.0,0.0,0.0,6.0,0
25296922,ESCOLA MOTIVACAO,2504009,Campina Grande,1,4,0.0,0.0,0.0,0.0,1.0,0.0,1.0,1.0,0.0,0.0,0.0,0.0,8.0,0
25072404,EEEFM RUBENS DUTRA SEGUNDO,2504009,Campina Grande,2,2,0.0,0.0,0.0,0.0,1.0,1.0,1.0,1.0,1.0,0.0,1.0,1.0,0.0,--
25074326,EMEIF FELIX ARAUJO,2504009,Campina Grande,1,3,0.0,0.0,0.0,0.0,1.0,1.0,1.0,1.0,1.0,0.0,1.0,0.0,8.0,0
25074571,EMEF LIONS PRATA,2504009,Campina Grande,1,3,0.0,0.0,0.0,1.0,1.0,1.0,1.0,1.0,1.0,0.0,0.0,0.0,8.0,--
25076205,EMEIF ALMIRANTE TAMANDARE,2504009,Campina Grande,2,3,1.0,0.0,0.0,0.0,1.0,1.0,1.0,1.0,0.0,0.0,0.0,0.0,0.0,0
25076213,EMEIF ANTONIO TELHA,2504009,Campina Grande,2,3,0.0,0.0,0.0,0.0,1.0,1.0,1.0,1.0,1.0,0.0,0.0,0.0,2.0,0
25076221,EMEIF JOAO FRANCISCO DA MOTA,2504009,Campina Grande,2,3,0.0,0.0,0.0,0.0,1.0,1.0,1.0,1.0,1.0,0.0,0.0,1.0,0.0,0
25076230,EMEIF MANOEL JOAQUIM DE AGUIAR,2504009,Campina Grande,2,3,0.0,0.0,0.0,0.0,1.0,1.0,1.0,1.0,0.0,0.0,0.0,1.0,3.0,0
25076256,EMEIF NOSSA SRA DO PERPETUO SOCORRO,2504009,Campina Grande,2,3,0.0,0.0,0.0,0.0,1.0,1.0,1.0,1.0,1.0,0.0,0.0,0.0,1.0,0
25117955,COLEGIO MOTIVA LTDA - EPP,2504009,Campina Grande,1,4,0.0,0.0,0.0,0.0,1.0,0.0,1.0,1.0,1.0,1.0,1.0,0.0,5.0,0
25123998,EEEFM WALNYZA BORBOREMA CUNHA LIMA,2504009,Campina Grande,2,2,0.0,0.0,0.0,0.0,1.0,1.0,1.0,1.0,1.0,0.0,0.0,1.0,0.0,--
25071394,ECI MONSENHOR SALES,2504009,Campina Grande,2,2,0.0,0.0,0.0,0.0,1.0,1.0,1.0,1.0,1.0,0.0,0.0,0.0,0.0,--
25073761,EMEIF MARIA DA LUZ,2504009,Campina Grande,2,3,0.0,0.0,0.0,0.0,1.0,1.0,1.0,1.0,0.0,0.0,0.0,0.0,2.0,0
25076280,EMEIF IRACEMA PIMENTEL,2504009,Campina Grande,2,3,0.0,0.0,0.0,0.0,1.0,1.0,1.0,1.0,1.0,0.0,0.0,0.0,2.0,0
25076434,EMEF CAP SEVERIANO FABIO DA SILVA AMORIM,2504009,Campina Grande,2,3,0.0,0.0,0.0,0.0,1.0,1.0,1.0,1.0,0.0,0.0,0.0,1.0,1.0,0
25076442,EMEIF JOSE ANTONIO RODRIGUES,2504009,Campina Grande,2,3,0.0,0.0,0.0,0.0,1.0,1.0,1.0,1.0,0.0,0.0,0.0,1.0,1.0,0
25076485,EMEIF VER ANTONIO JOSE RODRIGUES,2504009,Campina Grande,2,3,0.0,0.0,0.0,0.0,1.0,1.0,1.0,1.0,0.0,0.0,0.0,1.0,3.0,0
25076493,EMEIF CICERO CORREIA DE MENESES,2504009,Campina Grande,2,3,0.0,0.0,0.0,0.0,1.0,1.0,1.0,1.0,0.0,0.0,1.0,0.0,4.0,0
25076515,EMEF JOSE GOMES FILHO,2504009,Campina Grande,2,3,0.0,0.0,0.0,0.0,1.0,1.0,1.0,1.0,0.0,0.0,0.0,1.0,2.0,0
25130625,ESCOLA INFANTIL CANTINHO DO SABER,2504009,Campina Grande,1,4,0.0,0.0,0.0,0.0,1.0,0.0,1.0,1.0,0.0,0.0,0.0,0.0,0.0,0
25130633,EMEF PROFA LAURA MENEZES DE AMORIM,2504009,Campina Grande,2,3,0.0,0.0,0.0,0.0,1.0,1.0,1.0,1.0,0.0,0.0,0.0,0.0,0.0,--
25152815,EEEM ISABEL RODRIGUES DE MELO,2504009,Campina Grande,2,2,0.0,0.0,0.0,0.0,0.0,1.0,1.0,1.0,1.0,0.0,0.0,1.0,0.0,--
25259920,CENTRO EDUCACIONAL CONSTRUIR,2504009,Campina Grande,1,4,0.0,0.0,0.0,0.0,1.0,0.0,1.0,1.0,1.0,0.0,0.0,0.0,8.0,0
25076590,ECI JOSE MIGUEL LEAO,2504009,Campina Grande,2,2,0.0,0.0,0.0,0.0,1.0,1.0,1.0,1.0,1.0,0.0,0.0,0.0,6.0,--
25076884,EMEIF GABRIEL SOARES,2504009,Campina Grande,2,3,0.0,0.0,0.0,0.0,1.0,1.0,1.0,1.0,0.0,0.0,0.0,1.0,0.0,0
25076892,EMEIF INACIO LUIZ DE LIMA,2504009,Campina Grande,2,3,0.0,0.0,0.0,0.0,1.0,1.0,1.0,1.0,0.0,0.0,0.0,1.0,0.0,0
25076922,EMEIF PROF PEDRO OTAVIO,2504009,Campina Grande,2,3,0.0,0.0,0.0,0.0,1.0,1.0,1.0,1.0,0.0,0.0,0.0,0.0,0.0,0
25076930,EMEIF SAO CLEMENTE,2504009,Campina Grande,2,3,0.0,0.0,0.0,0.0,1.0,1.0,1.0,1.0,1.0,0.0,0.0,0.0,12.0,0
25077023,EMEIF LUIS JUVINO GOMES,2504009,Campina Grande,2,3,0.0,0.0,0.0,0.0,1.0,1.0,1.0,1.0,0.0,0.0,0.0,0.0,2.0,0
25077040,EMEIF PROF LUIZ GIL,2504009,Campina Grande,2,3,0.0,0.0,0.0,0.0,1.0,1.0,1.0,1.0,0.0,0.0,0.0,1.0,0.0,0
25077058,EMEIF PROF MAURO LUNA,2504009,Campina Grande,2,3,0.0,0.0,0.0,0.0,1.0,1.0,1.0,1.0,1.0,0.0,0.0,0.0,0.0,0
25077066,EMEF ANTONIO ALVES DE ARAUJO,2504009,Campina Grande,2,3,0.0,0.0,0.0,0.0,1.0,1.0,1.0,1.0,0.0,0.0,0.0,0.0,0.0,0
25121260,CENTRO EDUCACIONAL CRIATIVO,2504009,Campina Grande,1,4,0.0,0.0,0.0,0.0,1.0,0.0,1.0,1.0,0.0,0.0,0.0,0.0,0.0,0
25124315,CENTRO EDUCACIONAL ARTE E VIDA,2504009,Campina Grande,1,4,0.0,0.0,0.0,0.0,1.0,0.0,1.0,1.0,1.0,0.0,0.0,0.0,0.0,0
25127519,AECAD - ASSOCIACAO DE EDUCACAO E CULTURA ALFREDO DANTAS,2504009,Campina Grande,1,4,0.0,0.0,0.0,0.0,1.0,0.0,1.0,0.0,1.0,1.0,1.0,0.0,15.0,0
25129520,UNIDADE EDUCACIONAL CONSTRUIR,2504009,Campina Grande,1,4,0.0,0.0,0.0,0.0,1.0,0.0,1.0,1.0,1.0,0.0,0.0,0.0,1.0,3.8
25148800,EMEIF MARIA SALOME ALVES DOS SANTOS,2504009,Campina Grande,2,3,0.0,0.0,0.0,0.0,1.0,1.0,1.0,1.0,0.0,0.0,0.0,0.0,4.0,0
25087304,ECI E E M JOSE WILSON DE ALBUQUERQUE MELO,2504033,Capim,1,2,0.0,0.0,0.0,0.0,1.0,1.0,1.0,1.0,1.0,1.0,1.0,0.0,6.0,--
25087312,EMEFM DEP JOAO FERNANDES DE LIMA,2504033,Capim,1,3,0.0,0.0,0.0,0.0,1.0,1.0,1.0,1.0,0.0,0.0,0.0,0.0,11.0,2
25087347,ESC MUL JOAQUIM HERMINIO DOS SANTOS,2504033,Capim,1,3,0.0,0.0,0.0,0.0,1.0,1.0,1.0,1.0,0.0,0.0,0.0,0.0,5.0,0
25114123,ESC MUL FRANCISCO BEZERRA DA COSTA,2504033,Capim,2,3,0.0,0.0,0.0,0.0,1.0,1.0,1.0,1.0,0.0,0.0,0.0,0.0,4.0,0
25130218,EMEIEF PROFESSORA BEATRIZ SILVA DO NASCIMENTO,2504033,Capim,1,3,0.0,0.0,0.0,0.0,1.0,1.0,1.0,1.0,0.0,0.0,0.0,0.0,3.0,0
25132970,ESCOLA CONFESSIONAL CAPIM KIDS LTDA,2504033,Capim,1,4,0.0,0.0,0.0,0.0,1.0,0.0,1.0,1.0,0.0,0.0,0.0,0.0,4.0,0
25239902,EPEIF CENTRO EDUCACIONAL MANOEL BENTO,2504033,Capim,1,4,0.0,0.0,0.0,0.0,1.0,0.0,1.0,1.0,1.0,0.0,0.0,1.0,0.0,0
25116037,ESC MUL PROFA EUNICE ALVES DOS SANTOS,2504033,Capim,1,3,0.0,0.0,0.0,0.0,1.0,1.0,1.0,1.0,0.0,0.0,0.0,0.0,6.0,--
25126814,INSTITUTO EDUCACIONAL TIA DULCE,2504033,Capim,2,4,0.0,0.0,0.0,1.0,1.0,0.0,1.0,1.0,1.0,0.0,0.0,0.0,0.0,0
25054490,ECI CEL SERVELIANO DE FARIAS CASTRO,2504074,Caraúbas,1,2,0.0,0.0,0.0,0.0,1.0,1.0,1.0,1.0,1.0,0.0,0.0,0.0,0.0,--
25054554,EMEIEF SOTER CORREIA NEVES,2504074,Caraúbas,2,3,0.0,0.0,0.0,0.0,1.0,1.0,1.0,1.0,0.0,0.0,1.0,0.0,2.0,0
25054562,EMEIEF EMILIANO PEREIRA DE ARAUJO,2504074,Caraúbas,2,3,0.0,0.0,0.0,0.0,1.0,1.0,1.0,1.0,0.0,0.0,0.0,0.0,2.0,0
25054570,EMEIEF JOAO JOSE DE ALCANTARA,2504074,Caraúbas,2,3,0.0,0.0,0.0,0.0,1.0,1.0,1.0,1.0,0.0,0.0,0.0,0.0,7.0,0
25054651,EMEIEF JOAO ANTONIO DE SOUSA,2504074,Caraúbas,2,3,0.0,0.0,0.0,0.0,1.0,1.0,1.0,1.0,0.0,0.0,0.0,0.0,3.0,0
25123823,ESCOLA ECOLOGICA ALICE JORGE DA SILVA,2504074,Caraúbas,1,3,0.0,0.0,0.0,0.0,1.0,1.0,1.0,1.0,1.0,0.0,1.0,0.0,13.0,0
25009192,ECI JOEL PEREIRA DA SILVA,2504108,Carrapateira,1,2,0.0,0.0,0.0,0.0,1.0,1.0,1.0,1.0,1.0,0.0,0.0,0.0,4.0,--
25009370,EMEF GALDINO ANTONIO DA SILVA,2504108,Carrapateira,1,3,0.0,0.0,0.0,0.0,1.0,1.0,1.0,1.0,1.0,0.0,0.0,0.0,8.0,0
25009389,EMEF ALFREDO CAVALCANTE,2504108,Carrapateira,1,3,0.0,0.0,0.0,0.0,1.0,1.0,1.0,1.0,1.0,0.0,0.0,0.0,8.0,0
25060619,EMEIF PEDRO SILVINO BEZERRA,2504157,Casserengue,2,3,0.0,0.0,0.0,0.0,1.0,1.0,1.0,1.0,1.0,0.0,0.0,0.0,1.0,1.9
25060686,EMEIF JANUARIO FERREIRA DE SOUZA,2504157,Casserengue,2,3,0.0,0.0,0.0,0.0,1.0,1.0,1.0,1.0,1.0,0.0,0.0,0.0,0.0,0
25060872,EMEF FERNANDO MACENA DA SILVA,2504157,Casserengue,1,3,0.0,0.0,0.0,0.0,1.0,1.0,1.0,1.0,1.0,0.0,0.0,0.0,5.0,0.3
25060961,EMEF MARIA DE LOURDES SILVA,2504157,Casserengue,1,3,0.0,0.0,0.0,0.0,1.0,1.0,1.0,1.0,1.0,0.0,1.0,0.0,3.0,--
25110780,ECI PROFESSORA BEATRIZ MARIA DE ABREU,2504157,Casserengue,1,2,0.0,0.0,0.0,0.0,1.0,1.0,1.0,1.0,0.0,0.0,0.0,0.0,0.0,--
25024175,ECIT INACIO DA CATINGUEIRA,2504207,Catingueira,1,2,0.0,0.0,0.0,0.0,0.0,1.0,1.0,0.0,0.0,0.0,0.0,1.0,0.0,--
25024221,EMEF ADELAIDE LEITE LOUREIRO,2504207,Catingueira,2,3,1.0,0.0,0.0,0.0,1.0,1.0,1.0,1.0,1.0,0.0,0.0,1.0,2.0,0
25024353,EMEF - MARIA CELESTE PIRES LEITE,2504207,Catingueira,1,3,0.0,0.0,0.0,0.0,1.0,1.0,1.0,1.0,1.0,1.0,1.0,0.0,15.0,0
25001744,C EDUC DE APERFEICOAMENTO DE CATOLE,2504306,Catolé do Rocha,1,4,0.0,0.0,0.0,0.0,1.0,0.0,1.0,1.0,0.0,1.0,0.0,0.0,25.0,0
25001760,CENTRO DE ENS FUND LUZIA MAIA,2504306,Catolé do Rocha,1,3,0.0,0.0,0.0,0.0,1.0,1.0,1.0,1.0,1.0,0.0,1.0,0.0,30.0,0
25001787,COL NORMAL FRANCISCA MENDES,2504306,Catolé do Rocha,1,4,0.0,0.0,0.0,0.0,1.0,0.0,1.0,1.0,1.0,0.0,0.0,0.0,24.0,0
25001795,COLEGIO TECNICO DOM VITAL,2504306,Catolé do Rocha,1,4,0.0,0.0,0.0,0.0,1.0,0.0,1.0,1.0,1.0,0.0,0.0,0.0,22.0,0
25001817,EDUCANDARIO JOAO AGRIPINO FILHO,2504306,Catolé do Rocha,1,4,0.0,0.0,0.0,0.0,1.0,0.0,0.0,1.0,1.0,1.0,1.0,0.0,16.0,0
25001825,EEEM ESC AGROTECNICA DO CAJUEIRO CAMPUS IV - UEPB,2504306,Catolé do Rocha,1,2,0.0,0.0,0.0,0.0,1.0,1.0,1.0,1.0,1.0,1.0,1.0,0.0,7.0,--
25001833,ECIT OBDULIA DANTAS,2504306,Catolé do Rocha,1,2,0.0,0.0,0.0,0.0,1.0,1.0,1.0,0.0,1.0,1.0,1.0,0.0,11.0,--
25001906,ECI JOAO SUASSUNA,2504306,Catolé do Rocha,1,2,0.0,0.0,0.0,0.0,1.0,1.0,1.0,1.0,1.0,1.0,1.0,0.0,8.0,--
25002023,EMPG ABDON JOSE DE OLIVEIRA,2504306,Catolé do Rocha,2,3,3.0,0.0,0.0,0.0,1.0,1.0,1.0,1.0,0.0,0.0,0.0,0.0,2.0,0
25002139,EMPG DE JENIPAPEIRO,2504306,Catolé do Rocha,2,3,0.0,0.0,0.0,0.0,1.0,1.0,1.0,1.0,0.0,0.0,0.0,0.0,2.0,0
25002147,EMPG DE MAPIRUNGA,2504306,Catolé do Rocha,2,3,0.0,0.0,0.0,0.0,1.0,1.0,1.0,1.0,0.0,0.0,0.0,0.0,0.0,0
25002171,ESC MUL LEONILDA DE FREITAS,2504306,Catolé do Rocha,2,3,3.0,0.0,0.0,0.0,1.0,1.0,1.0,1.0,0.0,0.0,0.0,0.0,2.0,0
25002198,EMPG PROFESSORA CATARINA DE SOUSA MAIA,2504306,Catolé do Rocha,1,3,0.0,0.0,0.0,0.0,1.0,1.0,1.0,1.0,1.0,1.0,1.0,0.0,35.0,0
25002201,EMPG DES MANOEL M DE VASCONCELO,2504306,Catolé do Rocha,2,3,0.0,0.0,0.0,0.0,1.0,1.0,1.0,1.0,0.0,0.0,0.0,0.0,2.0,0
25002260,EMPG PE CANDIDO DE A BARRETO,2504306,Catolé do Rocha,2,3,0.0,0.0,0.0,0.0,1.0,1.0,1.0,1.0,0.0,0.0,0.0,0.0,3.0,0
25002279,EMPG ANTONIO GOMES,2504306,Catolé do Rocha,1,3,0.0,0.0,0.0,0.0,1.0,1.0,1.0,1.0,0.0,0.0,1.0,0.0,5.0,0
25002317,EMPG MANOEL VIEIRA DE LIMA,2504306,Catolé do Rocha,2,3,0.0,0.0,0.0,0.0,1.0,1.0,1.0,1.0,0.0,0.0,0.0,0.0,2.0,0
25104721,ESCOLA PARAISO DA CRIANCA,2504306,Catolé do Rocha,1,4,0.0,0.0,0.0,0.0,1.0,0.0,1.0,1.0,1.0,0.0,0.0,0.0,7.0,0
25128388,IFPB - CAMPUS CATOLE DO ROCHA,2504306,Catolé do Rocha,1,1,0.0,0.0,0.0,0.0,1.0,1.0,1.0,1.0,1.0,1.0,1.0,0.0,17.0,--
25128744,CENTRO EDUCACIONAL ESPACO DO SABER,2504306,Catolé do Rocha,1,4,0.0,0.0,0.0,0.0,1.0,0.0,1.0,1.0,1.0,0.0,0.0,0.0,8.0,0
25133659,COLEGIO CORACAO DE MARIA,2504306,Catolé do Rocha,1,4,0.0,0.0,0.0,0.0,1.0,0.0,1.0,1.0,0.0,0.0,0.0,0.0,5.0,0
25002376,EEEF FABIO MARIZ MAIA,2504306,Catolé do Rocha,2,2,0.0,0.0,0.0,0.0,1.0,1.0,1.0,1.0,1.0,0.0,1.0,1.0,0.0,--
25002392,EMPG VARZEA DO TAPUIO,2504306,Catolé do Rocha,2,3,0.0,0.0,0.0,0.0,1.0,1.0,1.0,1.0,0.0,0.0,0.0,0.0,4.0,0
25052802,ECI FELIX ARAUJO,2504355,Caturité,1,2,0.0,0.0,0.0,0.0,1.0,1.0,1.0,1.0,0.0,0.0,0.0,1.0,0.0,--
25052853,GRUPO ESCOLAR JOSE CABRAL DE SOUSA FILHO,2504355,Caturité,2,3,0.0,0.0,0.0,0.0,1.0,1.0,1.0,1.0,1.0,0.0,0.0,0.0,6.0,0
25052861,GRUPO ESCOLAR BELARMINO PERES DA SILVA,2504355,Caturité,2,3,0.0,0.0,0.0,0.0,1.0,1.0,1.0,1.0,0.0,0.0,0.0,0.0,0.0,0
25052934,GRUPO ESCOLAR JOAQUIM BARBOSA,2504355,Caturité,2,3,0.0,0.0,0.0,0.0,1.0,1.0,1.0,1.0,1.0,0.0,0.0,0.0,0.0,0
25102860,UNIDADE MISTA MARIA DUARTE DA COSTA,2504355,Caturité,2,3,0.0,0.0,0.0,0.0,1.0,1.0,1.0,1.0,1.0,0.0,0.0,0.0,3.0,0
25106678,ESCOLA MUNICIPAL ENSINO FUNDAMENTAL ANTONIO TROVAO DE MELO,2504355,Caturité,1,3,0.0,0.0,0.0,0.0,1.0,1.0,1.0,1.0,1.0,0.0,0.0,0.0,2.0,0
25123653,EDUCANDARIO LUZINETE BARBOSA,2504355,Caturité,1,4,0.0,0.0,0.0,0.0,1.0,0.0,1.0,1.0,0.0,0.0,0.0,0.0,5.0,0
25285920,ESCOLA MUNICIPAL RURAL DE ENSINO FUNDAMENTAL MARIA VERISSIMO DE SOUSA,2504355,Caturité,1,3,0.0,0.0,0.0,0.0,1.0,1.0,1.0,1.0,1.0,0.0,1.0,0.0,0.0,--
25027930,ECIT MAESTRO JOSE SIQUEIRA,2504405,Conceição,1,2,0.0,0.0,0.0,0.0,0.0,1.0,1.0,1.0,0.0,0.0,0.0,1.0,4.0,--
25027999,EEEF CALULA LEITE,2504405,Conceição,1,2,0.0,0.0,0.0,0.0,1.0,1.0,1.0,1.0,1.0,0.0,1.0,0.0,6.0,0
25028022,EEEF JOSE LEITE,2504405,Conceição,1,2,0.0,0.0,0.0,0.0,1.0,1.0,1.0,1.0,1.0,0.0,0.0,0.0,2.0,--
25028065,EEEM NOSSA SENHORA DE FATIMA,2504405,Conceição,1,2,0.0,0.0,0.0,0.0,0.0,1.0,1.0,0.0,0.0,0.0,0.0,1.0,0.0,--
25028251,EMEF SEVERINO JOSE DOS SANTOS,2504405,Conceição,2,3,0.0,0.0,0.0,0.0,1.0,1.0,1.0,0.0,0.0,0.0,0.0,1.0,1.0,0
25028260,EMEF VILEMAR PEREIRA XAVIER,2504405,Conceição,2,3,0.0,0.0,0.0,0.0,1.0,1.0,1.0,1.0,0.0,0.0,0.0,0.0,2.0,0
25028332,EMEF MANOEL PEREIRA DE BRITO,2504405,Conceição,2,3,0.0,0.0,0.0,0.0,1.0,1.0,1.0,1.0,0.0,0.0,0.0,0.0,1.0,0
25028375,EMEF ANTONIO MANOEL BEZERRA,2504405,Conceição,2,3,0.0,0.0,0.0,0.0,1.0,1.0,1.0,0.0,0.0,0.0,0.0,0.0,1.0,0
25028383,EMEF ANTONIO XAVIER MARTINS,2504405,Conceição,2,3,0.0,0.0,0.0,0.0,1.0,1.0,1.0,0.0,0.0,0.0,0.0,1.0,1.0,0
25028677,EMEF EPITACIO DE SA RAMALHO,2504405,Conceição,2,3,0.0,0.0,0.0,0.0,1.0,1.0,1.0,0.0,0.0,0.0,0.0,1.0,1.0,0
25028693,EMEF HOZANO MIGUEL DE SOUSA,2504405,Conceição,2,3,0.0,0.0,0.0,0.0,1.0,1.0,1.0,1.0,1.0,0.0,1.0,0.0,8.0,0
25028707,EMEF JOAO LOPES DE SOUSA,2504405,Conceição,2,3,0.0,0.0,0.0,0.0,1.0,1.0,1.0,1.0,0.0,0.0,0.0,1.0,2.0,0
25028774,EMEF MAJO OTONI RANGEL,2504405,Conceição,2,3,0.0,0.0,0.0,0.0,1.0,1.0,1.0,1.0,0.0,0.0,0.0,1.0,2.0,0
25028812,EMEF DO SITIO CHICO VAQUEIRO,2504405,Conceição,2,3,0.0,0.0,0.0,0.0,1.0,1.0,1.0,1.0,0.0,0.0,0.0,1.0,1.0,0
25028871,EMEF JOSE ANTONIO DA COSTA,2504405,Conceição,2,3,0.0,0.0,0.0,0.0,1.0,1.0,1.0,0.0,0.0,0.0,0.0,1.0,1.0,0
25028880,EMEF JOSE MARIANO DE SOUSA,2504405,Conceição,2,3,0.0,0.0,0.0,1.0,1.0,1.0,1.0,0.0,0.0,0.0,0.0,1.0,1.0,0
25028898,EMEF MARIA DO CARMO DINIZ LIRA,2504405,Conceição,2,3,0.0,0.0,0.0,0.0,1.0,1.0,1.0,0.0,0.0,0.0,0.0,1.0,1.0,0
25028901,EMEF MANOEL MARTINS,2504405,Conceição,2,3,0.0,0.0,0.0,0.0,1.0,1.0,1.0,0.0,0.0,0.0,0.0,1.0,1.0,0
25028910,EMEF PROFESSOR JOSE RAIMUNDO DE SOUSA NETO - PADRE ZE,2504405,Conceição,1,3,0.0,0.0,0.0,0.0,1.0,1.0,1.0,1.0,0.0,0.0,0.0,0.0,10.0,0
25029088,EMEF JOAO TOMAZ DE ALMEIDA,2504405,Conceição,2,3,0.0,0.0,0.0,0.0,1.0,1.0,1.0,0.0,0.0,0.0,0.0,1.0,2.0,0
25029100,EMEF DOMINGOS MACARIO RAMOS,2504405,Conceição,2,3,0.0,0.0,0.0,0.0,1.0,1.0,1.0,0.0,0.0,0.0,0.0,1.0,2.0,0
25029126,EMEF IZABENETE PIRES RAMALHO,2504405,Conceição,2,3,0.0,0.0,0.0,0.0,1.0,1.0,1.0,0.0,0.0,0.0,0.0,0.0,2.0,0
25029223,ESC MUN MARTINHO FURTADO DE FREITAS,2504405,Conceição,2,3,0.0,0.0,0.0,0.0,1.0,1.0,1.0,1.0,0.0,0.0,0.0,1.0,2.0,0
25029428,EMEF JOAQUIM NUTO DE FIGUEIREDO,2504405,Conceição,2,3,0.0,0.0,0.0,0.0,1.0,1.0,1.0,0.0,0.0,0.0,0.0,1.0,1.0,0
25029444,ESC MUL MANOEL MARTINS DE MORAIS,2504405,Conceição,2,3,0.0,0.0,0.0,0.0,1.0,1.0,1.0,0.0,0.0,0.0,0.0,1.0,3.0,0
25029452,EMEF MANOEL PEDRO DO NASCIMENTO,2504405,Conceição,2,3,0.0,0.0,0.0,0.0,1.0,1.0,1.0,0.0,0.0,0.0,0.0,1.0,1.0,0
25029541,INSTITUTO JOAO SIQUEIRA DE FIGUEIREDO,2504405,Conceição,1,4,0.0,0.0,0.0,0.0,1.0,0.0,1.0,1.0,1.0,0.0,1.0,0.0,16.0,0
25103269,COLEGIO JOAO HERMAN RODRIGUES DE FIGUEIREDO,2504405,Conceição,1,4,0.0,0.0,0.0,0.0,1.0,0.0,1.0,1.0,1.0,1.0,1.0,0.0,16.0,0
25114220,EMEF ANA FIGUEIREDO,2504405,Conceição,2,3,0.0,0.0,0.0,0.0,1.0,1.0,1.0,0.0,0.0,0.0,0.0,1.0,2.0,0
25114239,EMEF RAIMUNDA LEITE SOBRINHA,2504405,Conceição,1,3,0.0,0.0,0.0,0.0,1.0,1.0,1.0,1.0,1.0,1.0,1.0,0.0,14.0,0.6
25117378,EMEF FRANCISCO DE OLIVEIRA BRAGA,2504405,Conceição,1,3,0.0,0.0,0.0,0.0,1.0,1.0,1.0,1.0,0.0,0.0,0.0,0.0,8.0,0
25117386,EMEF MARTINHO FURTADO DE LACERDA,2504405,Conceição,2,3,0.0,0.0,0.0,0.0,1.0,1.0,1.0,0.0,0.0,0.0,0.0,0.0,2.0,0
25117408,EMEF DE TRAVESSAO,2504405,Conceição,2,3,0.0,0.0,0.0,0.0,1.0,1.0,1.0,0.0,0.0,0.0,0.0,1.0,2.0,0
25128825,COLEGIO DIVINO PAI ETERNO - CDPE,2504405,Conceição,1,4,0.0,0.0,0.0,0.0,1.0,0.0,1.0,1.0,1.0,0.0,0.0,0.0,0.0,0
25129171,EMEI FRANCISCA SOARES LACERDA - DONA CHICOLA,2504405,Conceição,1,3,0.0,0.0,0.0,0.0,1.0,1.0,1.0,1.0,0.0,0.0,0.0,0.0,10.0,0
25028782,EMEF ARLINDO BATISTA PALITOT,2504405,Conceição,2,3,0.0,0.0,0.0,0.0,1.0,1.0,1.0,1.0,0.0,0.0,0.0,0.0,2.0,0
25013840,ECIT DOUTOR TRAJANO PIRES DA NOBREGA,2504504,Condado,1,2,0.0,0.0,0.0,1.0,1.0,1.0,1.0,1.0,1.0,1.0,1.0,0.0,11.0,--
25013890,GR ESC MUL FRANCISCO BARBOSA DOS SANTOS,2504504,Condado,2,3,0.0,0.0,0.0,0.0,1.0,1.0,1.0,1.0,0.0,0.0,0.0,0.0,2.0,0
25013980,ESC MUL CIPRIANO LINHARES DE ARAGAO,2504504,Condado,2,3,0.0,0.0,0.0,0.0,1.0,1.0,1.0,1.0,0.0,0.0,0.0,0.0,0.0,0
25014048,GR ESC MUL MANOEL JOAO DE ALMEIDA,2504504,Condado,2,3,0.0,0.0,0.0,0.0,1.0,1.0,1.0,1.0,0.0,0.0,0.0,0.0,2.0,0
25014145,GR ESC MUL MANOEL PAULINO DE ARAUJO,2504504,Condado,2,3,0.0,0.0,0.0,0.0,1.0,1.0,1.0,1.0,0.0,0.0,0.0,1.0,2.0,0
25014170,ESC MUL SEBASTIAO ALVES DE LIMA,2504504,Condado,1,3,0.0,0.0,0.0,0.0,1.0,1.0,1.0,1.0,1.0,0.0,1.0,0.0,27.0,0
25132180,ESCOLA PEQUENO PRINCIPE,2504504,Condado,1,4,0.0,0.0,0.0,0.0,1.0,0.0,1.0,1.0,0.0,0.0,0.0,1.0,3.0,0
25091913,EMEF GOV PEDRO GONDIM,2504603,Conde,1,3,0.0,0.0,0.0,0.0,1.0,1.0,1.0,1.0,1.0,0.0,0.0,0.0,0.0,0
25091956,EMEIEF MARIA DA PENHA ACCIOLY,2504603,Conde,2,3,0.0,0.0,0.0,0.0,1.0,1.0,1.0,1.0,1.0,0.0,0.0,1.0,0.0,0
25091964,EMEIEF ANTONIO BENTO DA SILVA,2504603,Conde,2,3,0.0,0.0,0.0,0.0,1.0,1.0,1.0,1.0,0.0,0.0,0.0,0.0,0.0,0
25091972,EMEF ANTONIO RAIMUNDO DOS SANTOS,2504603,Conde,2,3,0.0,0.0,0.0,0.0,1.0,1.0,1.0,1.0,1.0,0.0,0.0,0.0,0.0,0
25092006,EMEIEF BENEDITO ROBERTO DA PAIXAO,2504603,Conde,2,3,1.0,0.0,0.0,0.0,1.0,1.0,1.0,1.0,0.0,0.0,0.0,0.0,0.0,0
25092022,EMEIEF ANTONIO DE SOUSA SANTOS,2504603,Conde,2,3,1.0,0.0,0.0,0.0,1.0,1.0,1.0,1.0,0.0,0.0,0.0,0.0,0.0,0
25092030,EMEIEF JOAO GOMES RIBEIRO,2504603,Conde,1,3,0.0,0.0,0.0,0.0,1.0,1.0,1.0,1.0,1.0,1.0,0.0,0.0,0.0,0
25092049,EMEIEF MANOEL PAULINO,2504603,Conde,1,3,0.0,0.0,0.0,0.0,1.0,1.0,1.0,1.0,1.0,1.0,1.0,0.0,0.0,0
25092057,EMEIEF DR ABELARDO ALVES DE AZEVEDO,2504603,Conde,1,3,0.0,0.0,0.0,0.0,1.0,1.0,1.0,1.0,1.0,1.0,0.0,0.0,0.0,0
25092065,EMEIEF OVIDIO TAVARES DE MORAIS,2504603,Conde,2,3,3.0,0.0,0.0,0.0,1.0,1.0,1.0,1.0,1.0,0.0,0.0,1.0,0.0,0
25092073,EMEIEF JOAO CARNEIRO DA SILVA,2504603,Conde,2,3,0.0,0.0,0.0,0.0,1.0,1.0,1.0,1.0,0.0,0.0,0.0,0.0,3.0,0
25092111,EEEM PROFESSOR JOAO DA CUNHA VINAGRE,2504603,Conde,1,2,0.0,0.0,0.0,0.0,1.0,1.0,1.0,1.0,0.0,0.0,0.0,0.0,1.0,--
25092120,EMEIEF PROFESSORA NOEMIA ALVES DE SOUZA,2504603,Conde,1,3,0.0,0.0,0.0,0.0,1.0,1.0,1.0,1.0,0.0,0.0,1.0,0.0,11.0,--
25092146,EMEIEF JOSE ALBINO PIMENTEL,2504603,Conde,2,3,3.0,0.0,0.0,0.0,1.0,1.0,1.0,1.0,1.0,0.0,0.0,0.0,0.0,0.5
25092154,EMEIEF MARINO ELEOTERIO DO NASCIMENTO PRF MARIO,2504603,Conde,1,3,0.0,0.0,0.0,0.0,1.0,1.0,1.0,1.0,1.0,0.0,0.0,1.0,0.0,0
25092162,EMEIEF CORONEL JOCA VIRIATO,2504603,Conde,2,3,0.0,0.0,0.0,0.0,1.0,1.0,1.0,1.0,0.0,0.0,0.0,1.0,0.0,0
25092189,EMEIEF MARIA EUNICE DO EGITO SOUZA,2504603,Conde,2,3,0.0,0.0,0.0,0.0,1.0,1.0,1.0,1.0,1.0,0.0,1.0,0.0,0.0,0
25092235,EMEIEF EJA DEPUTADO JOSE MARIZ,2504603,Conde,1,3,0.0,0.0,0.0,0.0,1.0,1.0,1.0,1.0,1.0,0.0,0.0,0.0,0.0,0
25106007,EMEIEF REGINALDO CLAUDINO DE SALES,2504603,Conde,2,3,1.0,1.0,0.0,0.0,1.0,1.0,1.0,1.0,1.0,0.0,0.0,0.0,0.0,0
25115618,ECIT ILZA DE ALMEIDA RIBEIRO,2504603,Conde,1,2,0.0,0.0,0.0,0.0,0.0,1.0,1.0,0.0,0.0,0.0,0.0,1.0,0.0,--
25120921,EMEIEF JOSE COSMO DE SANTANA,2504603,Conde,2,3,1.0,1.0,0.0,0.0,1.0,1.0,1.0,1.0,1.0,0.0,0.0,1.0,0.0,0
25120948,EMEF PROFESSORA LINA RODRIGUES DO NASCIMENTO,2504603,Conde,2,3,1.0,0.0,0.0,0.0,1.0,1.0,1.0,1.0,1.0,1.0,1.0,0.0,0.0,--
25122045,ESCOLA SAO FRANCISCO,2504603,Conde,1,4,0.0,0.0,0.0,0.0,1.0,0.0,1.0,1.0,1.0,0.0,0.0,0.0,8.0,0
25126520,CENTRO EDUCACIONAL INES MARIA,2504603,Conde,1,4,0.0,0.0,0.0,0.0,1.0,0.0,1.0,1.0,1.0,0.0,0.0,0.0,5.0,0
25130951,EDUCANDARIO JOSE SOARES,2504603,Conde,1,4,0.0,0.0,0.0,0.0,1.0,0.0,1.0,1.0,1.0,0.0,0.0,0.0,0.0,0
25133233,COLEGIO GERACAO,2504603,Conde,1,4,0.0,0.0,0.0,0.0,1.0,0.0,1.0,1.0,1.0,0.0,0.0,0.0,12.0,0
25134868,ESCOLA MAIS SABER,2504603,Conde,1,4,0.0,0.0,0.0,0.0,1.0,0.0,1.0,1.0,0.0,0.0,0.0,0.0,0.0,0
25135287,EDUCANDARIO PRINCIPE DA PAZ,2504603,Conde,1,4,0.0,0.0,0.0,0.0,1.0,0.0,1.0,1.0,1.0,0.0,0.0,0.0,0.0,0
25125699,INSTITUTO EDUCACIONAL JACUMA,2504603,Conde,1,4,0.0,0.0,0.0,0.0,1.0,0.0,1.0,1.0,1.0,0.0,0.0,0.0,1.0,6.2
25126695,EMEIEF GENI RUFINO DOS SANTOS,2504603,Conde,1,3,0.0,0.0,0.0,0.0,1.0,1.0,1.0,1.0,0.0,1.0,1.0,0.0,0.0,--
25129015,CENTRO EDUCACIONAL ABC INFANTIL,2504603,Conde,1,4,0.0,0.0,0.0,0.0,1.0,0.0,1.0,1.0,1.0,0.0,0.0,0.0,11.0,0
25044788,ECIT MANOEL ALVES CAMPOS,2504702,Congo,1,2,0.0,0.0,0.0,0.0,1.0,1.0,1.0,1.0,1.0,1.0,1.0,0.0,0.0,--
25044796,EMEF JOAO BEZERRA EVANGELISTA,2504702,Congo,2,3,0.0,0.0,0.0,0.0,1.0,1.0,1.0,1.0,0.0,0.0,0.0,0.0,0.0,0
25044800,EMEF BELINO ALVES FEITOSA,2504702,Congo,2,3,0.0,0.0,0.0,0.0,1.0,1.0,1.0,1.0,0.0,0.0,0.0,0.0,1.0,0
25044818,EMEIEF DE CONGO,2504702,Congo,1,3,0.0,0.0,0.0,0.0,1.0,1.0,1.0,1.0,1.0,0.0,1.0,0.0,19.0,0
25044982,EMEF FRANCISCA QUINTANS,2504702,Congo,2,3,0.0,0.0,0.0,0.0,1.0,1.0,1.0,1.0,0.0,0.0,0.0,0.0,2.0,0
25045008,EMEF NAPOLEAO FERNANDES,2504702,Congo,2,3,3.0,0.0,0.0,0.0,1.0,1.0,1.0,1.0,0.0,0.0,0.0,0.0,0.0,0
25045024,EMEF ZEFERINO ALVES FEITOSA,2504702,Congo,2,3,0.0,0.0,0.0,0.0,1.0,1.0,1.0,1.0,0.0,0.0,0.0,0.0,0.0,0
25151207,EDUCANDARIO SAGRADO CORACAO DE JESUS,2504702,Congo,1,4,0.0,0.0,0.0,0.0,1.0,0.0,1.0,1.0,0.0,0.0,0.0,0.0,0.0,0
25024523,EEEF MINISTRO CARLOS LUIZ DE ARAUJO,2504801,Coremas,1,2,0.0,0.0,0.0,0.0,0.0,1.0,1.0,1.0,0.0,0.0,0.0,1.0,8.0,--
25024558,ECIT NOBEL VITA,2504801,Coremas,1,2,0.0,0.0,0.0,0.0,0.0,1.0,1.0,0.0,0.0,0.0,0.0,1.0,12.0,--
25024744,GR ESC MUL MARIA VITORIA,2504801,Coremas,2,3,0.0,0.0,0.0,0.0,1.0,1.0,1.0,1.0,0.0,0.0,0.0,1.0,0.0,0
25024833,ESC MUL DE ENS INF E FUND JOSE VIRGULINO DA SILVA,2504801,Coremas,2,3,0.0,0.0,0.0,0.0,1.0,1.0,1.0,1.0,0.0,0.0,0.0,1.0,0.0,0
25024841,ESC MUL FRANCISCA LEITE DA SILVA,2504801,Coremas,2,3,0.0,0.0,0.0,0.0,1.0,1.0,1.0,1.0,0.0,0.0,0.0,1.0,0.0,0
25024850,ESC MUL FRANCISCO MARTINS,2504801,Coremas,2,3,0.0,0.0,0.0,0.0,1.0,1.0,1.0,1.0,0.0,0.0,0.0,1.0,0.0,0
25025066,GR ESC MUL JOSE VIRGULINO FILHO,2504801,Coremas,2,3,0.0,0.0,0.0,0.0,1.0,1.0,1.0,1.0,0.0,0.0,0.0,1.0,0.0,0
25025180,EMEIF JUVENCIO PEREIRA,2504801,Coremas,2,3,0.0,0.0,0.0,0.0,1.0,1.0,1.0,1.0,0.0,0.0,0.0,1.0,0.0,0
25025201,EMEIF FLORIDO NITAO DINIZ,2504801,Coremas,2,3,0.0,0.0,0.0,0.0,1.0,1.0,1.0,1.0,0.0,0.0,0.0,0.0,7.0,0
25025210,GR ESC MUL JUVINA LIMEIRA DE ALENCAR,2504801,Coremas,2,3,0.0,0.0,0.0,0.0,1.0,1.0,1.0,1.0,0.0,0.0,0.0,0.0,0.0,0
25025260,GR ESC MUL MANOEL AMARO DE ANDRADE,2504801,Coremas,2,3,0.0,0.0,0.0,1.0,1.0,1.0,1.0,1.0,0.0,0.0,0.0,1.0,0.0,0
25025287,ESC MUL ANTONIA MARIA DA CONCEICAO,2504801,Coremas,2,3,0.0,0.0,0.0,0.0,1.0,1.0,1.0,1.0,0.0,0.0,0.0,1.0,0.0,0
25025317,EMEIF ANTONIA MARIA DA CONCEICAO,2504801,Coremas,1,3,0.0,0.0,0.0,0.0,1.0,1.0,1.0,1.0,1.0,0.0,0.0,0.0,9.0,0
25025333,EMEIF ADALGISA GUEDES DA SILVA,2504801,Coremas,2,3,3.0,0.0,0.0,0.0,1.0,1.0,1.0,1.0,0.0,0.0,0.0,1.0,1.0,0
25110390,ESC MUL FIRMINO RODRIGUES DOS SANTOS,2504801,Coremas,2,3,0.0,0.0,0.0,0.0,1.0,1.0,1.0,1.0,0.0,0.0,0.0,1.0,0.0,0
25111132,EMEIF SITIO LOGRADOURO,2504801,Coremas,2,3,3.0,0.0,0.0,0.0,1.0,1.0,1.0,1.0,0.0,0.0,0.0,0.0,9.0,0
25120522,COLEGIO E CURSOS SANTA RITA DE CASSIA,2504801,Coremas,1,4,0.0,0.0,0.0,0.0,1.0,0.0,1.0,1.0,1.0,1.0,0.0,0.0,4.0,0
25122622,EMEIF MENINO JESUS,2504801,Coremas,1,3,0.0,0.0,0.0,0.0,1.0,1.0,1.0,1.0,1.0,1.0,0.0,0.0,0.0,0
25124609,INSTITUTO EDUCACIONAL BRANCA DE NEVE,2504801,Coremas,1,4,0.0,0.0,0.0,0.0,1.0,0.0,1.0,1.0,1.0,0.0,0.0,0.0,10.0,0
25130641,INSTITUTO EDUCACIONAL A ESPERANCA DO AMANHA,2504801,Coremas,1,4,0.0,0.0,0.0,0.0,1.0,0.0,1.0,1.0,1.0,0.0,0.0,0.0,0.0,0
25049372,ECI MANOEL HONORATO SOBRINHO,2504850,Coxixola,1,2,0.0,0.0,0.0,0.0,1.0,1.0,1.0,1.0,1.0,1.0,0.0,1.0,0.0,--
25049402,ESCOLA MUNICIPAL JOAO FRANCISCO DE SOUSA,2504850,Coxixola,2,3,0.0,0.0,0.0,0.0,1.0,1.0,1.0,1.0,0.0,0.0,0.0,0.0,2.0,0
25130714,COLEGIO MUNICIPAL JOSE LEONARDO DA SILVA BARBOSA,2504850,Coxixola,2,3,0.0,0.0,0.0,0.0,1.0,1.0,1.0,1.0,0.0,0.0,0.0,0.0,0.0,0
25262920,ESCOLA MUNICIPAL MARIA DO NASCIMENTO NEVES,2504850,Coxixola,1,3,0.0,0.0,0.0,0.0,1.0,1.0,1.0,1.0,0.0,0.0,1.0,0.0,9.0,0
25088521,EEEF FAZENDA COBE,2504900,Cruz do Espírito Santo,2,2,1.0,0.0,0.0,0.0,0.0,1.0,1.0,0.0,0.0,0.0,0.0,1.0,0.0,0
25088530,ECIT DEPUTADO FERNANDO MILANEZ,2504900,Cruz do Espírito Santo,1,2,0.0,0.0,0.0,0.0,1.0,1.0,1.0,1.0,1.0,1.0,1.0,0.0,1.0,--
25088572,EEEFM FLAVIO RIBEIRO COUTINHO,2504900,Cruz do Espírito Santo,1,2,0.0,0.0,0.0,0.0,0.0,1.0,1.0,0.0,0.0,0.0,0.0,1.0,2.0,--
25088602,EEEFM CAMPO DE SEMENTES E MUDAS,2504900,Cruz do Espírito Santo,2,2,1.0,0.0,0.0,0.0,1.0,1.0,1.0,1.0,0.0,0.0,0.0,0.0,2.0,0
25088629,EMEIEF ANTONIO JORGE DA SILVA,2504900,Cruz do Espírito Santo,2,3,1.0,0.0,0.0,0.0,1.0,1.0,1.0,1.0,0.0,0.0,0.0,0.0,0.0,0
25088637,EMEF ANTONIO VIRGINO CABRAL,2504900,Cruz do Espírito Santo,1,3,0.0,0.0,0.0,0.0,1.0,1.0,1.0,1.0,1.0,0.0,0.0,0.0,7.0,1.5
25088645,EMEIEF EDSON CUNHA,2504900,Cruz do Espírito Santo,2,3,1.0,0.0,0.0,0.0,1.0,1.0,1.0,1.0,0.0,0.0,0.0,0.0,0.0,0
25088653,EMEIEF DE SAO GONCALO,2504900,Cruz do Espírito Santo,2,3,0.0,0.0,0.0,0.0,1.0,1.0,1.0,1.0,0.0,0.0,0.0,1.0,0.0,0
25088661,EMEIEF DOMINGOS BATISTA GUEDES,2504900,Cruz do Espírito Santo,2,3,1.0,0.0,0.0,0.0,1.0,1.0,1.0,1.0,1.0,0.0,0.0,0.0,1.0,0
25088670,EMEIEF JOAO RAIMUNDO,2504900,Cruz do Espírito Santo,2,3,0.0,1.0,0.0,0.0,1.0,1.0,1.0,1.0,0.0,0.0,0.0,0.0,4.0,0
25088688,EMEIEF ENGENHEIRO LOURENCO BEZERRA DE MELO,2504900,Cruz do Espírito Santo,2,3,1.0,0.0,0.0,0.0,1.0,1.0,1.0,1.0,1.0,0.0,0.0,0.0,3.0,0
25088696,EMEIEF JULIA SOUTO PAIVA,2504900,Cruz do Espírito Santo,1,3,0.0,0.0,0.0,0.0,1.0,1.0,1.0,1.0,1.0,0.0,0.0,1.0,0.0,0
25088718,EMEIEF FLAVIANO RIBEIRO COUTINHO,2504900,Cruz do Espírito Santo,2,3,1.0,0.0,0.0,0.0,1.0,1.0,1.0,1.0,0.0,0.0,0.0,0.0,0.0,0
25088726,EMEIEF JOAQUIM FERNANDES CARVALHO,2504900,Cruz do Espírito Santo,2,3,0.0,0.0,0.0,0.0,1.0,1.0,1.0,1.0,1.0,0.0,0.0,1.0,0.0,0
25088734,EMEIEF JOSE DA CUNHA,2504900,Cruz do Espírito Santo,2,3,0.0,0.0,0.0,0.0,1.0,1.0,1.0,1.0,1.0,0.0,0.0,1.0,0.0,0
25088742,EMEIEF RAFAEL FERNANDES DE CARVALHO,2504900,Cruz do Espírito Santo,2,3,0.0,0.0,0.0,0.0,1.0,1.0,1.0,1.0,1.0,0.0,0.0,0.0,0.0,0
25088750,EMEIEF RENATO RIBEIRO COUTINHO,2504900,Cruz do Espírito Santo,1,3,0.0,0.0,0.0,0.0,1.0,1.0,1.0,1.0,1.0,0.0,0.0,0.0,16.0,2.6
25101960,CENTRO EDUCACIONAL TEMPO DE APRENDER,2504900,Cruz do Espírito Santo,1,4,0.0,0.0,0.0,0.0,1.0,0.0,1.0,1.0,1.0,0.0,0.0,0.0,7.0,0
25106015,EMEIEF JOSE SILVINO,2504900,Cruz do Espírito Santo,2,3,1.0,0.0,0.0,0.0,1.0,1.0,1.0,1.0,1.0,0.0,0.0,0.0,7.0,0
25114298,EMEIEF SANTA HELENA III,2504900,Cruz do Espírito Santo,2,3,1.0,0.0,0.0,0.0,1.0,1.0,1.0,1.0,1.0,0.0,0.0,0.0,0.0,0
25114760,EMEIEF MARIA JOSE FRANCISCA,2504900,Cruz do Espírito Santo,2,3,1.0,0.0,0.0,0.0,1.0,1.0,0.0,1.0,0.0,0.0,0.0,1.0,0.0,0
25122916,ESCOLA LAPIS NA MAO LTDA ME,2504900,Cruz do Espírito Santo,1,4,0.0,0.0,0.0,0.0,1.0,0.0,1.0,1.0,1.0,0.0,0.0,0.0,9.0,0
25123084,EMEIEF JURACI BATISTA DE JESUS,2504900,Cruz do Espírito Santo,2,3,1.0,0.0,0.0,0.0,1.0,1.0,1.0,1.0,1.0,0.0,0.0,0.0,6.0,0
25134345,CENTRO EDUCACIONAL LIRIO DOS VALES,2504900,Cruz do Espírito Santo,1,4,0.0,0.0,0.0,0.0,1.0,0.0,1.0,1.0,0.0,0.0,0.0,0.0,2.0,0
25135104,CENTRO EDUCACIONAL PRIMEIROS PASSOS,2504900,Cruz do Espírito Santo,1,4,0.0,0.0,0.0,0.0,1.0,0.0,1.0,1.0,1.0,0.0,1.0,0.0,5.0,0
25040820,ECIT IOLANDA TEREZA CHAVES LIMA,2505006,Cubati,1,2,0.0,0.0,0.0,0.0,1.0,1.0,1.0,1.0,1.0,1.0,1.0,0.0,13.0,--
25040855,EMEF ELISA COSTA,2505006,Cubati,1,3,0.0,0.0,0.0,0.0,1.0,1.0,1.0,1.0,1.0,0.0,0.0,0.0,6.0,0
25040871,EMEF FRANCISCO CLEMENTINO DE SOUTO,2505006,Cubati,1,3,0.0,0.0,0.0,0.0,1.0,1.0,1.0,1.0,1.0,0.0,1.0,0.0,6.0,0
25040898,EMEF JOSE DE MEDEIROS DANTAS,2505006,Cubati,2,3,0.0,0.0,0.0,0.0,1.0,1.0,1.0,1.0,0.0,0.0,0.0,0.0,3.0,0
25040952,EMEF ANTONIO PEREIRA DE SOUTO,2505006,Cubati,2,3,1.0,0.0,0.0,0.0,1.0,1.0,1.0,1.0,0.0,0.0,0.0,0.0,0.0,0
25040987,EMEF ALICE ALCANTARA,2505006,Cubati,2,3,0.0,0.0,0.0,0.0,1.0,1.0,1.0,1.0,0.0,0.0,0.0,1.0,2.0,0
25112929,EMEF JUSTINIANA RIBEIRO,2505006,Cubati,1,3,0.0,0.0,0.0,0.0,1.0,1.0,1.0,1.0,0.0,0.0,0.0,0.0,5.0,0
25120999,EMEF PADRE SIMAO FILETO,2505006,Cubati,1,3,0.0,0.0,0.0,0.0,1.0,1.0,1.0,1.0,1.0,0.0,1.0,0.0,14.0,--
25055836,ECI ORLANDO VENANCIO DOS SANTOS,2505105,Cuité,1,2,0.0,0.0,0.0,0.0,1.0,1.0,1.0,1.0,1.0,1.0,1.0,0.0,1.0,--
25055852,EEEFM ANDRE VIDAL DE NEGREIROS,2505105,Cuité,1,2,0.0,0.0,0.0,0.0,1.0,1.0,1.0,1.0,1.0,0.0,0.0,0.0,2.0,--
25055968,EMEF MANOEL SOARES DE MARIA,2505105,Cuité,2,3,0.0,0.0,0.0,0.0,1.0,1.0,1.0,1.0,1.0,0.0,0.0,0.0,2.0,0
25056069,EMEF ANTERO FERREIRA LIMA,2505105,Cuité,2,3,0.0,0.0,0.0,0.0,1.0,1.0,1.0,1.0,0.0,0.0,0.0,0.0,2.0,0
25056093,EMEF BENEDITO VENANCIO DOS SANTOS,2505105,Cuité,1,3,0.0,0.0,0.0,0.0,1.0,1.0,1.0,1.0,0.0,0.0,0.0,0.0,10.0,0
25056115,EMEF ELCA CARVALHO DA FONSECA,2505105,Cuité,1,3,0.0,0.0,0.0,0.0,1.0,1.0,1.0,1.0,1.0,0.0,0.0,0.0,7.0,--
25056140,EMEF FRANCISCA SIMOES,2505105,Cuité,2,3,1.0,0.0,0.0,0.0,1.0,1.0,1.0,1.0,0.0,0.0,0.0,1.0,3.0,0
25056247,EMEF JULIETA DE LIMA E COSTA,2505105,Cuité,1,3,0.0,0.0,0.0,0.0,1.0,1.0,1.0,1.0,0.0,0.0,0.0,0.0,6.0,--
25056344,EMEF NAILDE MEDEIROS,2505105,Cuité,2,3,0.0,0.0,0.0,0.0,1.0,1.0,1.0,1.0,0.0,0.0,0.0,0.0,2.0,0
25056387,EMEF CELINA DE LIMA MONTENEGRO,2505105,Cuité,1,3,0.0,0.0,0.0,0.0,1.0,1.0,1.0,1.0,1.0,0.0,1.0,0.0,7.0,0
25056395,EMEF PROFESSORA EUDOCIA ALVES DOS SANTOS,2505105,Cuité,1,3,0.0,0.0,0.0,0.0,1.0,1.0,1.0,1.0,1.0,0.0,0.0,0.0,13.0,0
25056409,EMEF TEREZINHA GOMES DE ANDRADE,2505105,Cuité,2,3,0.0,0.0,0.0,0.0,1.0,1.0,1.0,1.0,0.0,0.0,0.0,0.0,2.0,0
25056425,EMEF MARIA CAMELIA PESSOA DA COSTA,2505105,Cuité,1,3,0.0,0.0,0.0,0.0,1.0,1.0,1.0,1.0,0.0,0.0,0.0,0.0,1.0,0
25056484,EMEF HENRIQUE PEREIRA DOS REIS,2505105,Cuité,2,3,0.0,0.0,0.0,0.0,1.0,1.0,1.0,1.0,1.0,0.0,0.0,0.0,2.0,0
25056506,EMEF JACIO FURTADO,2505105,Cuité,2,3,0.0,0.0,0.0,0.0,1.0,1.0,1.0,1.0,0.0,0.0,0.0,0.0,1.0,0
25056522,O PEQUENO DOUTOR,2505105,Cuité,1,4,0.0,0.0,0.0,0.0,1.0,0.0,1.0,1.0,1.0,0.0,0.0,0.0,0.0,0
25122568,IDEA INSTITUTO DELTA DE ENSINO E APRENDIZAGEM,2505105,Cuité,1,4,0.0,0.0,0.0,0.0,1.0,0.0,1.0,1.0,1.0,1.0,0.0,0.0,4.0,0
25127195,INSTITUTO EDUCACIONAL WISER,2505105,Cuité,1,4,0.0,0.0,0.0,0.0,1.0,0.0,1.0,1.0,1.0,0.0,0.0,0.0,0.0,0
25127659,ECI PEDRO HENRIQUE DA SILVA,2505105,Cuité,2,2,0.0,0.0,0.0,0.0,1.0,1.0,1.0,1.0,1.0,1.0,0.0,0.0,7.0,--
25129279,ECIT JORNALISTA JOSE ITAMAR DA ROCHA CANDIDO,2505105,Cuité,2,2,0.0,0.0,0.0,0.0,1.0,1.0,1.0,1.0,1.0,1.0,1.0,0.0,12.0,--
25056573,EMEF PROFESSOR DOMICIANO DE QUEIROZ,2505105,Cuité,2,3,0.0,0.0,0.0,0.0,1.0,1.0,1.0,1.0,0.0,0.0,0.0,0.0,5.0,0
25067842,EMEF PROFESSOR MOACIR DE ALBUQUERQUE,2505204,Cuitegi,1,3,0.0,0.0,0.0,0.0,1.0,1.0,1.0,1.0,1.0,0.0,0.0,0.0,5.0,0
25067869,ECI ODILON NELSON DANTAS,2505204,Cuitegi,1,2,0.0,0.0,0.0,0.0,1.0,1.0,1.0,0.0,1.0,0.0,1.0,0.0,0.0,--
25067885,ESC MUL ESTELINA LEOPOLDINA,2505204,Cuitegi,1,3,0.0,0.0,0.0,0.0,1.0,1.0,1.0,1.0,1.0,0.0,0.0,0.0,0.0,0
25067940,GR ESC MUL CAROLINA DE FARIAS PIMENTEL,2505204,Cuitegi,2,3,0.0,0.0,0.0,0.0,1.0,1.0,1.0,1.0,0.0,0.0,0.0,0.0,3.0,0
25067966,GRUPO ESCOLAR MUNICIPAL HILDA NEVES DE LUCENA,2505204,Cuitegi,1,3,0.0,0.0,0.0,0.0,1.0,1.0,1.0,1.0,0.0,0.0,0.0,0.0,4.0,0
25067974,GR ESC MUL HORACIO MONTENEGRO,2505204,Cuitegi,1,3,0.0,0.0,0.0,0.0,1.0,1.0,1.0,1.0,1.0,0.0,0.0,0.0,4.0,0
25067990,GR ESC MUL GERALDO LEITE MORAIS,2505204,Cuitegi,2,3,0.0,0.0,0.0,0.0,1.0,1.0,1.0,1.0,0.0,0.0,0.0,0.0,3.0,0
25068016,GR ESC MUL JOSE TOMAZ DE AQUINO,2505204,Cuitegi,1,3,0.0,0.0,0.0,0.0,1.0,1.0,1.0,1.0,0.0,0.0,0.0,0.0,8.0,--
25068024,GR ESC MUL EMIDIO MADRUGA,2505204,Cuitegi,2,3,0.0,0.0,0.0,0.0,1.0,1.0,1.0,1.0,0.0,0.0,0.0,0.0,2.0,0
25134450,INSTITUTO EDUCACIONAL EDUCAR,2505204,Cuitegi,1,4,0.0,0.0,0.0,0.0,1.0,0.0,1.0,1.0,0.0,0.0,0.0,0.0,0.0,0
25135651,ESCOLA EBENEZER,2505204,Cuitegi,1,4,0.0,0.0,0.0,0.0,1.0,0.0,1.0,1.0,1.0,0.0,0.0,0.0,2.0,0
25087339,EMEF PEDRO CLAUDINO DA SILVA,2505238,Cuité de Mamanguape,2,3,0.0,0.0,0.0,0.0,1.0,1.0,1.0,1.0,0.0,0.0,0.0,1.0,0.0,0
25087355,ECI PROFESSOR RENATO FONSECA FILHO,2505238,Cuité de Mamanguape,1,2,0.0,0.0,0.0,0.0,1.0,1.0,1.0,1.0,1.0,0.0,1.0,0.0,0.0,--
25087363,EMEF ANTONIO FELIX,2505238,Cuité de Mamanguape,2,3,0.0,0.0,0.0,0.0,1.0,1.0,1.0,1.0,1.0,0.0,0.0,0.0,5.0,0
25087380,EMEF JOAO MAXIMINO,2505238,Cuité de Mamanguape,2,3,0.0,0.0,0.0,0.0,1.0,1.0,1.0,1.0,0.0,0.0,0.0,0.0,1.0,0
25087398,EMEF PEDRO BERNARDO,2505238,Cuité de Mamanguape,2,3,0.0,1.0,0.0,0.0,1.0,1.0,1.0,1.0,1.0,0.0,0.0,1.0,0.0,0
25087436,EMEF JOSE DE FRANCA,2505238,Cuité de Mamanguape,2,3,0.0,0.0,0.0,0.0,1.0,1.0,1.0,1.0,0.0,0.0,0.0,0.0,3.0,1.7
25087452,EMEFEM LUIZ JOAQUIM DOS SANTOS,2505238,Cuité de Mamanguape,1,3,0.0,0.0,0.0,0.0,1.0,1.0,1.0,1.0,1.0,0.0,0.0,0.0,13.0,0
25087487,EMEF JOAQUIM INACIO DA SILVA,2505238,Cuité de Mamanguape,2,3,0.0,0.0,0.0,0.0,1.0,1.0,1.0,1.0,1.0,1.0,1.0,0.0,6.0,0
25105779,EMEF FRANCISCO MATIAS GAMA,2505238,Cuité de Mamanguape,2,3,0.0,0.0,0.0,0.0,1.0,1.0,1.0,0.0,0.0,0.0,0.0,0.0,2.0,0
25115758,EMEF JULIA MARIA DA CONCEICAO,2505238,Cuité de Mamanguape,2,3,0.0,0.0,0.0,0.0,1.0,1.0,1.0,1.0,1.0,0.0,0.0,1.0,0.0,0
25131265,ESCOLA FLOR DE LIS,2505238,Cuité de Mamanguape,1,4,0.0,0.0,0.0,0.0,1.0,0.0,1.0,1.0,0.0,0.0,0.0,0.0,3.0,0
25086995,EMEF ANTONIO JOSE DA SILVA,2505279,Curral de Cima,2,3,1.0,0.0,0.0,0.0,1.0,1.0,1.0,1.0,0.0,0.0,0.0,1.0,2.0,0
25087495,EMEF ADELAIDE FERNANDES,2505279,Curral de Cima,2,3,0.0,0.0,0.0,0.0,1.0,1.0,1.0,1.0,0.0,0.0,0.0,0.0,1.0,0
25087509,EMEIF JOSE FERNANDES DO NASCIMENTO,2505279,Curral de Cima,2,3,0.0,0.0,0.0,0.0,1.0,1.0,1.0,1.0,0.0,0.0,0.0,0.0,0.0,0
25087541,EMEIF SEBASTIANA ANTONIA FERNANDES DE FARIAS,2505279,Curral de Cima,2,3,0.0,0.0,0.0,0.0,1.0,1.0,1.0,1.0,0.0,0.0,0.0,0.0,0.0,0
25087550,EMEF PROFESSORA TEREZINHA PONTES,2505279,Curral de Cima,2,3,0.0,0.0,0.0,0.0,1.0,1.0,1.0,1.0,0.0,0.0,0.0,0.0,0.0,0
25087576,EMEF JACY REGO BARROS,2505279,Curral de Cima,2,3,0.0,0.0,0.0,0.0,1.0,1.0,1.0,1.0,0.0,0.0,0.0,0.0,0.0,0
25087630,EMEIF MIGUEL SOARES FILHO,2505279,Curral de Cima,2,3,0.0,0.0,0.0,0.0,1.0,1.0,1.0,1.0,0.0,0.0,0.0,0.0,3.0,0
25087649,EMEIF VALDEVINO RIBEIRO DA SILVA,2505279,Curral de Cima,1,3,0.0,0.0,0.0,0.0,1.0,1.0,1.0,1.0,1.0,0.0,0.0,0.0,10.0,0
25087673,ECIT HENRIQUE FERNANDES DE FARIAS,2505279,Curral de Cima,1,2,0.0,0.0,0.0,0.0,1.0,1.0,1.0,1.0,1.0,1.0,0.0,0.0,4.0,--
25119796,EMEF MOACIR FERNANDES FARIAS,2505279,Curral de Cima,2,3,0.0,0.0,0.0,0.0,1.0,1.0,1.0,1.0,0.0,0.0,0.0,0.0,0.0,0
25029576,ECI CORONEL ZUZA LACERDA,2505303,Curral Velho,1,2,0.0,0.0,0.0,0.0,1.0,1.0,1.0,1.0,1.0,1.0,0.0,0.0,3.0,--
25029665,GR ESC MUL CICERO FRANCISCO DE SOUSA,2505303,Curral Velho,2,3,0.0,1.0,0.0,0.0,1.0,1.0,1.0,1.0,1.0,0.0,0.0,0.0,0.0,0
25109731,ESC MUL ANTONIO GOMES DE CARVALHO,2505303,Curral Velho,1,3,0.0,0.0,0.0,0.0,1.0,1.0,1.0,1.0,1.0,0.0,0.0,0.0,12.0,0
25055348,EMEF SEVERINO LOURENCO DA SILVA,2505352,Damião,2,3,0.0,0.0,0.0,0.0,1.0,1.0,1.0,1.0,0.0,0.0,0.0,1.0,0.0,0
25055356,EMEF PEDRO FERREIRA DE AZEVEDO,2505352,Damião,2,3,0.0,0.0,0.0,0.0,1.0,1.0,1.0,1.0,0.0,0.0,0.0,0.0,0.0,0
25055364,EMEF ALEXANDRE DINIZ DA PENHA,2505352,Damião,1,3,0.0,0.0,0.0,0.0,1.0,1.0,1.0,1.0,1.0,1.0,0.0,0.0,7.0,0.3
25055372,EMEF ALICE CARNEIRO,2505352,Damião,2,3,0.0,0.0,0.0,0.0,1.0,1.0,1.0,1.0,0.0,0.0,0.0,0.0,0.0,0
25055402,EMEF AVELINO CRISPIM BARBOSA,2505352,Damião,2,3,0.0,0.0,0.0,0.0,1.0,1.0,1.0,1.0,0.0,0.0,0.0,1.0,0.0,0
25122231,EMEF FRANCISCO DERO DOS SANTOS FILHO,2505352,Damião,2,3,1.0,0.0,0.0,0.0,1.0,1.0,1.0,1.0,0.0,0.0,0.0,1.0,0.0,0
25123203,ECIT FRANCISCO MARQUES DE MELO,2505352,Damião,1,2,0.0,0.0,0.0,0.0,1.0,1.0,1.0,1.0,1.0,1.0,0.0,0.0,0.0,--
25128434,E EDUC INFANT E FUND 1 EDUCAR PARA CRESCER,2505352,Damião,1,4,0.0,0.0,0.0,0.0,1.0,0.0,1.0,1.0,0.0,0.0,0.0,1.0,0.0,0
25128515,EMEF PROFESSOR NINO,2505352,Damião,1,3,0.0,0.0,0.0,0.0,1.0,1.0,1.0,1.0,0.0,1.0,0.0,1.0,0.0,--
25033786,ECI GERTRUDES LEITE,2505402,Desterro,1,2,0.0,0.0,0.0,0.0,1.0,1.0,1.0,1.0,1.0,1.0,1.0,0.0,2.0,--
25033816,EEEF SILVEIRA DANTAS,2505402,Desterro,1,2,0.0,0.0,0.0,0.0,1.0,1.0,1.0,1.0,0.0,0.0,0.0,0.0,0.0,0
25033913,EMEIF JOAO APOLINARIO,2505402,Desterro,2,3,0.0,0.0,0.0,0.0,1.0,1.0,1.0,1.0,0.0,0.0,0.0,0.0,0.0,0
25033972,EMEIF MANOEL PEREIRA,2505402,Desterro,2,3,0.0,0.0,0.0,0.0,1.0,1.0,1.0,1.0,0.0,0.0,1.0,0.0,0.0,0
25033980,EMEIF QUINTINO LEITE FERREIRA,2505402,Desterro,2,3,0.0,0.0,0.0,0.0,1.0,1.0,1.0,1.0,0.0,0.0,0.0,0.0,0.0,0
25034014,EMEIF ABEL MENDONCA,2505402,Desterro,2,3,0.0,0.0,0.0,0.0,1.0,1.0,1.0,1.0,0.0,0.0,0.0,0.0,0.0,0
25034057,EMEIF JOAO GUEDES MACHADO,2505402,Desterro,2,3,0.0,0.0,0.0,0.0,1.0,1.0,1.0,0.0,0.0,0.0,0.0,0.0,0.0,0
25034073,EMEIF JOSE MAMEDES FERREIRA,2505402,Desterro,2,3,0.0,0.0,0.0,0.0,1.0,1.0,1.0,1.0,0.0,0.0,0.0,0.0,0.0,0
25034081,EMEIF MARIA DO CARMO BARBOSA,2505402,Desterro,2,3,0.0,0.0,0.0,0.0,1.0,1.0,1.0,1.0,0.0,0.0,0.0,0.0,0.0,0
25034090,EMEF NEVINHA DANTAS,2505402,Desterro,2,3,0.0,0.0,0.0,0.0,1.0,1.0,1.0,1.0,0.0,0.0,1.0,0.0,0.0,0
25113135,EMEF CASSIMIRA LEITE MONTENEGRO,2505402,Desterro,1,3,0.0,0.0,0.0,0.0,1.0,1.0,1.0,1.0,1.0,0.0,1.0,0.0,0.0,0
25014226,ECI MANOEL MEDEIROS DE ARAUJO,2505501,Vista Serrana,1,2,0.0,0.0,0.0,0.0,1.0,1.0,1.0,1.0,1.0,1.0,1.0,0.0,5.0,--
25014285,EMEIF JOAO FRANCISCO DA SILVA,2505501,Vista Serrana,2,3,0.0,0.0,0.0,0.0,1.0,1.0,1.0,1.0,1.0,0.0,0.0,0.0,3.0,0
25014307,EMEIF JOSE FRANCISCO,2505501,Vista Serrana,2,3,0.0,0.0,0.0,0.0,1.0,1.0,1.0,1.0,1.0,0.0,0.0,0.0,2.0,0
25014315,EMEIF JOSE GIL XAVIER DE FARIAS,2505501,Vista Serrana,1,3,0.0,0.0,0.0,0.0,1.0,1.0,1.0,1.0,1.0,0.0,0.0,0.0,15.0,0
25014323,EMEIF MANOEL CANDIDO DE FARIAS,2505501,Vista Serrana,2,3,0.0,0.0,0.0,0.0,1.0,1.0,1.0,1.0,0.0,0.0,0.0,0.0,2.0,0
25014340,EMEIF SALATIEL MARQUES MEDEIROS,2505501,Vista Serrana,1,3,0.0,0.0,0.0,0.0,1.0,1.0,1.0,1.0,0.0,0.0,0.0,0.0,1.0,0
25014366,EMEIF JOAO XAVIER DE FARIAS,2505501,Vista Serrana,2,3,0.0,0.0,0.0,0.0,1.0,1.0,1.0,1.0,0.0,0.0,0.0,0.0,2.0,0
25029789,ECIT PROFESSORA ADILINA DE SOUZA DINIZ,2505600,Diamante,1,2,0.0,0.0,1.0,0.0,0.0,1.0,1.0,1.0,0.0,0.0,0.0,1.0,6.0,--
25029797,EEEF JOANA ABILIO PEGADO,2505600,Diamante,1,2,0.0,0.0,0.0,0.0,1.0,1.0,1.0,1.0,1.0,0.0,0.0,1.0,0.0,--
25029835,EMPG EDINALVA DE OLIVEIRA MARQUES FRANCO,2505600,Diamante,1,3,0.0,0.0,0.0,0.0,1.0,1.0,1.0,1.0,0.0,0.0,0.0,0.0,5.0,0.8
25029851,GR MUL JOAO GALDINO DE SOUSA,2505600,Diamante,2,3,0.0,0.0,0.0,0.0,1.0,1.0,1.0,1.0,0.0,0.0,0.0,1.0,0.0,0
25029940,EMPG JOSE ANTONIO BARROS,2505600,Diamante,2,3,3.0,0.0,0.0,0.0,1.0,1.0,1.0,1.0,0.0,0.0,1.0,0.0,9.0,1.2
25030051,GR ESC MUL PEDRO FORTUNATO,2505600,Diamante,2,3,0.0,0.0,0.0,0.0,1.0,1.0,1.0,1.0,0.0,0.0,0.0,1.0,0.0,0
25030060,GR MUL ANTONIO BARROS DA SILVA,2505600,Diamante,1,3,0.0,0.0,0.0,0.0,1.0,1.0,1.0,1.0,0.0,0.0,0.0,0.0,0.0,2
25105299,EMEEF JOAO OLEGARIO DA SILVA,2505600,Diamante,2,3,0.0,0.0,0.0,0.0,1.0,1.0,1.0,1.0,0.0,0.0,0.0,1.0,0.0,0
25115820,EMEF MESTRE MANDU,2505600,Diamante,1,3,0.0,0.0,0.0,0.0,1.0,1.0,1.0,1.0,0.0,0.0,1.0,0.0,6.0,--
25126237,EMEIF ASSENTAMENTO LAMPIAO,2505600,Diamante,2,3,1.0,0.0,0.0,0.0,1.0,1.0,1.0,0.0,0.0,0.0,0.0,1.0,0.0,0
25156802,INSTITUTO EBENEZER,2505600,Diamante,1,4,0.0,0.0,0.0,0.0,1.0,0.0,1.0,1.0,1.0,0.0,0.0,0.0,7.0,0
25030108,EEEF DOUTOR ERNESTO DE SOUSA DINIZ,2505600,Diamante,2,2,0.0,0.0,0.0,0.0,0.0,1.0,1.0,0.0,0.0,0.0,0.0,0.0,2.0,--
25115812,EMEIF CICERO ABILIO DE SOUSA,2505600,Diamante,2,3,0.0,0.0,0.0,0.0,1.0,1.0,1.0,1.0,0.0,0.0,0.0,1.0,0.0,0
25060058,ECI GOVERNADOR CLOVIS BEZERRA CAVALCANTI,2505709,Dona Inês,1,2,0.0,0.0,0.0,0.0,1.0,1.0,1.0,0.0,0.0,0.0,0.0,1.0,0.0,--
25060090,ESC MUL DO ENS FUND PROFESSORA MARIA FERREIRA DA COSTA OLIVEIRA,2505709,Dona Inês,2,3,0.0,0.0,0.0,0.0,1.0,1.0,1.0,1.0,1.0,1.0,1.0,0.0,4.0,--
25060180,EM VEREADOR JOSE CANDIDO DE ARAUJO,2505709,Dona Inês,2,3,0.0,0.0,0.0,0.0,1.0,1.0,1.0,1.0,1.0,0.0,0.0,0.0,2.0,0
25060198,ESC MUL PROFESSORA ANA LUCIA DA SILVA FERNANDES,2505709,Dona Inês,2,3,0.0,0.0,0.0,0.0,1.0,1.0,1.0,1.0,1.0,0.0,0.0,0.0,2.0,0
25060228,EM PEDRO DAVINO DE ARAUJO,2505709,Dona Inês,2,3,0.0,0.0,0.0,0.0,1.0,1.0,1.0,1.0,0.0,0.0,0.0,0.0,2.0,0
25060252,ESCOLA MUNICIPAL POETA JOAO GALDINO DE OLIVEIRA,2505709,Dona Inês,2,3,0.0,0.0,0.0,0.0,1.0,1.0,1.0,1.0,0.0,0.0,0.0,0.0,2.0,0
25101534,ESCOLA MUNICIPAL GOVERNADOR ANTONIO MARIZ,2505709,Dona Inês,1,3,0.0,0.0,0.0,0.0,1.0,1.0,1.0,1.0,1.0,0.0,0.0,0.0,6.0,0
25112392,ESCOLA MUNICIPAL DO ENSINO FUNDAMENTAL SENADOR HUMBERTO LUCENA,2505709,Dona Inês,1,3,0.0,0.0,0.0,0.0,1.0,1.0,1.0,1.0,1.0,1.0,1.0,0.0,11.0,--
25112406,ESC MUL PROFª LUQUINHA,2505709,Dona Inês,1,3,0.0,0.0,0.0,0.0,1.0,1.0,1.0,1.0,1.0,0.0,1.0,0.0,3.0,0
25113950,EM EDUCADOR PAULO FREIRE,2505709,Dona Inês,2,3,3.0,0.0,0.0,0.0,1.0,1.0,1.0,1.0,0.0,0.0,1.0,0.0,2.0,0
25114077,EDUCANDARIO PAULO FREIRE,2505709,Dona Inês,1,4,0.0,0.0,0.0,0.0,1.0,0.0,1.0,1.0,0.0,0.0,0.0,0.0,4.0,0
25133586,EMEF PROFESSORA MARIA DA PAZ FERREIRA SILVA,2505709,Dona Inês,1,3,0.0,0.0,0.0,0.0,1.0,1.0,1.0,1.0,1.0,0.0,0.0,0.0,5.0,0
25133756,EMEF VEREADOR MILTON PEREIRA DE SOUZA,2505709,Dona Inês,2,3,0.0,0.0,0.0,0.0,1.0,1.0,1.0,1.0,0.0,0.0,0.0,0.0,2.0,0
25134922,EMEF PROFESSORA ESTER SILVA DE OLIVEIRA,2505709,Dona Inês,2,3,0.0,0.0,0.0,0.0,1.0,1.0,1.0,1.0,1.0,0.0,0.0,0.0,7.0,0
25068067,ESCOLA DOS MENINOS DE JESUS,2505808,Duas Estradas,1,4,0.0,0.0,0.0,0.0,1.0,1.0,1.0,1.0,1.0,0.0,0.0,0.0,0.0,0
25068075,ECI SAGRADO CORACAO DE JESUS,2505808,Duas Estradas,1,2,0.0,0.0,0.0,0.0,0.0,1.0,1.0,1.0,0.0,0.0,0.0,1.0,4.0,--
25068083,EEEF FRANCISCO COSTA,2505808,Duas Estradas,1,2,0.0,0.0,0.0,0.0,1.0,1.0,1.0,1.0,1.0,0.0,0.0,0.0,0.0,--
25068121,EMEF FRANCISCO FELIPE DOS SANTOS,2505808,Duas Estradas,1,3,0.0,0.0,0.0,0.0,1.0,1.0,1.0,1.0,1.0,0.0,1.0,0.0,5.0,0
25068202,EMEF DIVA LIRA DE CARVALHO,2505808,Duas Estradas,1,3,0.0,0.0,0.0,0.0,1.0,1.0,1.0,1.0,0.0,0.0,1.0,0.0,4.0,0
25068210,EMEF CLARICE COSTA,2505808,Duas Estradas,2,3,0.0,0.0,0.0,0.0,1.0,1.0,1.0,1.0,0.0,0.0,0.0,0.0,0.0,0
25068237,EMEF JOAO SILVANO,2505808,Duas Estradas,2,3,0.0,0.0,0.0,0.0,1.0,1.0,1.0,1.0,1.0,0.0,1.0,0.0,7.0,0
25115294,EMEF PROFESSORA MARIA DUTRA,2505808,Duas Estradas,1,3,0.0,0.0,0.0,0.0,1.0,1.0,1.0,1.0,1.0,0.0,1.0,0.0,8.0,--
25025368,ECIT PROFESSORA MARGARIDA REMIGIO LOUREIRO,2505907,Emas,1,2,0.0,0.0,0.0,0.0,1.0,1.0,1.0,1.0,1.0,1.0,1.0,0.0,8.0,--
25025406,EMEFM VICENTE NUNES TAVARES,2505907,Emas,1,3,0.0,0.0,0.0,0.0,1.0,1.0,1.0,1.0,0.0,0.0,0.0,0.0,8.0,0
25025597,EMEF UMBELINA ALVES PEREIRA,2505907,Emas,2,3,0.0,0.0,0.0,0.0,1.0,1.0,1.0,1.0,0.0,0.0,1.0,0.0,0.0,0
25125621,ESCOLA SONHO DE CRIANCA,2505907,Emas,1,4,0.0,0.0,0.0,0.0,1.0,0.0,1.0,1.0,0.0,0.0,0.0,1.0,0.0,0
25134752,EMEF IZABEL LEITE LOUREIRO BATISTA,2505907,Emas,2,3,0.0,0.0,0.0,0.0,1.0,1.0,1.0,1.0,0.0,0.0,0.0,0.0,3.0,0
25061631,CENTRO EDUCACIONAL MONTEIRO LOBATO,2506004,Esperança,1,4,0.0,0.0,0.0,0.0,1.0,0.0,1.0,1.0,0.0,0.0,0.0,0.0,9.0,0
25061674,COLEGIO MENINO JESUS DE PRAGA,2506004,Esperança,1,4,0.0,0.0,0.0,0.0,1.0,0.0,1.0,1.0,1.0,1.0,0.0,0.0,9.0,0
25061704,EMEF OLIMPIA SOUTO,2506004,Esperança,1,3,0.0,0.0,0.0,0.0,1.0,1.0,1.0,1.0,1.0,0.0,0.0,0.0,0.0,0
25061712,EMEF JOSE SOUTO,2506004,Esperança,1,3,0.0,0.0,0.0,0.0,1.0,1.0,1.0,1.0,1.0,0.0,0.0,0.0,0.0,0
25061720,ECIT MONSENHOR JOSE DA SILVA COUTINHO,2506004,Esperança,1,2,0.0,0.0,0.0,0.0,1.0,1.0,1.0,1.0,1.0,1.0,1.0,0.0,0.0,--
25061739,EEEFM IRINEU JOFFILY,2506004,Esperança,1,2,0.0,0.0,0.0,0.0,1.0,1.0,1.0,1.0,1.0,0.0,1.0,0.0,0.0,--
25061771,EMEF FRANCISCO PEDRO DE OLIVEIRA,2506004,Esperança,2,3,0.0,0.0,0.0,0.0,1.0,1.0,1.0,1.0,0.0,0.0,0.0,1.0,0.0,0
25061798,EMEF JOAO VICENTE PEREIRA,2506004,Esperança,2,3,0.0,0.0,0.0,0.0,1.0,1.0,1.0,1.0,0.0,0.0,0.0,1.0,0.0,0
25061801,EMEF MANOEL DA LUZ DOS SANTOS,2506004,Esperança,2,3,0.0,0.0,0.0,0.0,1.0,1.0,1.0,1.0,0.0,0.0,0.0,1.0,0.0,0
25061810,EMEF MARIA FRANCISCA LEITE,2506004,Esperança,2,3,0.0,0.0,0.0,0.0,1.0,1.0,1.0,1.0,0.0,0.0,0.0,1.0,0.0,0
25061828,EMEF AGOSTINHO DE OLIVEIRA,2506004,Esperança,2,3,0.0,0.0,0.0,0.0,1.0,1.0,1.0,1.0,0.0,0.0,0.0,0.0,1.0,0
25061836,EMEF CICERO JANUARIO DA SILVA,2506004,Esperança,2,3,0.0,0.0,0.0,0.0,1.0,1.0,1.0,1.0,0.0,0.0,0.0,0.0,0.0,0
25061844,EMEF HOSANA LOPES MARTINS,2506004,Esperança,1,3,0.0,0.0,0.0,0.0,1.0,1.0,1.0,1.0,0.0,0.0,0.0,0.0,0.0,0
25061852,EMEF JOSE LOPES,2506004,Esperança,1,3,0.0,0.0,0.0,0.0,1.0,1.0,1.0,1.0,1.0,0.0,0.0,0.0,0.0,0
25061860,EMEF ABEL BARBOSA DE SOUSA,2506004,Esperança,2,3,0.0,0.0,0.0,0.0,1.0,1.0,1.0,1.0,1.0,0.0,0.0,0.0,0.0,0
25061879,EMEF ANTONIO ADELINO DOS SANTOS,2506004,Esperança,2,3,0.0,0.0,0.0,0.0,1.0,1.0,1.0,1.0,0.0,0.0,0.0,0.0,0.0,0
25061895,EMEF FABRICIO BATISTA DE ARAUJO,2506004,Esperança,2,3,0.0,0.0,0.0,0.0,1.0,1.0,1.0,1.0,1.0,0.0,0.0,0.0,7.0,0
25061909,EMEF JOSE FELIX DE FIGUEIREDO,2506004,Esperança,2,3,0.0,0.0,0.0,0.0,1.0,1.0,1.0,1.0,0.0,0.0,0.0,1.0,1.0,0
25061917,EMEF JOSE PAULINO MACHADO,2506004,Esperança,2,3,0.0,0.0,0.0,0.0,1.0,1.0,1.0,1.0,1.0,0.0,0.0,0.0,0.0,0
25061925,EMEF JOVENTINO BATISTA MONTEIRO,2506004,Esperança,2,3,0.0,0.0,0.0,0.0,1.0,1.0,1.0,1.0,1.0,0.0,0.0,0.0,0.0,0
25061933,EMEF MANOEL AGOSTINHO PEREIRA,2506004,Esperança,2,3,0.0,0.0,0.0,0.0,1.0,1.0,1.0,1.0,0.0,0.0,0.0,1.0,0.0,0
25061950,EMEF MARIA EMILIA DE C SILVA,2506004,Esperança,2,3,0.0,0.0,0.0,0.0,1.0,1.0,1.0,1.0,0.0,0.0,0.0,1.0,0.0,0
25061968,EMEF SEVERINO ALVES BARBOSA,2506004,Esperança,2,3,0.0,0.0,0.0,0.0,1.0,1.0,1.0,1.0,0.0,0.0,0.0,0.0,0.0,0
25061976,EMEF SILVINO TRAJANO DA ROCHA,2506004,Esperança,2,3,0.0,0.0,0.0,0.0,1.0,1.0,1.0,1.0,0.0,0.0,0.0,0.0,0.0,0
25061984,EMEF WELLINGTON VITAL PEREIRA,2506004,Esperança,1,3,0.0,0.0,0.0,0.0,1.0,1.0,1.0,1.0,0.0,0.0,0.0,0.0,2.0,0
25061992,EMRIEIF MANOEL PEREIRA DA SILVA,2506004,Esperança,1,3,0.0,0.0,0.0,0.0,1.0,1.0,1.0,1.0,1.0,0.0,0.0,0.0,5.0,0
25062000,EMEF ANTONIO COELHO DE CARVALHO,2506004,Esperança,2,3,0.0,0.0,0.0,0.0,1.0,1.0,1.0,1.0,0.0,0.0,0.0,0.0,0.0,0
25109723,EMEF DOM MANUEL PALMEIRA DA ROCHA,2506004,Esperança,1,3,0.0,0.0,0.0,0.0,1.0,1.0,1.0,1.0,1.0,0.0,0.0,0.0,14.0,0
25128035,COLEGIO DE ALTO PADRAO DE ENSINO LTDA ME,2506004,Esperança,1,4,0.0,0.0,0.0,0.0,1.0,0.0,1.0,1.0,1.0,0.0,0.0,0.0,17.0,0
25128612,IFPB - CAMPUS ESPERANCA,2506004,Esperança,1,1,0.0,0.0,0.0,0.0,1.0,1.0,1.0,1.0,1.0,1.0,1.0,0.0,12.0,--
25132008,EMRIEIF PROFESSORA MARGARIDA MARIA ANDRADE DINIZ,2506004,Esperança,1,3,0.0,0.0,0.0,0.0,1.0,1.0,1.0,1.0,0.0,0.0,0.0,0.0,3.0,0
25077090,CMPG NILA FERREIRA,2506103,Fagundes,1,3,0.0,0.0,0.0,0.0,1.0,1.0,1.0,1.0,1.0,0.0,1.0,0.0,20.0,0
25077104,COLEGIO JOAO XXIII,2506103,Fagundes,1,4,0.0,0.0,0.0,0.0,1.0,0.0,1.0,1.0,1.0,0.0,0.0,0.0,5.0,0
25077147,ECI JOANA EMILIA DA SILVA,2506103,Fagundes,1,2,0.0,0.0,0.0,0.0,1.0,1.0,1.0,1.0,1.0,1.0,1.0,0.0,0.0,--
25077163,EEEF FREI ALBERTO,2506103,Fagundes,1,2,0.0,0.0,0.0,0.0,1.0,1.0,1.0,1.0,0.0,0.0,0.0,0.0,0.0,--
25077180,GR ESC FRANCISCO JOAQUIM DO NASCIMENTO,2506103,Fagundes,2,3,0.0,0.0,0.0,0.0,1.0,1.0,1.0,0.0,1.0,0.0,0.0,1.0,0.0,0
25077392,GR ESC ANA MARIA DA CONCEICAO,2506103,Fagundes,2,3,0.0,0.0,0.0,0.0,1.0,1.0,1.0,0.0,0.0,0.0,0.0,0.0,0.0,0
25077406,GR ESC ANGELA MARIA DA CONCEICAO,2506103,Fagundes,2,3,0.0,0.0,0.0,0.0,1.0,1.0,1.0,1.0,0.0,0.0,0.0,0.0,0.0,0
25077414,GR ESC CASSIMIRO FRANCISCO VIEIRA,2506103,Fagundes,2,3,0.0,0.0,0.0,0.0,1.0,1.0,1.0,1.0,1.0,0.0,1.0,0.0,0.0,1.5
25077449,GR ESC ALEXANDRINA MARIA DA CONCEICAO,2506103,Fagundes,2,3,0.0,0.0,0.0,0.0,1.0,1.0,1.0,1.0,0.0,0.0,1.0,0.0,0.0,0
25077457,GR ESC FRANCISCO JOSE DO NASCIMENTO,2506103,Fagundes,2,3,0.0,0.0,0.0,0.0,1.0,1.0,1.0,1.0,1.0,0.0,0.0,0.0,0.0,0
25077465,GR ESC GUILHERMINA MARIA DE JESUS,2506103,Fagundes,2,3,0.0,0.0,0.0,0.0,1.0,1.0,1.0,1.0,0.0,0.0,0.0,0.0,0.0,1.7
25077481,GR ESC JOANINHA FERREIRA,2506103,Fagundes,2,3,0.0,0.0,0.0,0.0,1.0,1.0,1.0,0.0,1.0,0.0,0.0,0.0,0.0,0
25077538,GR ESC JOSE MARIA BARBOSA LEITE,2506103,Fagundes,2,3,0.0,0.0,0.0,0.0,1.0,1.0,1.0,1.0,0.0,0.0,0.0,1.0,0.0,0
25077546,GR ESC MANOEL FELIPE DOS SANTOS,2506103,Fagundes,2,3,0.0,0.0,0.0,0.0,1.0,1.0,1.0,1.0,1.0,0.0,0.0,0.0,0.0,0
25077589,GR ESC MARIA RODRIGUES DA SILVA,2506103,Fagundes,1,3,0.0,0.0,0.0,0.0,1.0,1.0,1.0,1.0,0.0,0.0,0.0,1.0,0.0,0
25077597,GR ESC MINANA TAVEIRA DE MACEDO,2506103,Fagundes,2,3,0.0,0.0,0.0,0.0,1.0,1.0,1.0,1.0,0.0,0.0,0.0,1.0,0.0,0
25077600,GR ESC SEBASTIAO TAVEIRA MACEDO,2506103,Fagundes,2,3,0.0,0.0,0.0,0.0,1.0,1.0,1.0,1.0,1.0,0.0,0.0,0.0,0.0,0
25077619,GR ESC SANTA JOANA DARC,2506103,Fagundes,2,3,0.0,0.0,0.0,0.0,0.0,1.0,1.0,1.0,0.0,0.0,0.0,0.0,0.0,0
25077660,GR ESC ZACARIAS DIAS DE ARAUJO,2506103,Fagundes,2,3,0.0,0.0,0.0,0.0,1.0,1.0,1.0,0.0,1.0,0.0,0.0,0.0,0.0,0
25129929,CENTRO EDUCACIONAL PEQUENO APRENDIZ,2506103,Fagundes,1,4,0.0,0.0,0.0,0.0,1.0,0.0,1.0,1.0,1.0,0.0,1.0,0.0,9.0,0
25133616,COLEGIO E CURSO JOSE CRUZ E INFANTIL CASINHA FELIZ,2506103,Fagundes,1,4,0.0,0.0,0.0,0.0,1.0,0.0,1.0,1.0,1.0,0.0,0.0,0.0,4.0,0
25041185,ECI PREFEITO AGUITONIO DANTAS,2506202,Frei Martinho,1,2,0.0,0.0,0.0,0.0,1.0,1.0,1.0,1.0,1.0,1.0,1.0,0.0,5.0,--
25041207,EMEF ELIETE SOUZA DE ARAUJO SILVA,2506202,Frei Martinho,1,3,0.0,0.0,0.0,0.0,1.0,1.0,1.0,1.0,1.0,0.0,1.0,0.0,10.0,0
25041355,EMEF JOAO FERNANDES FALCAO,2506202,Frei Martinho,2,3,0.0,0.0,0.0,0.0,1.0,1.0,1.0,1.0,1.0,0.0,0.0,0.0,0.0,0
25083635,EMEF ASSIS CHATEAUBRIAND,2506251,Gado Bravo,2,3,0.0,0.0,0.0,0.0,1.0,1.0,1.0,1.0,0.0,0.0,0.0,1.0,0.0,0
25083678,EMEF SEVERINO XAVIER DE MORAES,2506251,Gado Bravo,2,3,0.0,0.0,0.0,0.0,1.0,1.0,1.0,0.0,0.0,0.0,0.0,1.0,0.0,0
25083686,EMEF SANTA ANA,2506251,Gado Bravo,2,3,0.0,0.0,0.0,0.0,1.0,1.0,1.0,1.0,0.0,0.0,0.0,1.0,0.0,0
25083767,EMEF PEDRO BRITO BARBOSA,2506251,Gado Bravo,2,3,0.0,0.0,0.0,0.0,1.0,1.0,1.0,1.0,0.0,0.0,0.0,1.0,0.0,0
25083821,EMEF DOM PEDRO II,2506251,Gado Bravo,2,3,0.0,0.0,0.0,0.0,1.0,1.0,1.0,1.0,0.0,0.0,0.0,1.0,0.0,0
25083830,EMEF DE PICADAS,2506251,Gado Bravo,2,3,0.0,0.0,0.0,0.0,1.0,1.0,1.0,0.0,0.0,0.0,0.0,1.0,0.0,0
25084208,EMEF JOAQUIM AVELINO,2506251,Gado Bravo,2,3,0.0,0.0,0.0,0.0,1.0,1.0,1.0,1.0,0.0,0.0,0.0,0.0,0.0,0
25084267,EMEF SALVINO FIGUEIREDO NETO,2506251,Gado Bravo,2,3,0.0,0.0,0.0,0.0,1.0,1.0,1.0,1.0,0.0,0.0,0.0,1.0,0.0,0
25084275,EMEF FRANCISCO SERGIO DE AGUIAR,2506251,Gado Bravo,2,3,0.0,0.0,0.0,0.0,1.0,1.0,1.0,0.0,0.0,0.0,0.0,1.0,0.0,0
25084305,EMEF JOSE PEREIRA DE AGUIAR,2506251,Gado Bravo,2,3,0.0,0.0,0.0,0.0,1.0,1.0,1.0,1.0,0.0,0.0,0.0,1.0,0.0,0
25084356,EMEF MANOEL DE BRITO LIRA,2506251,Gado Bravo,2,3,0.0,0.0,0.0,0.0,1.0,1.0,1.0,0.0,0.0,0.0,0.0,1.0,0.0,0
25084445,ECI JOAO DA SILVA MONTEIRO,2506251,Gado Bravo,1,2,0.0,0.0,0.0,0.0,1.0,1.0,1.0,1.0,0.0,0.0,0.0,0.0,0.0,--
25084453,EMEF JOSE XAVIER TRAVASSOS,2506251,Gado Bravo,2,3,0.0,0.0,0.0,0.0,1.0,1.0,1.0,1.0,0.0,0.0,0.0,0.0,0.0,0
25084488,EMEFM PE GODOFREDO JOOSTEN,2506251,Gado Bravo,1,3,0.0,0.0,0.0,0.0,1.0,1.0,1.0,1.0,1.0,1.0,0.0,0.0,8.0,0
25084496,EMEF JOSE AUGUSTO DO NASCIMENTO,2506251,Gado Bravo,2,3,0.0,0.0,0.0,0.0,1.0,1.0,1.0,1.0,1.0,0.0,0.0,0.0,0.0,0
25106074,EMEF SAO PAULO,2506251,Gado Bravo,2,3,0.0,0.0,0.0,0.0,1.0,1.0,1.0,0.0,0.0,0.0,0.0,1.0,0.0,0
25106090,EMEF JOAO DE BRITO LIRA,2506251,Gado Bravo,2,3,0.0,0.0,0.0,0.0,1.0,1.0,1.0,1.0,0.0,0.0,0.0,1.0,0.0,0
25106163,EMEF MANOEL BEZERRA,2506251,Gado Bravo,2,3,0.0,0.0,0.0,0.0,1.0,1.0,1.0,1.0,0.0,0.0,0.0,1.0,0.0,0
25111876,EMEF JULIAO DE SOUZA LEAL,2506251,Gado Bravo,2,3,0.0,0.0,0.0,0.0,1.0,1.0,1.0,1.0,0.0,0.0,0.0,1.0,0.0,0
25129490,CENTRO DE EDUCACAO INFANTIL HENRIQUE ARRUDA,2506251,Gado Bravo,1,4,0.0,0.0,0.0,0.0,1.0,0.0,1.0,1.0,1.0,0.0,0.0,0.0,2.0,0
25129503,ESCOLA PEQUENO DAVI,2506251,Gado Bravo,1,4,0.0,0.0,0.0,0.0,1.0,0.0,1.0,1.0,1.0,0.0,0.0,0.0,0.0,0
25068369,ESCOLA MUNICIPAL DE EDUCACAO INFANTIL E ENSINO FUNDAMENTAL PROF RAIMUNDA RIBEIRO DA SILVA,2506301,Guarabira,1,3,0.0,0.0,0.0,0.0,1.0,1.0,1.0,1.0,1.0,0.0,0.0,0.0,4.0,0
25068423,ESCOLA MUNICIPAL DE ENSINO FUNDAMENTAL OSMAR DE AQUINO,2506301,Guarabira,1,3,0.0,0.0,0.0,0.0,1.0,1.0,1.0,1.0,1.0,0.0,0.0,0.0,13.0,--
25068431,COLEGIO DA LUZ LTDA,2506301,Guarabira,1,4,0.0,0.0,0.0,0.0,1.0,0.0,1.0,1.0,1.0,0.0,0.0,0.0,42.0,0
25068458,COLEGIO SANTO ANTONIO,2506301,Guarabira,1,4,0.0,0.0,0.0,0.0,1.0,0.0,1.0,1.0,1.0,1.0,1.0,0.0,24.0,0
25068555,EDUC CECILIA MEIRELES,2506301,Guarabira,1,4,0.0,0.0,0.0,0.0,1.0,0.0,1.0,1.0,1.0,0.0,0.0,0.0,4.0,4.2
25068563,EDUCANDARIO NOSSA SENHORA DE LOURDES,2506301,Guarabira,1,4,0.0,0.0,0.0,0.0,1.0,0.0,1.0,1.0,1.0,0.0,0.0,0.0,4.0,0
25068598,EDUC SONHO MEU,2506301,Guarabira,1,4,0.0,0.0,0.0,0.0,1.0,0.0,1.0,1.0,1.0,0.0,0.0,0.0,0.0,--
25068628,ECIT MONSENHOR EMILIANO DE CRISTO,2506301,Guarabira,1,2,0.0,0.0,0.0,0.0,1.0,1.0,1.0,1.0,0.0,0.0,0.0,1.0,5.0,--
25068636,ECI JOSE SOARES DE CARVALHO,2506301,Guarabira,1,2,0.0,0.0,0.0,0.0,1.0,1.0,1.0,1.0,1.0,1.0,1.0,0.0,1.0,--
25068644,EEEFM ANTENOR NAVARRO,2506301,Guarabira,1,2,0.0,0.0,0.0,0.0,1.0,1.0,1.0,1.0,0.0,0.0,0.0,0.0,8.0,--
25068660,EEEF DEPUTADO GUSTAVO AMORIM DA COSTA,2506301,Guarabira,1,2,0.0,0.0,0.0,0.0,1.0,1.0,1.0,0.0,1.0,0.0,0.0,0.0,4.0,--
25068695,EEEF DESEMBARGADOR PEDRO BANDEIRA,2506301,Guarabira,1,2,0.0,0.0,0.0,0.0,1.0,1.0,1.0,1.0,0.0,0.0,0.0,0.0,5.0,--
25068709,EEEM JOHN KENNEDY,2506301,Guarabira,1,2,0.0,0.0,0.0,0.0,1.0,1.0,1.0,1.0,0.0,0.0,0.0,1.0,8.0,--
25068717,EEEF ABDON MIRANDA,2506301,Guarabira,2,2,0.0,0.0,0.0,0.0,0.0,1.0,1.0,0.0,0.0,0.0,0.0,1.0,1.0,--
25068725,EEEM PROFESSOR EDGARDO JULIO,2506301,Guarabira,1,2,0.0,0.0,0.0,0.0,1.0,1.0,1.0,1.0,1.0,0.0,0.0,0.0,6.0,--
25068733,EEEFM JOAO FRANCELINO DA SILVA,2506301,Guarabira,1,2,0.0,0.0,0.0,0.0,0.0,1.0,1.0,0.0,0.0,0.0,0.0,1.0,0.0,--
25068776,EDUCANDARIO MENINO DE DEUS LTDA,2506301,Guarabira,1,4,0.0,0.0,0.0,0.0,1.0,0.0,1.0,1.0,1.0,0.0,0.0,0.0,0.0,--
25068806,ESCOLA MUNICIPAL DE ENSINO FUNDAMENTAL MARIA LOURDES DE SOUZA AMORIM,2506301,Guarabira,1,3,0.0,0.0,0.0,0.0,1.0,1.0,1.0,1.0,1.0,0.0,0.0,0.0,5.0,0
25068830,ESCOLA SAO FRANCISCO,2506301,Guarabira,1,4,0.0,0.0,0.0,0.0,1.0,0.0,1.0,1.0,1.0,0.0,0.0,0.0,0.0,1.7
25068865,ESCOLA MUNICIPAL DE EDUCACAO INFANTIL E ENSINO FUNDAMENTAL SAO RAFAEL,2506301,Guarabira,1,3,0.0,0.0,0.0,0.0,1.0,1.0,1.0,1.0,1.0,0.0,0.0,0.0,6.0,0
25068903,EDUCANDARIO FELIZ DO SABER,2506301,Guarabira,1,4,0.0,0.0,0.0,0.0,1.0,0.0,1.0,1.0,1.0,0.0,0.0,1.0,0.0,0
25068911,INSTITUTO PAULO FREIRE,2506301,Guarabira,1,4,0.0,0.0,0.0,0.0,1.0,0.0,1.0,1.0,1.0,0.0,0.0,0.0,10.0,0
25068954,ESCOLA MUNICIPAL DE EDUCACAO INFANTIL E ENSINO FUNDAMENTAL ABILIO CLEMENTINO DE ARRUDA,2506301,Guarabira,2,3,0.0,0.0,0.0,0.0,1.0,1.0,1.0,1.0,1.0,0.0,0.0,1.0,0.0,5
25068962,ESCOLA MUNICIPAL DE EDUCACAO INFANTIL E ENSINO FUNDAMENTAL ANALIA PEREIRA DO NASCIMENTO,2506301,Guarabira,2,3,0.0,0.0,0.0,0.0,1.0,1.0,1.0,1.0,1.0,0.0,0.0,0.0,0.0,0
25068970,ESCOLA MUNICIPAL DE EDUCACAO INFANTIL E ENSINO FUNDAMENTAL EDSON MONTENEGRO DA CUNHA,2506301,Guarabira,1,3,0.0,0.0,0.0,0.0,1.0,1.0,1.0,1.0,1.0,0.0,0.0,0.0,4.0,0
25069004,ESCOLA MUNICIPAL DE EDUCACAO INFANTIL E ENSINO FUNDAMENTAL JOAO CLAUDINO DE PONTES,2506301,Guarabira,2,3,0.0,0.0,0.0,0.0,0.0,1.0,1.0,1.0,0.0,0.0,0.0,1.0,3.0,0
25069012,ESCOLA MUNICIPAL DE EDUCACAO INFANTIL E ENSINO FUNDAMENTAL MARIA BENEVIDES DE AQUINO,2506301,Guarabira,2,3,0.0,0.0,0.0,0.0,1.0,1.0,1.0,1.0,0.0,0.0,0.0,1.0,2.0,0
25069020,ESCOLA MUNICIPAL DE EDUCACAO INFANTIL E ENSINO FUNDAMENTAL MARIA EULALIA CANTALICE,2506301,Guarabira,1,3,0.0,0.0,0.0,0.0,0.0,1.0,1.0,1.0,0.0,0.0,0.0,0.0,4.0,0
25069039,ESCOLA MUNICIPAL DE EDUCACAO INFANTIL E ENSINO FUNDAMENTAL NAZILDA DA CUNHA MOURA,2506301,Guarabira,1,3,0.0,0.0,0.0,0.0,1.0,1.0,1.0,1.0,0.0,0.0,0.0,0.0,4.0,0
25069063,ESCOLA MUNICIPAL DE EDUCACAO INFANTIL E ENSINO FUNDAMENTAL SEBASTIAO BEZERRA BASTOS,2506301,Guarabira,2,3,0.0,0.0,0.0,0.0,1.0,1.0,1.0,1.0,0.0,0.0,0.0,0.0,0.0,0
25069071,ESCOLA MUNICIPAL DE EDUCACAO INFANTIL E ENSINO FUNDAMENTAL SERGIO LUIZ DE MELO GOMES,2506301,Guarabira,1,3,0.0,0.0,0.0,0.0,1.0,1.0,1.0,1.0,1.0,0.0,0.0,0.0,4.0,0
25069080,ESCOLA MUNICPAL DE EDUCACAO INFANTIL E ENSINO FUNDAMENTAL JOVENTINA MARIA DE PONTES,2506301,Guarabira,2,3,0.0,0.0,0.0,0.0,1.0,1.0,1.0,1.0,0.0,0.0,0.0,0.0,3.0,0
25069101,ESCOLA MUNICIPAL DE EDUCACAO INFANTIL E ENSINO FUNDAMENTTAL AMALIA FREIRE DE PONTES,2506301,Guarabira,1,3,0.0,0.0,0.0,0.0,1.0,1.0,1.0,1.0,0.0,0.0,0.0,0.0,3.0,0
25069110,ESCOLA MUNICIPAL DE EDUCACAO INFANTIL E ENSINO FUNDAMENTAL ANTONIO FERREIRA DE SOUZA,2506301,Guarabira,2,3,0.0,0.0,0.0,0.0,1.0,1.0,1.0,1.0,0.0,0.0,0.0,0.0,2.0,0
25069217,ESCOLA MUNICIPAL DE EDUCACAO INFANTIL E ENSINO FUNDAMENTAL PAULO BRANDAO CAVALCANTE FILHO,2506301,Guarabira,1,3,0.0,0.0,0.0,0.0,1.0,1.0,1.0,1.0,1.0,0.0,1.0,0.0,5.0,0
25069225,ESCOLA MUNICIPAL DE EDUCACAO INFANTIL E ENSINO FUNDAMENTEL RAYMUNDO ASFORA,2506301,Guarabira,1,3,0.0,0.0,0.0,0.0,1.0,1.0,1.0,1.0,1.0,0.0,0.0,0.0,4.0,0
25109588,EDUCANDARIO ALEGRIA DE SABER,2506301,Guarabira,1,4,0.0,0.0,0.0,0.0,1.0,0.0,1.0,1.0,1.0,0.0,0.0,0.0,22.0,0
25111590,SOCIEDADE GUARABIRENSE DE EDUCACAO LTDA,2506301,Guarabira,1,4,0.0,0.0,0.0,0.0,1.0,0.0,1.0,1.0,1.0,1.0,0.0,0.0,12.0,--
25111795,INSTITUTO EDUCACIONAL ESTRELA DA MANHA,2506301,Guarabira,1,4,0.0,0.0,0.0,0.0,1.0,0.0,1.0,1.0,1.0,0.0,0.0,0.0,0.0,--
25116541,ESCOLA MUNICIPAL DE EDUCACAO INFANTIL E ENSINO FUNDAMENTAL JUBERLITA PEREIRA DA COSTA,2506301,Guarabira,2,3,0.0,0.0,0.0,0.0,1.0,1.0,1.0,1.0,0.0,0.0,0.0,0.0,4.0,0
25116568,ESCOLA MUNICIPAL DE EDUCACAO INFANTIL E ENSINO FUNDAMENTAL ANTONIO FLORENTINO DA COSTA,2506301,Guarabira,2,3,0.0,0.0,0.0,0.0,1.0,1.0,1.0,1.0,0.0,0.0,0.0,1.0,0.0,0
25116584,ESCOLA MUNICIPAL DE ENSINO FUNDAMENTAL EDIVARDO TOSCANO,2506301,Guarabira,1,3,0.0,0.0,0.0,0.0,1.0,1.0,1.0,1.0,1.0,0.0,0.0,0.0,7.0,0
25116720,ESCOLA MUNICIPAL DE ENSINO FUNDAMENTAL DOM HELDER CAMARA,2506301,Guarabira,1,3,0.0,0.0,0.0,0.0,1.0,1.0,1.0,1.0,1.0,0.0,0.0,0.0,7.0,--
25119087,ESCOLA MUNICIPAL DE ENSINO FUNDAMENTAL RAUL DE FREITAS MOUSINHO,2506301,Guarabira,1,3,0.0,0.0,0.0,0.0,1.0,1.0,1.0,1.0,1.0,0.0,0.0,0.0,8.0,--
25120255,ESCOLA MUNICIPAL DE EDUCACAO INFANTIL E ENSINO FUNDAMENTAL ANTONIO GALDINO GUEDES,2506301,Guarabira,1,3,0.0,0.0,0.0,0.0,1.0,1.0,1.0,1.0,1.0,0.0,0.0,0.0,4.0,0
25120263,ESCOLA MUNICIPAL DE ENSINO FUNDAMENTAL ASCENDINO TOSCANO DE BRITO,2506301,Guarabira,1,3,0.0,0.0,0.0,0.0,1.0,1.0,1.0,1.0,1.0,0.0,0.0,0.0,6.0,0.8
25121383,ESCOLA MUNICIPAL DE EDUCACAO INFANTIL E ENSINO FUNDAMENTAL ALCIDES MANOEL DA SILVA,2506301,Guarabira,2,3,0.0,0.0,0.0,0.0,1.0,1.0,1.0,1.0,1.0,0.0,0.0,0.0,0.0,0
25121413,EXECUTIVO COLEGIO E CURSO,2506301,Guarabira,1,4,0.0,0.0,0.0,0.0,1.0,0.0,1.0,1.0,1.0,1.0,1.0,0.0,15.0,0
25121820,EDUCANDARIO REI DAVI,2506301,Guarabira,1,4,0.0,0.0,0.0,0.0,1.0,0.0,1.0,1.0,1.0,0.0,0.0,0.0,0.0,0
25123424,SERVICO SOCIAL DO COMERCIO,2506301,Guarabira,1,4,0.0,0.0,0.0,0.0,1.0,1.0,1.0,1.0,1.0,0.0,1.0,0.0,3.0,--
25125150,CENTRO EDUCACIONAL EVANGELICO PASTOR ANTONIO PETRONILO DOS SANTOS,2506301,Guarabira,1,4,0.0,0.0,0.0,0.0,1.0,0.0,1.0,1.0,1.0,0.0,0.0,0.0,0.0,0.9
25125923,IFPB - CAMPUS GUARABIRA,2506301,Guarabira,1,1,0.0,0.0,0.0,0.0,1.0,0.0,1.0,1.0,1.0,1.0,1.0,0.0,14.0,--
25127497,ESCOLA MUNICIPAL DE EDUCACAO INFANTIL E ENSINO FUNDAMENTAL PROF EDGARDO JULIO,2506301,Guarabira,1,3,0.0,0.0,0.0,0.0,1.0,1.0,1.0,1.0,0.0,0.0,0.0,0.0,5.0,0
25128159,ESCOLA MUNICIPAL DE EDUCACAO INFANTIL E ENSINO FUNDAMENTAL MARIA DA PIEDADE MEDEIROS PAIVA,2506301,Guarabira,1,3,0.0,0.0,0.0,0.0,1.0,1.0,1.0,1.0,0.0,0.0,0.0,0.0,1.0,0
25130161,ECIT GUARABIRA DOM MARCELO PINTO CARVALHEIRA,2506301,Guarabira,1,2,0.0,0.0,0.0,0.0,1.0,1.0,1.0,1.0,1.0,1.0,1.0,0.0,17.0,--
25237802,COLEGIO BETESDA,2506301,Guarabira,1,4,0.0,0.0,0.0,0.0,1.0,0.0,1.0,1.0,1.0,0.0,0.0,0.0,14.0,0
25069098,ESCOLA MUNICIPAL DE EDUCACAO INFANTIL E ENSINO FUNDAMENTAL AMALIA TEIXEIRA DE CARVALHO,2506301,Guarabira,2,3,0.0,0.0,0.0,1.0,1.0,1.0,1.0,1.0,0.0,0.0,0.0,0.0,0.0,0
25080407,ECI JOAO RIBEIRO,2506400,Gurinhém,1,2,0.0,0.0,0.0,0.0,1.0,1.0,1.0,1.0,1.0,1.0,0.0,0.0,0.0,--
25080490,EMEIF PROFESSOR JOAQUIM CICERO BATISTA,2506400,Gurinhém,2,3,0.0,0.0,0.0,0.0,1.0,1.0,1.0,1.0,1.0,0.0,0.0,0.0,0.0,0
25080547,EMEIF PROFESSORA GERLANIA MARIA DA SILVA,2506400,Gurinhém,2,3,0.0,0.0,0.0,0.0,1.0,1.0,1.0,1.0,1.0,0.0,0.0,0.0,9.0,0
25080563,EMEF FELICIANO DE FRANCA GALVAO,2506400,Gurinhém,2,3,0.0,0.0,0.0,0.0,1.0,1.0,1.0,1.0,0.0,0.0,0.0,1.0,0.0,0
25080571,EMEF MADRE DANTAS,2506400,Gurinhém,1,3,0.0,0.0,0.0,0.0,1.0,1.0,1.0,1.0,0.0,0.0,0.0,0.0,0.0,0
25080598,EMEF SERAFINA RIBEIRO,2506400,Gurinhém,1,3,0.0,0.0,0.0,0.0,1.0,1.0,1.0,1.0,0.0,0.0,0.0,0.0,2.0,0
25080601,EMEF JOAO FRANCISCO DOS SANTOS,2506400,Gurinhém,2,3,0.0,0.0,0.0,0.0,1.0,1.0,1.0,1.0,1.0,0.0,0.0,0.0,0.0,0
25080636,EMEF ANALIA ARRUDA DA SILVA,2506400,Gurinhém,2,3,0.0,0.0,0.0,0.0,1.0,1.0,0.0,1.0,1.0,0.0,0.0,1.0,0.0,0
25080687,EMEIF PE JOSE MARIA MESQUITA,2506400,Gurinhém,2,3,0.0,0.0,0.0,0.0,1.0,1.0,1.0,1.0,0.0,0.0,0.0,0.0,7.0,0
25080717,EMEF LUIZ F DE ALBUQUERQUE MARANHAO,2506400,Gurinhém,2,3,0.0,0.0,0.0,1.0,1.0,1.0,0.0,1.0,1.0,0.0,0.0,1.0,0.0,0
25080750,EMEF JOSE RUFINO DOS SANTOS,2506400,Gurinhém,2,3,3.0,0.0,0.0,0.0,1.0,1.0,1.0,1.0,0.0,0.0,0.0,1.0,0.0,0
25080776,EMEIF DE AUSENTE,2506400,Gurinhém,2,3,0.0,0.0,0.0,1.0,1.0,1.0,0.0,1.0,0.0,0.0,0.0,1.0,0.0,0
25115561,EMEIF FRANCISCO MANOEL COELHO,2506400,Gurinhém,2,3,0.0,0.0,0.0,0.0,1.0,1.0,1.0,1.0,1.0,0.0,0.0,0.0,0.0,0
25115570,EMEF FLAVIANO RIBEIRO COUTINHO,2506400,Gurinhém,1,3,0.0,0.0,0.0,0.0,1.0,1.0,1.0,1.0,1.0,0.0,0.0,0.0,12.0,--
25115596,CENTRO EDUCACIONAL VITORINO SILVEIRA,2506400,Gurinhém,1,4,0.0,0.0,0.0,0.0,1.0,0.0,1.0,1.0,0.0,0.0,0.0,0.0,1.0,0
25126881,CENTRO EDUCACIONAL MENINO JESUS,2506400,Gurinhém,2,4,0.0,0.0,0.0,0.0,1.0,0.0,1.0,0.0,1.0,0.0,0.0,0.0,0.0,0
25133187,EMEIF ANA FERREIRA RIBEIRO COUTINHO,2506400,Gurinhém,2,3,0.0,0.0,0.0,0.0,1.0,1.0,1.0,1.0,0.0,0.0,0.0,0.0,0.0,0
25240935,INSTITUTO EDUCACIONAL CRIANCA ATIVA,2506400,Gurinhém,1,4,0.0,0.0,0.0,0.0,1.0,0.0,1.0,1.0,1.0,0.0,0.0,0.0,8.0,0
25053728,ECIT JUAREZ MARACAJA,2506509,Gurjão,1,2,0.0,0.0,0.0,0.0,1.0,1.0,1.0,1.0,1.0,1.0,1.0,0.0,0.0,--
25053949,ESCOLA MUNICIPAL DO ENSINO FUNDAMENTAL AUREA CORREIA DE QUEIROZ,2506509,Gurjão,1,3,0.0,0.0,0.0,0.0,1.0,1.0,1.0,1.0,1.0,0.0,0.0,0.0,1.0,--
25053957,ESCOLA MUNICIPAL VIRGEM DOS POBRES,2506509,Gurjão,2,3,0.0,0.0,0.0,0.0,1.0,1.0,1.0,1.0,0.0,0.0,0.0,0.0,0.0,0
25053990,EMEF EUTALIA RAMOS GURJAO,2506509,Gurjão,1,3,0.0,0.0,0.0,0.0,1.0,1.0,1.0,1.0,1.0,0.0,0.0,0.0,5.0,0
25030116,ECI PADRE MANOEL OTAVIANO,2506608,Ibiara,1,2,0.0,0.0,0.0,0.0,0.0,1.0,1.0,0.0,0.0,0.0,0.0,1.0,6.0,--
25030175,EEEF FRANCA LEITE,2506608,Ibiara,1,2,0.0,0.0,0.0,0.0,0.0,1.0,1.0,0.0,0.0,0.0,0.0,1.0,0.0,--
25030299,EMEIF ANALIA GALDINO DOS SANTOS,2506608,Ibiara,2,3,0.0,0.0,0.0,1.0,1.0,1.0,1.0,0.0,0.0,0.0,0.0,0.0,0.0,0
25030396,EMEIF POETA RENATO PINHEIRO RAMALHO,2506608,Ibiara,1,3,0.0,0.0,0.0,0.0,1.0,1.0,1.0,1.0,0.0,0.0,0.0,0.0,2.0,0
25030400,EMEIF PROFESSORA CECI BADU DE SOUSA,2506608,Ibiara,1,3,0.0,0.0,0.0,0.0,1.0,1.0,1.0,1.0,1.0,1.0,1.0,0.0,12.0,0
25030485,EMEIF ANTONIO JOSE DA SILVA,2506608,Ibiara,2,3,0.0,0.0,0.0,0.0,1.0,1.0,1.0,1.0,0.0,0.0,1.0,0.0,4.0,0
25113283,EMEIF PROFESSORA ALICE LEITE,2506608,Ibiara,1,3,0.0,0.0,0.0,0.0,1.0,1.0,1.0,1.0,0.0,0.0,1.0,0.0,5.0,0
25122851,COLEGIO BATISTA DE IBIARA,2506608,Ibiara,1,4,0.0,0.0,0.0,0.0,1.0,1.0,1.0,1.0,1.0,0.0,0.0,0.0,6.0,0
25135520,ESCOLA MUNICIPAL DE ENSINO INFANTIL E FUNDAMENTAL MANOEL DE SOUSA NETO,2506608,Ibiara,1,3,0.0,0.0,0.0,0.0,1.0,1.0,1.0,1.0,1.0,0.0,0.0,0.0,4.0,0
25034200,ECIT MARIA DO SOCORRO RAMALHO QUIRINO,2506707,Imaculada,1,2,0.0,0.0,0.0,0.0,1.0,1.0,1.0,1.0,0.0,0.0,1.0,0.0,0.0,--
25034227,EEEF DELMIRO DANTAS,2506707,Imaculada,1,2,0.0,0.0,0.0,0.0,1.0,1.0,1.0,1.0,1.0,0.0,1.0,0.0,0.0,0
25034235,EMEF MIGUEL OTAVIANO DE MEDEIROS,2506707,Imaculada,1,3,0.0,0.0,0.0,0.0,1.0,1.0,1.0,1.0,1.0,0.0,0.0,0.0,0.0,--
25034456,EMEIF JOSE ALVES SABINO,2506707,Imaculada,2,3,0.0,0.0,0.0,0.0,1.0,1.0,1.0,1.0,0.0,0.0,0.0,0.0,0.0,0
25034464,EMEIF JOSE VIEIRA DA SILVA,2506707,Imaculada,2,3,0.0,0.0,0.0,0.0,1.0,1.0,1.0,1.0,1.0,0.0,0.0,0.0,0.0,0
25034570,EMEIF JOSE PEDRO DE MELO,2506707,Imaculada,2,3,0.0,0.0,0.0,0.0,1.0,1.0,1.0,1.0,0.0,0.0,0.0,0.0,0.0,0
25034642,EMEIF MARIA MADALENA TORRES DANTAS,2506707,Imaculada,1,3,0.0,0.0,0.0,0.0,1.0,1.0,1.0,1.0,1.0,0.0,0.0,0.0,0.0,0
25034731,EMEF JOAQUIM ALVES FEITOSA,2506707,Imaculada,2,3,0.0,0.0,0.0,0.0,1.0,1.0,1.0,1.0,1.0,0.0,0.0,0.0,0.0,--
25109995,EMEIF FRANCISCA QUIRINO FERREIRA,2506707,Imaculada,1,3,0.0,0.0,0.0,0.0,1.0,1.0,1.0,1.0,0.0,0.0,0.0,0.0,10.0,0
25034219,EEEFM SANTA CATARINA,2506707,Imaculada,2,2,0.0,0.0,0.0,0.0,1.0,1.0,1.0,1.0,1.0,0.0,0.0,0.0,0.0,--
25034510,EMEIF MARIA PEREIRA DOS SANTOS,2506707,Imaculada,2,3,0.0,0.0,0.0,0.0,1.0,1.0,1.0,1.0,1.0,0.0,0.0,0.0,0.0,0
25034715,EMEIF JOAO GONCALVES DA SILVA,2506707,Imaculada,2,3,0.0,0.0,0.0,0.0,1.0,1.0,1.0,1.0,0.0,0.0,0.0,0.0,0.0,0
25080849,ECIT LUIS GONZAGA BURITY,2506806,Ingá,1,2,0.0,0.0,0.0,0.0,1.0,1.0,1.0,1.0,1.0,1.0,1.0,0.0,14.0,--
25080873,EMEIEF ABEL DA SILVA,2506806,Ingá,1,3,0.0,0.0,0.0,0.0,1.0,1.0,1.0,1.0,1.0,0.0,0.0,0.0,9.0,0.5
25080881,EEEFM PROFESSOR RANGEL,2506806,Ingá,1,2,0.0,0.0,0.0,0.0,1.0,1.0,1.0,1.0,0.0,1.0,1.0,0.0,0.0,--
25080911,EMEIEF SEVERINA PEREIRA RAMOS,2506806,Ingá,2,3,0.0,0.0,0.0,0.0,1.0,1.0,1.0,1.0,0.0,0.0,0.0,0.0,0.0,0
25080970,EMEIEF NELY BURITY DE ALMEIDA,2506806,Ingá,2,3,0.0,0.0,0.0,0.0,1.0,1.0,1.0,1.0,0.0,0.0,0.0,1.0,0.0,0
25080989,EMEIEF MAURINO RODRIGUES DE ANDRADE,2506806,Ingá,1,3,0.0,0.0,0.0,0.0,1.0,1.0,1.0,1.0,0.0,0.0,1.0,0.0,3.0,0
25081020,EMEIEF DR MANOEL CORREIA DE FARIAS,2506806,Ingá,1,3,0.0,0.0,0.0,0.0,1.0,1.0,1.0,1.0,0.0,0.0,0.0,0.0,7.0,0
25081055,EMEIEF HONORIO ALVES,2506806,Ingá,2,3,0.0,0.0,0.0,0.0,1.0,1.0,1.0,1.0,0.0,0.0,0.0,0.0,3.0,0
25081071,EMEIEF JOSE TRAJANO DE FIGUEIREDO,2506806,Ingá,2,3,0.0,0.0,0.0,0.0,1.0,1.0,1.0,0.0,0.0,0.0,0.0,1.0,0.0,0
25081110,EMEIEF CORINA DE AZEVEDO BARBOSA,2506806,Ingá,1,3,0.0,0.0,0.0,0.0,1.0,1.0,1.0,1.0,0.0,0.0,0.0,0.0,8.0,0
25081136,EMEIEF APOLINARIO JOAQUIM DE MELO,2506806,Ingá,2,3,0.0,0.0,0.0,0.0,1.0,1.0,1.0,1.0,0.0,0.0,0.0,0.0,0.0,0
25081187,EMEIF JOAO DIONISIO DE MENDONCA,2506806,Ingá,2,3,0.0,0.0,0.0,0.0,1.0,1.0,1.0,1.0,1.0,0.0,0.0,0.0,0.0,0
25081195,EMEIEF QUILOMBOLA INTEGRAL JOSEFA MARIA DO ESPIRITO SANTO,2506806,Ingá,2,3,3.0,0.0,0.0,0.0,1.0,1.0,1.0,1.0,0.0,0.0,1.0,0.0,6.0,0
25081217,EMEIEF MANOEL GABRIEL DO NASCIMENTO,2506806,Ingá,2,3,0.0,0.0,0.0,0.0,1.0,1.0,1.0,1.0,0.0,0.0,0.0,1.0,0.0,0
25081233,EMEIEF PAULO JOSE CUSTODIO,2506806,Ingá,2,3,0.0,0.0,0.0,0.0,1.0,1.0,1.0,0.0,0.0,0.0,0.0,1.0,0.0,0
25081241,EMEIEF MAJOR JOSE BARBOSA MONTEIRO,2506806,Ingá,1,3,0.0,0.0,0.0,0.0,1.0,1.0,1.0,1.0,0.0,0.0,0.0,0.0,10.0,--
25081250,EMEIEF DJALMA RODRIGUES DE CARVALHO,2506806,Ingá,1,3,0.0,0.0,0.0,0.0,1.0,1.0,1.0,1.0,1.0,0.0,0.0,0.0,5.0,0
25081268,EMEIEF SEBASTIANA ALVES DE SOUZA,2506806,Ingá,2,3,0.0,0.0,0.0,0.0,1.0,1.0,1.0,0.0,0.0,0.0,0.0,1.0,0.0,0
25081284,EMEIEF ARNAUD ANDRE DA SILVA,2506806,Ingá,2,3,0.0,0.0,0.0,0.0,1.0,1.0,1.0,1.0,0.0,0.0,0.0,0.0,0.0,0
25081292,EMEIEF JOAO IZOLINO DE SOUZA,2506806,Ingá,2,3,0.0,0.0,0.0,0.0,1.0,1.0,1.0,1.0,0.0,0.0,0.0,0.0,0.0,0
25081306,INSTITUTO NOSSA SENHORA APARECIDA,2506806,Ingá,1,4,0.0,0.0,0.0,0.0,1.0,0.0,1.0,1.0,1.0,0.0,0.0,1.0,0.0,0
25081322,EMEIEF PROFESSORA CANDIDA AMELIA DE FARIAS BRAGA,2506806,Ingá,1,3,0.0,0.0,0.0,0.0,1.0,1.0,1.0,1.0,1.0,0.0,0.0,0.0,9.0,0
25081365,EMEIEF OLIVIA AZEVEDO CATAO,2506806,Ingá,2,3,0.0,0.0,0.0,0.0,1.0,1.0,1.0,0.0,0.0,0.0,0.0,1.0,0.0,0
25104837,CENTRO EDUCACIONAL SONHO DE ELOI CESE,2506806,Ingá,1,4,0.0,0.0,0.0,0.0,1.0,0.0,1.0,1.0,1.0,1.0,1.0,0.0,10.0,0
25125303,ESCOLA GIZ DE COR,2506806,Ingá,1,4,0.0,0.0,0.0,0.0,1.0,1.0,1.0,1.0,1.0,0.0,0.0,0.0,11.0,0.6
25081179,EMEIF FREI HERCULANO,2506806,Ingá,2,3,0.0,0.0,0.0,0.0,1.0,1.0,1.0,1.0,1.0,0.0,0.0,0.0,0.0,0
25081373,ANBEAS COLEGIO NOSSA SRA DA CONCEICAO,2506905,Itabaiana,1,4,0.0,0.0,0.0,0.0,1.0,0.0,1.0,1.0,1.0,1.0,1.0,0.0,16.0,0.4
25081403,ECIT DOUTOR ANTONIO BATISTA SANTIAGO,2506905,Itabaiana,1,2,0.0,0.0,0.0,0.0,1.0,1.0,1.0,1.0,1.0,1.0,1.0,0.0,10.0,--
25081438,ESCOLA MUNICIPAL DE EDUCACAO INFANTIL E ENSINO FUNDAMENTAL DRº JOAO FLORENTINO MEIRA DE VASCONCELO,2506905,Itabaiana,1,3,0.0,0.0,0.0,0.0,1.0,1.0,1.0,1.0,1.0,0.0,0.0,0.0,0.0,0
25081454,EEEFM JOAO FAGUNDES DE OLIVEIRA,2506905,Itabaiana,1,2,0.0,0.0,0.0,0.0,1.0,1.0,1.0,1.0,1.0,1.0,1.0,0.0,1.0,0
25081462,ESCOLA MUNICIPAL DE EDUCACAO INFANTIL E ENSINO FUNDAMENTAL PROFESSOR MENDONCA,2506905,Itabaiana,1,3,0.0,0.0,0.0,0.0,1.0,1.0,1.0,1.0,1.0,0.0,0.0,0.0,4.0,--
25081543,EMEIF PROFª IVA LIRA CORREIA,2506905,Itabaiana,1,3,0.0,0.0,0.0,0.0,1.0,1.0,1.0,1.0,0.0,0.0,0.0,0.0,7.0,0
25081560,EMEIEF CECILIA LOPES DE ARAUJO,2506905,Itabaiana,2,3,0.0,0.0,0.0,0.0,1.0,1.0,1.0,1.0,0.0,0.0,0.0,0.0,0.0,0
25081578,EMEIEF DR ANTONIO B SANTIAGO,2506905,Itabaiana,1,3,0.0,0.0,0.0,0.0,1.0,1.0,1.0,1.0,0.0,0.0,0.0,0.0,6.0,0
25081586,EMEIEF LUIZ ANTONIO DE AGUIAR,2506905,Itabaiana,2,3,0.0,0.0,0.0,0.0,1.0,1.0,1.0,1.0,0.0,0.0,0.0,0.0,4.0,0
25081594,EMEIEF MIGUEL ANGELO DA SILVA DANTAS,2506905,Itabaiana,2,3,0.0,0.0,0.0,0.0,1.0,1.0,1.0,1.0,0.0,0.0,0.0,0.0,5.0,0
25081675,EMEIEF JOANA TRINDADE,2506905,Itabaiana,2,3,0.0,0.0,0.0,0.0,1.0,1.0,1.0,1.0,0.0,0.0,0.0,0.0,4.0,0
25081756,EMEIEF 31 DE MARCO,2506905,Itabaiana,2,3,0.0,0.0,0.0,0.0,1.0,1.0,1.0,1.0,0.0,0.0,0.0,0.0,4.0,0
25081772,EMEIEF NOSSA SRA DAS GRACAS,2506905,Itabaiana,1,3,0.0,0.0,0.0,0.0,1.0,1.0,1.0,1.0,0.0,0.0,0.0,0.0,13.0,0.4
25081799,ESC NOR MUL PROFª MARIETA MEDEIROS,2506905,Itabaiana,1,3,0.0,0.0,0.0,0.0,1.0,1.0,1.0,1.0,0.0,0.0,0.0,0.0,0.0,--
25081829,ESCOLINHA PARAISO DA CRIANCA,2506905,Itabaiana,1,4,0.0,0.0,0.0,0.0,1.0,0.0,1.0,1.0,1.0,0.0,0.0,0.0,5.0,0
25106210,INSTITUTO ESCOLAR ELSHADDAY,2506905,Itabaiana,1,4,0.0,0.0,0.0,0.0,1.0,0.0,1.0,1.0,1.0,0.0,1.0,0.0,14.0,0
25110772,ESCOLA MENINO JESUS,2506905,Itabaiana,1,4,0.0,0.0,0.0,0.0,1.0,0.0,1.0,1.0,0.0,0.0,0.0,0.0,4.0,0
25111868,EMEIEF SEBASTIAO RODRIGUES DE MELO,2506905,Itabaiana,1,3,0.0,0.0,0.0,0.0,1.0,1.0,1.0,1.0,1.0,0.0,0.0,0.0,4.0,0
25126369,ESCOLINHA CAMINHO DAS LETRAS,2506905,Itabaiana,1,4,0.0,0.0,0.0,0.0,1.0,0.0,1.0,1.0,1.0,0.0,0.0,0.0,0.0,0
25128604,IFPB - CAMPUS ITABAIANA,2506905,Itabaiana,1,1,0.0,0.0,0.0,0.0,1.0,1.0,1.0,1.0,1.0,1.0,1.0,0.0,10.0,--
25133039,MATER COLEGIO E CURSO,2506905,Itabaiana,1,4,0.0,0.0,0.0,0.0,1.0,0.0,1.0,1.0,0.0,0.0,0.0,0.0,15.0,0
25134094,EMEIEF JOSE PEDRO DE ARAUJO,2506905,Itabaiana,1,3,0.0,0.0,0.0,0.0,1.0,1.0,1.0,1.0,0.0,0.0,0.0,0.0,4.0,0
25134930,PROVER COLEGIO E CURSO,2506905,Itabaiana,1,4,0.0,0.0,0.0,0.0,1.0,0.0,1.0,1.0,0.0,0.0,0.0,0.0,14.0,0
25081411,EEEF PROFESSORA ODETE MENDES N OLIVEIRA,2506905,Itabaiana,2,2,0.0,0.0,0.0,0.0,1.0,1.0,1.0,1.0,1.0,0.0,1.0,0.0,1.0,0
25030540,COLEGIO MONTEIRO LOBATO,2507002,Itaporanga,1,4,0.0,0.0,0.0,0.0,1.0,0.0,1.0,0.0,1.0,0.0,0.0,0.0,26.0,0
25030558,ESC CRECHE SANTA CLARA DE ASSIS,2507002,Itaporanga,1,4,0.0,0.0,0.0,0.0,1.0,1.0,1.0,1.0,1.0,0.0,0.0,0.0,0.0,0
25030566,EEEM ADALGISA TEODULO DA FONSECA,2507002,Itaporanga,1,2,0.0,0.0,0.0,0.0,0.0,1.0,1.0,0.0,0.0,0.0,0.0,1.0,10.0,--
25030698,EEEF SIMEAO LEAL,2507002,Itaporanga,1,2,0.0,0.0,0.0,0.0,1.0,1.0,1.0,1.0,1.0,0.0,1.0,0.0,6.0,--
25030965,EMEF SANTA MONICA,2507002,Itaporanga,1,3,0.0,0.0,0.0,0.0,1.0,1.0,1.0,1.0,0.0,0.0,0.0,0.0,1.0,0
25031082,EMEIF SEVERINO LEITE FERREIRA,2507002,Itaporanga,2,3,0.0,0.0,0.0,0.0,1.0,1.0,1.0,1.0,0.0,0.0,0.0,0.0,4.0,0
25031155,ECI FRANCELINO DE ALENCAR NEVES,2507002,Itaporanga,1,2,0.0,0.0,0.0,0.0,1.0,1.0,1.0,1.0,1.0,1.0,1.0,0.0,0.0,--
25031163,INSTITUTO EDUCACIONAL PROFESSORA LAURA ARAUJO,2507002,Itaporanga,1,4,0.0,0.0,0.0,0.0,1.0,0.0,1.0,1.0,1.0,0.0,1.0,0.0,7.0,0
25031244,EMEF PROFESSORA JUSTINA EMILIA CRIZANTO,2507002,Itaporanga,1,3,0.0,0.0,0.0,0.0,1.0,1.0,1.0,1.0,0.0,1.0,0.0,0.0,9.0,0
25031252,EMEIF JOAQUIM MARTINS VIEIRA,2507002,Itaporanga,2,3,0.0,0.0,0.0,0.0,1.0,1.0,1.0,1.0,0.0,0.0,0.0,0.0,7.0,0
25031317,EMEIF MIGUEL ALVES DA SILVA,2507002,Itaporanga,1,3,0.0,0.0,0.0,0.0,1.0,1.0,1.0,1.0,0.0,0.0,0.0,0.0,7.0,0
25031350,EMEIF JACINTA CHAVES PAULO,2507002,Itaporanga,1,3,0.0,0.0,0.0,0.0,1.0,1.0,1.0,1.0,1.0,0.0,0.0,0.0,2.0,0
25103253,COLEGIO DIOCESANO DOM JOAO DA MATA,2507002,Itaporanga,1,4,0.0,0.0,0.0,0.0,1.0,1.0,1.0,1.0,1.0,0.0,0.0,0.0,3.0,0
25113356,COLEGIO BATISTA DE ITAPORANGA,2507002,Itaporanga,1,4,0.0,0.0,0.0,0.0,1.0,0.0,1.0,1.0,0.0,0.0,0.0,0.0,14.0,1.1
25128620,IFPB - CAMPUS ITAPORANGA,2507002,Itaporanga,1,1,0.0,0.0,0.0,0.0,1.0,1.0,1.0,1.0,1.0,1.0,1.0,0.0,12.0,--
25130269,ECIT ITAPORANGA,2507002,Itaporanga,1,2,0.0,0.0,0.0,0.0,0.0,1.0,1.0,1.0,0.0,0.0,0.0,1.0,12.0,--
25130994,EMEIF ANTONIO ZACARIAS DE SOUZA,2507002,Itaporanga,1,3,0.0,0.0,0.0,0.0,1.0,1.0,1.0,1.0,0.0,0.0,0.0,0.0,4.0,0
25133497,CENTRO EDUCACIONAL EDUCARE,2507002,Itaporanga,1,4,0.0,0.0,0.0,0.0,1.0,0.0,1.0,1.0,1.0,0.0,0.0,0.0,3.0,1.4
25249932,INSTITUTO EDUCACIONAL PETRONIO ARAUJO,2507002,Itaporanga,1,4,0.0,0.0,0.0,0.0,1.0,0.0,1.0,1.0,1.0,0.0,0.0,0.0,6.0,0
25086022,EMEF ANALIA DE FRANCA SILVA,2507101,Itapororoca,1,3,0.0,0.0,0.0,0.0,1.0,1.0,1.0,1.0,1.0,1.0,1.0,0.0,7.0,--
25086049,ECI SEVERINO FELIX DE BRITO,2507101,Itapororoca,1,2,0.0,0.0,0.0,0.0,1.0,1.0,1.0,1.0,1.0,1.0,1.0,0.0,8.0,--
25086081,ESCOLA MUNICIPAL DE ENSINO INTEGRAL HELENA FERNANDES DE CARVALHO,2507101,Itapororoca,1,3,0.0,0.0,0.0,0.0,1.0,1.0,1.0,1.0,1.0,1.0,1.0,0.0,10.0,0
25086146,EMEF PROFESSORA IRENE LINO DA SILVA,2507101,Itapororoca,2,3,0.0,0.0,0.0,0.0,1.0,1.0,1.0,1.0,1.0,0.0,1.0,0.0,0.0,0
25086162,EMEF MANOEL SOARES DE OLIVEIRA,2507101,Itapororoca,2,3,0.0,0.0,0.0,0.0,1.0,1.0,1.0,1.0,0.0,0.0,0.0,0.0,0.0,0
25086219,EMEF DIONIZIO FERREIRA DA SILVA,2507101,Itapororoca,2,3,0.0,0.0,0.0,0.0,1.0,1.0,1.0,1.0,1.0,0.0,0.0,0.0,0.0,0
25086243,EMEF HENRIQUE DE ALMEIDA,2507101,Itapororoca,1,3,0.0,0.0,0.0,0.0,1.0,1.0,1.0,1.0,1.0,0.0,0.0,0.0,10.0,--
25086294,EMEF JULIA VALDELINA DA CONCEICAO,2507101,Itapororoca,2,3,0.0,0.0,0.0,0.0,1.0,1.0,1.0,1.0,1.0,0.0,0.0,0.0,8.0,0
25113100,COLIBRI COLEGIO E CURSO,2507101,Itapororoca,1,4,0.0,0.0,0.0,0.0,1.0,0.0,1.0,1.0,0.0,0.0,1.0,0.0,13.0,0
25113810,EEEFM ISAURA FERNANDES DE SOUZA,2507101,Itapororoca,1,2,0.0,0.0,0.0,0.0,1.0,1.0,1.0,1.0,0.0,0.0,0.0,0.0,0.0,--
25113836,EMEF MANOEL FERNANDES DE LIMA,2507101,Itapororoca,1,3,0.0,0.0,0.0,0.0,1.0,1.0,1.0,1.0,1.0,1.0,0.0,0.0,8.0,1.3
25116266,EMEF PROFESSORA CARMELITA LIMA DE OLIVEIRA,2507101,Itapororoca,1,3,0.0,0.0,0.0,0.0,1.0,1.0,1.0,1.0,1.0,1.0,0.0,0.0,10.0,1.8
25116320,EDUCANDARIO CASINHA FELIZ,2507101,Itapororoca,1,4,0.0,0.0,0.0,0.0,1.0,0.0,1.0,1.0,1.0,0.0,0.0,0.0,4.0,0
25122258,ESCOLA INFANTIL SOSSEGO DA MAMAE,2507101,Itapororoca,1,4,0.0,0.0,0.0,0.0,1.0,0.0,1.0,1.0,1.0,0.0,0.0,0.0,0.0,0
25123173,COLEGIO SIGMA,2507101,Itapororoca,1,4,0.0,0.0,0.0,0.0,1.0,0.0,1.0,1.0,1.0,0.0,0.0,0.0,7.0,0
25123394,CENTRO EDUCACIONAL NOSSA SENHORA DA GUIA,2507101,Itapororoca,1,4,0.0,0.0,0.0,0.0,1.0,0.0,1.0,1.0,0.0,0.0,0.0,0.0,9.0,0
25124919,CENTRO EDUCACIONAL PASSO A PASSO,2507101,Itapororoca,1,4,0.0,0.0,0.0,0.0,1.0,0.0,1.0,1.0,1.0,0.0,0.0,0.0,0.0,1.9
25133020,AGUIA COLEGIO E CURSO,2507101,Itapororoca,1,4,0.0,0.0,0.0,0.0,1.0,0.0,1.0,1.0,0.0,0.0,0.0,0.0,5.0,0
25133306,ESCOLA MUNICIPAL DE ENSINO FUNDAMENTAL DANIZETE RODRIGUES MACIEL,2507101,Itapororoca,2,3,0.0,0.0,0.0,0.0,1.0,1.0,1.0,1.0,1.0,0.0,0.0,0.0,0.0,0
25147609,EDUCANDARIO HORAS ALEGRES,2507101,Itapororoca,1,4,0.0,0.0,0.0,0.0,1.0,0.0,1.0,1.0,1.0,0.0,0.0,1.0,2.0,0
25148206,EDUCANDARIO PEQUENO PRINCIPE,2507101,Itapororoca,1,4,0.0,0.0,0.0,0.0,1.0,0.0,1.0,1.0,0.0,0.0,0.0,1.0,0.0,0
25081888,ECI JOSE RODRIGUES DE ATAIDE,2507200,Itatuba,1,2,0.0,0.0,0.0,0.0,1.0,1.0,1.0,1.0,1.0,1.0,1.0,0.0,15.0,--
25081950,EMEF ANTONIO RODRIGUES DE OLIVEIRA,2507200,Itatuba,2,3,0.0,0.0,0.0,0.0,1.0,1.0,1.0,0.0,0.0,0.0,0.0,0.0,0.0,0
25082043,EMEF ADELIO PEREIRA DE ANDRADE,2507200,Itatuba,2,3,0.0,0.0,0.0,0.0,1.0,1.0,1.0,1.0,0.0,0.0,0.0,0.0,0.0,0
25082060,EMEF BENVINDO ALVES DA SILVA,2507200,Itatuba,2,3,0.0,0.0,0.0,0.0,1.0,1.0,1.0,1.0,1.0,0.0,0.0,0.0,0.0,0
25082078,EMEF ERCIDIO DE MORAIS COELHO,2507200,Itatuba,1,3,0.0,0.0,0.0,0.0,1.0,1.0,1.0,1.0,0.0,0.0,0.0,0.0,5.0,0
25082086,EMEF FREI MARTINHO,2507200,Itatuba,2,3,0.0,0.0,0.0,0.0,1.0,1.0,1.0,1.0,0.0,0.0,0.0,0.0,0.0,0
25082094,EMEF JOAO CAMELO BORBA,2507200,Itatuba,2,3,0.0,0.0,0.0,0.0,1.0,1.0,1.0,0.0,0.0,0.0,0.0,1.0,0.0,0
25082116,EMEF JOSE ANTONIO DOS SANTOS,2507200,Itatuba,2,3,0.0,0.0,0.0,0.0,1.0,1.0,1.0,0.0,1.0,0.0,0.0,0.0,0.0,10
25082124,EMEF JOSE BARBOSA DE MEDEIROS,2507200,Itatuba,2,3,0.0,0.0,0.0,0.0,1.0,1.0,1.0,0.0,0.0,0.0,0.0,1.0,0.0,0
25082132,EMEF JOSE BEZERRA DE LIMA,2507200,Itatuba,2,3,0.0,0.0,0.0,0.0,1.0,1.0,1.0,1.0,0.0,0.0,0.0,0.0,0.0,0
25082191,EMEF JOSEFA CORREIA DE ANDRADE,2507200,Itatuba,2,3,0.0,0.0,0.0,0.0,1.0,1.0,1.0,1.0,1.0,0.0,0.0,0.0,0.0,0
25082205,EMEF MAURINO RODRIGUES DE ANDRADE,2507200,Itatuba,1,3,0.0,0.0,0.0,0.0,1.0,1.0,1.0,1.0,1.0,1.0,0.0,0.0,10.0,0
25116495,CENTRO EDUCACIONAL PARAISO DO SABER,2507200,Itatuba,1,4,0.0,0.0,0.0,0.0,1.0,0.0,1.0,1.0,1.0,0.0,0.0,0.0,0.0,0
25086316,ECIT ALZIRA LISBOA,2507309,Jacaraú,1,2,0.0,0.0,0.0,0.0,1.0,1.0,1.0,1.0,1.0,1.0,0.0,0.0,6.0,--
25086332,EEEM CASTRO PINTO,2507309,Jacaraú,1,2,0.0,0.0,0.0,0.0,1.0,1.0,1.0,1.0,0.0,0.0,0.0,1.0,1.0,--
25086375,EMEIF ALZIRA TOSCANO LISBOA,2507309,Jacaraú,1,3,0.0,0.0,0.0,0.0,1.0,1.0,1.0,1.0,0.0,0.0,0.0,0.0,4.0,1.8
25086391,EMEIF SENADOR RUY CARNEIRO,2507309,Jacaraú,1,3,0.0,0.0,0.0,0.0,1.0,1.0,1.0,1.0,1.0,0.0,1.0,0.0,10.0,--
25086510,EMEIF DOMINGOS PORCILIANO REGIS,2507309,Jacaraú,2,3,0.0,0.0,0.0,0.0,1.0,1.0,0.0,1.0,0.0,0.0,0.0,1.0,0.0,0
25086561,EMEIF ROSENILDO FERNANDES DE OLIVEIRA,2507309,Jacaraú,2,3,0.0,0.0,0.0,0.0,1.0,1.0,0.0,1.0,0.0,0.0,0.0,0.0,6.0,0
25086596,EMEIF JOSE GALDINO DE OLIVEIRA,2507309,Jacaraú,2,3,0.0,0.0,0.0,0.0,1.0,1.0,1.0,1.0,1.0,0.0,0.0,0.0,0.0,0
25086618,EMEIF PROFESSOR MIGUEL BASTOS,2507309,Jacaraú,2,3,0.0,0.0,0.0,0.0,1.0,1.0,1.0,1.0,0.0,0.0,0.0,0.0,0.0,0
25086669,EMEIF ANATILDE PAES BARRETO,2507309,Jacaraú,2,3,0.0,0.0,0.0,0.0,1.0,1.0,1.0,1.0,1.0,0.0,0.0,0.0,1.0,1.6
25086723,EMEIF RUY BARBOSA,2507309,Jacaraú,2,3,0.0,0.0,0.0,0.0,1.0,1.0,1.0,1.0,0.0,0.0,0.0,0.0,0.0,0
25086766,EMEIF ANA FERNANDES DE FREITAS,2507309,Jacaraú,2,3,0.0,0.0,0.0,0.0,1.0,1.0,1.0,1.0,0.0,0.0,0.0,0.0,2.0,0
25086774,EMEIF CLAUDINO JOAQUIM RODRIGUES,2507309,Jacaraú,2,3,0.0,1.0,0.0,0.0,0.0,1.0,0.0,1.0,0.0,0.0,1.0,1.0,0.0,0
25086804,EMEIF FRANCISCO FERNANDES LISBOA,2507309,Jacaraú,2,3,0.0,0.0,0.0,0.0,1.0,1.0,1.0,1.0,1.0,0.0,0.0,0.0,0.0,0
25086855,EMEIF PROFESSORA NEUZA MEDEIROS ALVES,2507309,Jacaraú,1,3,0.0,0.0,0.0,0.0,1.0,1.0,1.0,1.0,1.0,0.0,0.0,0.0,10.0,0.5
25113143,EMEIF ANTONIA DE OLIVEIRA FERNANDES,2507309,Jacaraú,2,3,1.0,0.0,0.0,0.0,1.0,1.0,1.0,1.0,0.0,0.0,0.0,1.0,0.0,0
25124250,COLEGIO CHAPEUZINHO VERMELHO,2507309,Jacaraú,1,4,0.0,0.0,0.0,0.0,1.0,0.0,1.0,1.0,1.0,0.0,0.0,0.0,12.0,0
25124510,HELLO COLEGIO E CURSOS,2507309,Jacaraú,1,4,0.0,0.0,0.0,0.0,1.0,0.0,1.0,1.0,0.0,0.0,0.0,0.0,7.0,0
25127136,CENTRO EDUCACIONAL TOQUE MAGICO,2507309,Jacaraú,1,4,0.0,0.0,0.0,0.0,1.0,0.0,1.0,1.0,0.0,0.0,0.0,0.0,0.0,0
25132067,ESCOLA RUBEM ALVES,2507309,Jacaraú,1,4,0.0,0.0,0.0,0.0,1.0,0.0,1.0,1.0,1.0,0.0,0.0,0.0,8.0,0
25133470,INSTITUTO VIVER E APRENDER,2507309,Jacaraú,1,4,0.0,0.0,0.0,0.0,1.0,0.0,1.0,1.0,0.0,0.0,0.0,0.0,0.0,0
25086472,EMEIF JOSE JARDIM CORREIA TETEO,2507309,Jacaraú,2,3,0.0,0.0,0.0,0.0,1.0,1.0,1.0,1.0,1.0,0.0,0.0,0.0,4.0,0
25086499,EMEF LUIS FERNANDES PESSOA,2507309,Jacaraú,2,3,0.0,0.0,0.0,0.0,1.0,1.0,1.0,1.0,1.0,0.0,0.0,0.0,7.0,--
25086600,EMEIF PADRE JOAO MADRUGA,2507309,Jacaraú,2,3,0.0,0.0,0.0,0.0,1.0,1.0,1.0,1.0,0.0,0.0,0.0,0.0,4.0,0
25002422,ECI FRANCISCO MAIA,2507408,Jericó,1,2,0.0,0.0,0.0,0.0,1.0,1.0,1.0,0.0,1.0,0.0,1.0,0.0,0.0,--
25002627,EMEF JUVENAL BERNARDINO FILHO,2507408,Jericó,1,3,0.0,0.0,0.0,0.0,1.0,1.0,1.0,1.0,0.0,0.0,1.0,0.0,5.0,0
25002643,EMEF PROFª MARIA MONTEIRO SILVA,2507408,Jericó,2,3,0.0,0.0,0.0,0.0,1.0,1.0,1.0,1.0,0.0,0.0,0.0,1.0,0.0,0
25002651,EMEF REGINA LEOPOLDINA DA CONCEICAO,2507408,Jericó,2,3,0.0,0.0,0.0,0.0,1.0,1.0,1.0,1.0,0.0,0.0,0.0,0.0,0.0,0
25002740,EMEF AUGUSTINHO S DE ALMEIDA,2507408,Jericó,2,3,0.0,0.0,0.0,0.0,1.0,1.0,1.0,1.0,0.0,0.0,0.0,0.0,0.0,0
25002767,EMEF FRANCISCA ROSADO DE OLIVEIRA,2507408,Jericó,1,3,0.0,0.0,0.0,0.0,1.0,1.0,1.0,1.0,1.0,0.0,0.0,0.0,0.0,1.3
25002775,EMEF JOAO ROSADO DE OLIVEIRA,2507408,Jericó,1,3,0.0,0.0,0.0,0.0,1.0,1.0,1.0,1.0,1.0,0.0,1.0,0.0,2.0,3.9
25002805,EMEF DO SAQUINHO,2507408,Jericó,2,3,0.0,0.0,0.0,0.0,1.0,1.0,1.0,1.0,0.0,0.0,0.0,0.0,0.0,0
25002821,EMEF LUIZ ALVES DA SILVA,2507408,Jericó,2,3,0.0,0.0,0.0,0.0,1.0,1.0,1.0,1.0,0.0,0.0,0.0,0.0,0.0,0
25102179,INSTITUTO EDUCACIONAL ALEGRIA DE SABER,2507408,Jericó,1,4,0.0,0.0,0.0,0.0,1.0,0.0,1.0,1.0,0.0,0.0,0.0,1.0,4.0,0
25114140,EMEF DO ASSENTAMENTO ALTO ALEGRE,2507408,Jericó,2,3,0.0,0.0,0.0,0.0,1.0,1.0,1.0,1.0,0.0,0.0,0.0,0.0,0.0,0
25132679,EMEF GENECI FRANCISCA MONTEIRO,2507408,Jericó,2,3,0.0,0.0,0.0,0.0,1.0,1.0,1.0,1.0,0.0,0.0,0.0,1.0,0.0,0
25092260,ANGLO CENTRO DE EDUCACAO LTDA,2507507,João Pessoa,1,4,0.0,0.0,0.0,0.0,1.0,0.0,1.0,1.0,1.0,1.0,0.0,0.0,10.0,0
25092294,SISTEMA DE ENSINO CONVIVER,2507507,João Pessoa,1,4,0.0,0.0,0.0,0.0,1.0,0.0,1.0,1.0,1.0,0.0,1.0,0.0,11.0,--
25092332,EEEF PROFESSORA DAGMAR MENDONCA LIMEIRA,2507507,João Pessoa,1,2,0.0,0.0,0.0,0.0,1.0,1.0,1.0,1.0,1.0,0.0,0.0,0.0,7.0,0.5
25092375,CENTRO DE APRENDIZAGEM E DESENVOLVIMENTO INFANTIL,2507507,João Pessoa,1,4,0.0,0.0,0.0,0.0,1.0,0.0,1.0,1.0,0.0,0.0,0.0,0.0,14.0,--
25092448,CENTRO DE ENSINO DECISAO LTDA,2507507,João Pessoa,1,4,0.0,0.0,0.0,0.0,1.0,0.0,1.0,1.0,1.0,1.0,1.0,0.0,25.0,0
25092570,EMAI PROFESSOR DURMEVAL TRIGUEIRO MENDES,2507507,João Pessoa,1,3,0.0,0.0,0.0,0.0,1.0,1.0,1.0,1.0,1.0,0.0,0.0,0.0,0.0,0
25092588,EMAI JOAO XXIII,2507507,João Pessoa,1,3,0.0,0.0,0.0,0.0,1.0,1.0,1.0,1.0,1.0,1.0,0.0,0.0,2.0,0
25092839,CEEEA SESQUICENTENARIO,2507507,João Pessoa,1,2,0.0,0.0,0.0,0.0,1.0,1.0,1.0,1.0,1.0,1.0,1.0,0.0,62.0,0
25092871,CENTRO PROFISSIONALIZANTE DEPUTADO ANTONIO CABRAL,2507507,João Pessoa,1,2,0.0,0.0,0.0,0.0,0.0,1.0,1.0,0.0,0.0,0.0,0.0,1.0,0.0,--
25092901,INTERACTIVO CRISTO COLEGIO E CURSOS EIRELI ME,2507507,João Pessoa,1,4,0.0,0.0,0.0,0.0,1.0,0.0,1.0,1.0,1.0,1.0,1.0,0.0,31.0,0
25093037,COLEGIO EVOCRISTO,2507507,João Pessoa,1,4,0.0,0.0,0.0,0.0,1.0,1.0,1.0,1.0,1.0,0.0,0.0,0.0,32.0,0
25093053,INST EDUC ESTRELA DO MAR,2507507,João Pessoa,1,4,0.0,0.0,0.0,0.0,1.0,0.0,1.0,1.0,0.0,0.0,0.0,0.0,5.0,0
25093061,COLEGIO NOSSA SENHORA DE LOURDES,2507507,João Pessoa,1,4,0.0,0.0,0.0,0.0,1.0,0.0,1.0,1.0,1.0,1.0,1.0,0.0,22.0,0
25093088,COLEGIO MARISTA PIO X,2507507,João Pessoa,1,4,0.0,0.0,0.0,0.0,1.0,0.0,1.0,1.0,1.0,1.0,1.0,0.0,41.0,0
25093096,COLEGIO PIO XI,2507507,João Pessoa,1,4,0.0,0.0,0.0,0.0,1.0,0.0,1.0,1.0,1.0,1.0,1.0,0.0,42.0,0
25093380,EM PRESIDENTE JOAO PESSOA,2507507,João Pessoa,1,3,0.0,0.0,0.0,0.0,1.0,1.0,1.0,1.0,1.0,0.0,0.0,0.0,11.0,0
25093410,EDUC JUSCELINO KUBITSCHEK DE OLIVEIRA,2507507,João Pessoa,1,4,0.0,0.0,0.0,0.0,1.0,0.0,1.0,1.0,1.0,0.0,0.0,0.0,6.0,--
25093550,COLEGIO EXITTUS,2507507,João Pessoa,1,4,0.0,0.0,0.0,0.0,1.0,0.0,1.0,1.0,1.0,1.0,0.0,0.0,13.0,0
25093576,EDUC SAO MATEUS,2507507,João Pessoa,1,4,0.0,0.0,0.0,0.0,1.0,0.0,1.0,1.0,1.0,0.0,0.0,0.0,0.0,0
25093584,EDUC SANTA CECILIA LTDA,2507507,João Pessoa,1,4,0.0,0.0,0.0,0.0,1.0,0.0,1.0,1.0,1.0,1.0,1.0,0.0,18.0,0
25093622,EEEF FRANCISCO CAMPOS,2507507,João Pessoa,1,2,0.0,0.0,0.0,0.0,1.0,1.0,1.0,1.0,1.0,0.0,1.0,0.0,4.0,--
25093665,ESC CENECISTA JOAO REGIS DE AMORIM,2507507,João Pessoa,1,4,0.0,0.0,0.0,0.0,1.0,0.0,1.0,1.0,1.0,1.0,1.0,0.0,18.0,0
25093703,ESCOLA DE EDUCACAO BASICA E PROFISSIONAL FUNDACAO BRADESCO,2507507,João Pessoa,1,4,0.0,0.0,0.0,0.0,1.0,0.0,1.0,1.0,1.0,1.0,1.0,0.0,14.0,0
25093746,EM PROFESSORA TERCIA BONAVIDES LINS,2507507,João Pessoa,1,3,0.0,0.0,0.0,0.0,1.0,1.0,1.0,1.0,0.0,0.0,0.0,0.0,0.0,2.8
25093827,EEEF CLAUDINA MANGUEIRA DE MOURA,2507507,João Pessoa,1,2,0.0,0.0,0.0,0.0,1.0,1.0,1.0,1.0,1.0,0.0,1.0,0.0,1.0,--
25093835,ECI LUIS RAMALHO,2507507,João Pessoa,1,2,0.0,0.0,0.0,0.0,1.0,1.0,1.0,1.0,1.0,1.0,1.0,0.0,9.0,--
25093843,ECIT CONEGO FRANCISCO GOMES DE LIMA,2507507,João Pessoa,1,2,0.0,0.0,0.0,0.0,1.0,1.0,1.0,1.0,1.0,1.0,1.0,0.0,14.0,--
25093851,ECI LILIOSA PAIVA LEITE,2507507,João Pessoa,1,2,0.0,0.0,0.0,0.0,1.0,1.0,1.0,1.0,1.0,1.0,1.0,0.0,8.0,--
25093860,ECIT RAUL MACHADO,2507507,João Pessoa,1,2,0.0,0.0,0.0,0.0,0.0,1.0,1.0,0.0,0.0,0.0,0.0,1.0,10.0,--
25093878,EEEM CON LUIZ GONZAGA DE OLIVEIRA,2507507,João Pessoa,1,2,0.0,0.0,0.0,0.0,1.0,1.0,1.0,1.0,1.0,1.0,1.0,0.0,2.0,--
25093886,ECIT FRANCISCA ASCENSAO CUNHA,2507507,João Pessoa,1,2,0.0,0.0,0.0,0.0,1.0,1.0,1.0,1.0,1.0,0.0,1.0,0.0,7.0,--
25093894,ECIT PROFESSOR PEDRO AUGUSTO PORTO CAMINHA,2507507,João Pessoa,1,2,0.0,0.0,0.0,0.0,0.0,1.0,1.0,0.0,0.0,0.0,0.0,1.0,3.0,--
25093916,ECIT PROFESSOR RAUL CORDULA,2507507,João Pessoa,1,2,0.0,0.0,0.0,0.0,1.0,1.0,1.0,1.0,1.0,1.0,1.0,0.0,9.0,--
25093932,ECIT DAURA SANTIAGO RANGEL,2507507,João Pessoa,1,2,0.0,0.0,0.0,0.0,1.0,1.0,1.0,1.0,1.0,1.0,1.0,0.0,8.0,--
25093959,ECIT PROFESSORA OLIVINA OLIVIA CARNEIRO DA CUNHA,2507507,João Pessoa,1,2,0.0,0.0,0.0,0.0,1.0,1.0,1.0,1.0,1.0,1.0,1.0,0.0,3.0,--
25093967,EEEM PROFESSOR MARIA BRONZEADO MACHADO,2507507,João Pessoa,1,2,0.0,0.0,0.0,0.0,1.0,1.0,1.0,1.0,1.0,0.0,1.0,0.0,12.0,--
25093975,ECIT NICODEMOS NEVES,2507507,João Pessoa,1,2,0.0,0.0,0.0,0.0,1.0,1.0,1.0,1.0,1.0,1.0,1.0,0.0,9.0,--
25094025,ECI TENENTE LUCENA,2507507,João Pessoa,1,2,0.0,0.0,0.0,0.0,1.0,1.0,1.0,0.0,1.0,1.0,0.0,0.0,2.0,--
25094033,ECIT MANOEL LISBOA DE MOURA,2507507,João Pessoa,1,2,0.0,0.0,0.0,0.0,0.0,1.0,1.0,0.0,0.0,0.0,0.0,1.0,0.0,--
25094041,EEEM PROFESSORA ARGENTINA PEREIRA GOMES,2507507,João Pessoa,1,2,0.0,0.0,0.0,0.0,1.0,1.0,1.0,1.0,1.0,1.0,1.0,0.0,13.0,--
25094050,ECIT LUIZ GONZAGA DE ALBUQUERQUE BURITY,2507507,João Pessoa,1,2,0.0,0.0,0.0,0.0,1.0,1.0,1.0,1.0,1.0,1.0,1.0,0.0,16.0,--
25094084,CRIA CAPITULINA SATYRO,2507507,João Pessoa,1,2,0.0,0.0,0.0,0.0,1.0,1.0,1.0,1.0,1.0,0.0,0.0,0.0,0.0,1.5
25094106,ECI LUZIA SIMOES BARTOLLINI,2507507,João Pessoa,1,2,0.0,0.0,1.0,0.0,1.0,1.0,1.0,1.0,1.0,1.0,1.0,0.0,3.0,--
25094114,ECIT ALICE CARNEIRO,2507507,João Pessoa,1,2,0.0,0.0,0.0,0.0,1.0,1.0,1.0,1.0,0.0,0.0,1.0,0.0,12.0,--
25094122,COLEGIO DA POLICIA MILITAR - ESTUDANTE REBECA CRISTINA ALVES SIMOES,2507507,João Pessoa,1,2,0.0,0.0,0.0,0.0,1.0,1.0,1.0,1.0,1.0,0.0,0.0,0.0,12.0,--
25094130,ECIT HORACIO DE ALMEIDA,2507507,João Pessoa,1,2,0.0,0.0,0.0,0.0,1.0,1.0,1.0,1.0,1.0,1.0,1.0,0.0,1.0,--
25094173,EEEFM PADRE MIGUELINHO,2507507,João Pessoa,1,2,0.0,0.0,0.0,0.0,1.0,0.0,1.0,1.0,1.0,0.0,1.0,0.0,4.0,--
25094181,ECIT PAPA PAULO VI,2507507,João Pessoa,1,2,0.0,0.0,0.0,0.0,0.0,1.0,1.0,0.0,0.0,0.0,0.0,1.0,0.0,--
25094190,ECIT JOAO GOULART,2507507,João Pessoa,1,2,0.0,0.0,0.0,0.0,1.0,1.0,1.0,1.0,1.0,0.0,0.0,0.0,4.0,--
25094203,ECIT DOM JOSE MARIA PIRES,2507507,João Pessoa,1,2,0.0,0.0,0.0,0.0,1.0,1.0,1.0,1.0,1.0,1.0,1.0,0.0,0.0,--
25094211,ECIT JOSE DO PATROCINIO,2507507,João Pessoa,1,2,0.0,0.0,0.0,0.0,1.0,1.0,1.0,1.0,1.0,1.0,1.0,0.0,13.0,--
25094254,EEEF PADRE CICERO ROMAO BATISTA,2507507,João Pessoa,1,2,0.0,0.0,0.0,0.0,1.0,1.0,1.0,1.0,0.0,0.0,0.0,1.0,5.0,9.1
25094262,EEEFM PROFESSOR JOAO JOSE DA COSTA,2507507,João Pessoa,1,2,0.0,0.0,0.0,0.0,1.0,1.0,1.0,1.0,1.0,1.0,1.0,0.0,0.0,--
25094270,EM PROFESSOR MATEUS RIBEIRO,2507507,João Pessoa,1,3,0.0,0.0,0.0,0.0,1.0,1.0,1.0,1.0,1.0,0.0,0.0,1.0,0.0,0
25094297,EEEF AZORCERIZ PIRES FERREIRA,2507507,João Pessoa,1,2,0.0,0.0,0.0,0.0,0.0,1.0,1.0,0.0,0.0,0.0,0.0,1.0,3.0,1.1
25094319,EEEF PADRE JOAO FELIX,2507507,João Pessoa,1,2,0.0,0.0,0.0,0.0,1.0,1.0,1.0,1.0,0.0,0.0,0.0,0.0,0.0,0
25094327,EEEF ALMIRANTE TAMANDARE,2507507,João Pessoa,1,2,0.0,0.0,0.0,0.0,0.0,1.0,1.0,0.0,0.0,0.0,0.0,1.0,0.0,--
25094351,EEEF ANTONIO PESSOA,2507507,João Pessoa,1,2,0.0,0.0,0.0,0.0,0.0,1.0,1.0,0.0,0.0,0.0,0.0,1.0,6.0,0
25094360,EEEF BORGES DA FONSECA,2507507,João Pessoa,1,2,0.0,0.0,0.0,0.0,0.0,1.0,1.0,0.0,0.0,0.0,0.0,1.0,0.0,8.7
25094378,EEEF CASTRO PINTO,2507507,João Pessoa,1,2,0.0,0.0,0.0,0.0,1.0,1.0,1.0,1.0,1.0,0.0,1.0,1.0,1.0,2.5
25094408,EEEFM DESEMBARGADOR BOTO DE MENEZES,2507507,João Pessoa,1,2,0.0,0.0,0.0,0.0,1.0,1.0,1.0,1.0,1.0,0.0,0.0,0.0,3.0,--
25094416,EEEF DESEMBARGADOR BRAZ BARACUHY,2507507,João Pessoa,1,2,0.0,0.0,0.0,0.0,1.0,1.0,1.0,1.0,1.0,0.0,1.0,0.0,0.0,0.8
25094432,EEEFM DOMINGOS JOSE DA PAIXAO,2507507,João Pessoa,1,2,0.0,0.0,0.0,0.0,0.0,1.0,1.0,0.0,0.0,0.0,0.0,1.0,8.0,--
25094440,EEEFM DOUTOR JOAO NAVARRO FILHO,2507507,João Pessoa,1,2,0.0,0.0,0.0,0.0,1.0,1.0,1.0,1.0,0.0,0.0,0.0,0.0,10.0,--
25094459,EEEM DOUTOR OTAVIO NOVAIS,2507507,João Pessoa,1,2,0.0,0.0,0.0,0.0,0.0,1.0,1.0,0.0,0.0,0.0,0.0,1.0,8.0,--
25094475,EEEF EPITACIO PESSOA,2507507,João Pessoa,1,2,0.0,0.0,0.0,0.0,0.0,1.0,1.0,0.0,0.0,0.0,0.0,1.0,3.0,1
25094491,EMEI FERNANDES VIEIRA,2507507,João Pessoa,1,3,0.0,0.0,0.0,0.0,1.0,1.0,1.0,1.0,1.0,0.0,0.0,0.0,0.0,0
25094513,EEEF FREI MARTINHO,2507507,João Pessoa,1,2,0.0,0.0,0.0,0.0,1.0,1.0,1.0,1.0,0.0,0.0,0.0,0.0,2.0,--
25094530,EEEF HENRIQUE DIAS,2507507,João Pessoa,1,2,0.0,0.0,0.0,0.0,1.0,1.0,1.0,1.0,1.0,0.0,0.0,0.0,0.0,0
25094556,EEEF ISABEL MARIA DAS NEVES,2507507,João Pessoa,1,2,0.0,0.0,0.0,0.0,0.0,1.0,1.0,0.0,0.0,0.0,0.0,1.0,9.0,--
25094580,EM JOSE DE ALENCAR,2507507,João Pessoa,1,3,0.0,0.0,0.0,0.0,1.0,1.0,1.0,1.0,0.0,0.0,0.0,0.0,4.0,0
25094599,EEEF JOSE VIEIRA,2507507,João Pessoa,1,2,0.0,0.0,0.0,0.0,1.0,1.0,1.0,1.0,0.0,0.0,0.0,0.0,8.0,1.7
25094629,EEEFM PROFESSORA MARIA GENY DE SOUSA TIMOTEO,2507507,João Pessoa,1,2,0.0,0.0,0.0,0.0,1.0,1.0,1.0,1.0,0.0,0.0,0.0,0.0,3.0,--
25094637,ECIT MONSENHOR PEDRO ANISIO BEZERRA DANTAS,2507507,João Pessoa,1,2,0.0,0.0,0.0,0.0,0.0,1.0,1.0,0.0,0.0,0.0,0.0,1.0,9.0,--
25094653,EEEM PROFESSOR ORLANDO CAVALCANTI GOMES,2507507,João Pessoa,1,2,0.0,0.0,0.0,0.0,1.0,1.0,1.0,1.0,1.0,0.0,1.0,0.0,13.0,--
25094661,ECI PEDRO LINS VIEIRA DE MELO,2507507,João Pessoa,1,2,0.0,0.0,0.0,0.0,1.0,1.0,1.0,1.0,1.0,1.0,0.0,0.0,10.0,--
25094670,EEEF PADRE AZEVEDO,2507507,João Pessoa,1,2,0.0,0.0,0.0,0.0,1.0,1.0,1.0,1.0,1.0,0.0,0.0,0.0,1.0,5.9
25094688,ECIT PADRE HILDON BANDEIRA,2507507,João Pessoa,1,2,0.0,0.0,0.0,0.0,0.0,1.0,1.0,1.0,0.0,0.0,0.0,0.0,0.0,--
25094696,ECI PADRE IBIAPINA,2507507,João Pessoa,1,2,0.0,0.0,0.0,0.0,1.0,1.0,1.0,1.0,0.0,0.0,0.0,0.0,6.0,--
25094718,EEEF PROFESSORA ADELIA DE FRANCA,2507507,João Pessoa,1,2,0.0,0.0,0.0,0.0,0.0,1.0,1.0,0.0,0.0,0.0,0.0,1.0,1.0,--
25094726,ECI PROFESSOR CELESTIN MALZAC,2507507,João Pessoa,1,2,0.0,0.0,0.0,0.0,1.0,1.0,1.0,1.0,1.0,1.0,1.0,0.0,17.0,--
25094734,EEEF PROFESSORA MARIA DE FATIMA SOUTO,2507507,João Pessoa,1,2,0.0,0.0,0.0,0.0,1.0,1.0,1.0,1.0,0.0,0.0,1.0,0.0,10.0,1.8
25094742,EEEFM PROFESSORA MARIA JACY COSTA,2507507,João Pessoa,1,2,0.0,0.0,0.0,0.0,1.0,1.0,1.0,1.0,1.0,0.0,0.0,0.0,0.0,--
25094750,ECIT PROFESSOR OLIVIO PINTO,2507507,João Pessoa,1,2,0.0,0.0,0.0,0.0,1.0,1.0,1.0,1.0,1.0,1.0,1.0,0.0,4.0,--
25094777,EEEM PROFESSORA DEBORA DUARTE,2507507,João Pessoa,1,2,0.0,0.0,0.0,0.0,1.0,1.0,1.0,1.0,1.0,0.0,0.0,0.0,1.0,--
25094793,EEEM SANTOS DUMONT,2507507,João Pessoa,1,2,0.0,0.0,0.0,0.0,0.0,1.0,1.0,0.0,0.0,0.0,0.0,1.0,11.0,--
25094971,EM MONSENHOR ODILON COUTINHO,2507507,João Pessoa,1,3,0.0,0.0,0.0,0.0,1.0,1.0,1.0,1.0,1.0,0.0,0.0,0.0,1.0,0
25095005,EEEF GUSTAVO CAPANEMA,2507507,João Pessoa,1,2,0.0,0.0,0.0,0.0,1.0,1.0,1.0,1.0,0.0,0.0,0.0,0.0,0.0,3.2
25095013,EEEM PROFESSORA ANTONIA RANGEL DE FARIAS,2507507,João Pessoa,1,2,0.0,0.0,0.0,0.0,0.0,1.0,1.0,0.0,0.0,0.0,0.0,1.0,32.0,--
25095021,EEEM GONCALVES DIAS,2507507,João Pessoa,1,2,0.0,0.0,0.0,0.0,0.0,1.0,1.0,0.0,0.0,0.0,0.0,1.0,0.0,--
25095056,ECIT PREFEITO OSWALDO PESSOA,2507507,João Pessoa,1,2,0.0,0.0,0.0,0.0,0.0,1.0,1.0,0.0,0.0,0.0,0.0,1.0,12.0,--
25095080,EEEFM PADRE ROMA,2507507,João Pessoa,1,2,0.0,0.0,0.0,0.0,1.0,1.0,1.0,0.0,1.0,0.0,0.0,0.0,6.0,--
25095153,EEEF PROFESSORA RITA DE MIRANDA HENRIQUES,2507507,João Pessoa,1,2,0.0,0.0,0.0,0.0,1.0,1.0,1.0,1.0,1.0,0.0,0.0,0.0,0.0,0
25095323,ESCOLA MAR E SOL,2507507,João Pessoa,1,4,0.0,0.0,0.0,0.0,1.0,0.0,1.0,1.0,1.0,0.0,1.0,0.0,10.0,0
25095366,EM MOEMA TINOCO CUNHA LIMA,2507507,João Pessoa,1,3,0.0,0.0,0.0,0.0,1.0,1.0,1.0,1.0,1.0,1.0,1.0,0.0,12.0,0.3
25095374,EM ALMIRANTE BARROSO,2507507,João Pessoa,1,3,0.0,0.0,0.0,0.0,1.0,1.0,1.0,1.0,1.0,0.0,1.0,0.0,12.0,3
25095390,EM AMERICO FALCAO,2507507,João Pessoa,1,3,0.0,0.0,0.0,0.0,1.0,1.0,1.0,1.0,1.0,0.0,0.0,0.0,12.0,0.2
25095412,EMAI ANALICE CALDAS,2507507,João Pessoa,1,3,0.0,0.0,0.0,0.0,1.0,1.0,1.0,1.0,1.0,1.0,1.0,0.0,6.0,0
25095447,EM ANITA TRIGUEIRO DO VALLE,2507507,João Pessoa,1,3,0.0,0.0,0.0,0.0,1.0,1.0,1.0,1.0,1.0,0.0,1.0,0.0,13.0,0.3
25095455,EM ANTENOR NAVARRO,2507507,João Pessoa,1,3,0.0,0.0,0.0,0.0,1.0,1.0,1.0,1.0,1.0,1.0,1.0,0.0,6.0,1.4
25095463,EM QUILOMBOLA PROFESSORA ANTONIA DO SOCORRO SILVA MACHADO,2507507,João Pessoa,1,3,3.0,0.0,0.0,0.0,1.0,1.0,1.0,1.0,0.0,0.0,0.0,0.0,1.0,2
25095480,EM APOLONIO SALES DE MIRANDA,2507507,João Pessoa,1,3,0.0,0.0,0.0,0.0,1.0,1.0,1.0,1.0,1.0,1.0,1.0,0.0,1.0,0
25095501,EMAI AUGUSTO DOS ANJOS,2507507,João Pessoa,1,3,0.0,0.0,0.0,0.0,1.0,1.0,1.0,1.0,1.0,0.0,0.0,0.0,17.0,0
25095528,EM CANTALICE LEITE MAGALHAES,2507507,João Pessoa,1,3,0.0,0.0,0.0,0.0,1.0,1.0,1.0,1.0,1.0,0.0,1.0,0.0,0.0,1.7
25095544,EM CARLOS NEVES DA FRANCA,2507507,João Pessoa,1,3,0.0,0.0,0.0,0.0,1.0,1.0,1.0,1.0,1.0,0.0,1.0,0.0,10.0,0
25095560,EM CASTRO ALVES,2507507,João Pessoa,1,3,0.0,0.0,0.0,0.0,1.0,1.0,1.0,1.0,1.0,0.0,1.0,0.0,12.0,1.4
25095595,EM ANTONIO SANTOS COELHO NETO,2507507,João Pessoa,1,3,0.0,0.0,0.0,0.0,1.0,1.0,1.0,1.0,1.0,0.0,1.0,0.0,13.0,0.6
25095609,EM COMENDADOR CICERO LEITE,2507507,João Pessoa,1,3,0.0,0.0,0.0,0.0,1.0,1.0,1.0,1.0,1.0,0.0,1.0,0.0,12.0,0
25095633,EMAI CONEGO JOAO DE DEUS,2507507,João Pessoa,1,3,0.0,0.0,0.0,0.0,1.0,1.0,1.0,1.0,1.0,0.0,0.0,0.0,5.0,0
25095650,EM CONEGO MATHIAS FREIRE,2507507,João Pessoa,1,3,0.0,0.0,0.0,0.0,1.0,1.0,1.0,1.0,1.0,0.0,1.0,0.0,8.0,0
25095668,EM DAMASIO BARBOSA DA FRANCA,2507507,João Pessoa,1,3,0.0,0.0,0.0,0.0,1.0,1.0,1.0,1.0,1.0,0.0,0.0,0.0,13.0,7.4
25095676,EM EDUCADOR FRANCISCO PEREIRA DA NOBREGA,2507507,João Pessoa,1,3,0.0,0.0,0.0,0.0,1.0,1.0,1.0,1.0,1.0,1.0,1.0,0.0,11.0,0.7
25095684,EM DAVID TRINDADE,2507507,João Pessoa,1,3,0.0,0.0,0.0,0.0,1.0,1.0,1.0,1.0,1.0,0.0,1.0,0.0,16.0,0.8
25095692,EMAI PROFESSOR ANISIO TEIXEIRA,2507507,João Pessoa,1,3,0.0,0.0,0.0,0.0,1.0,1.0,1.0,1.0,1.0,1.0,0.0,0.0,10.0,0.7
25095706,EMAI DR SEVERINO PATRICIO,2507507,João Pessoa,1,3,0.0,0.0,0.0,0.0,1.0,1.0,1.0,1.0,1.0,1.0,1.0,0.0,7.0,--
25095749,EM ZULMIRA DE NOVAIS,2507507,João Pessoa,1,3,0.0,0.0,0.0,0.0,1.0,1.0,1.0,1.0,1.0,0.0,1.0,0.0,12.0,0
25095765,EMAI ARNALDO DE BARROS MOREIRA,2507507,João Pessoa,1,3,0.0,0.0,0.0,0.0,1.0,1.0,1.0,1.0,1.0,0.0,1.0,0.0,8.0,--
25095773,EMEI ANA NERY,2507507,João Pessoa,1,3,0.0,0.0,0.0,0.0,1.0,1.0,1.0,1.0,1.0,0.0,1.0,0.0,2.0,4.3
25095790,EMAI DR JOAO SANTA CRUZ DE OLIVEIRA,2507507,João Pessoa,1,3,0.0,0.0,0.0,0.0,1.0,1.0,1.0,1.0,1.0,0.0,0.0,0.0,5.0,0
25095811,EM DR JOSE NOVAIS,2507507,João Pessoa,1,3,0.0,0.0,0.0,0.0,1.0,1.0,1.0,1.0,0.0,0.0,0.0,0.0,5.0,0
25095820,EM DUARTE DA SILVEIRA,2507507,João Pessoa,1,3,0.0,0.0,0.0,0.0,1.0,1.0,1.0,1.0,1.0,1.0,1.0,0.0,8.0,--
25095854,EMAI DUQUE DE CAXIAS,2507507,João Pessoa,1,3,0.0,0.0,0.0,0.0,1.0,1.0,1.0,1.0,1.0,1.0,1.0,1.0,0.0,0
25095862,EM ERNANY SATYRO,2507507,João Pessoa,1,3,0.0,0.0,0.0,0.0,1.0,1.0,1.0,1.0,1.0,0.0,1.0,0.0,6.0,0
25095870,EM EUCLIDES DA CUNHA,2507507,João Pessoa,1,3,0.0,0.0,0.0,0.0,1.0,1.0,1.0,1.0,1.0,0.0,1.0,0.0,3.0,0
25095900,EM FENELON CAMARA,2507507,João Pessoa,1,3,0.0,0.0,0.0,0.0,1.0,1.0,1.0,1.0,1.0,0.0,0.0,0.0,10.0,--
25095935,EMEI ROTARY FRANCISCO EDWAR DE AGUIAR,2507507,João Pessoa,1,3,0.0,0.0,0.0,0.0,1.0,1.0,1.0,1.0,0.0,0.0,0.0,1.0,7.0,0
25095943,EMAI FREI AFONSO,2507507,João Pessoa,1,3,0.0,0.0,0.0,0.0,1.0,1.0,1.0,1.0,0.0,0.0,0.0,1.0,11.0,2
25095978,EM FREI ALBINO,2507507,João Pessoa,1,3,0.0,0.0,0.0,0.0,1.0,1.0,1.0,1.0,1.0,0.0,0.0,0.0,10.0,0
25095994,EM FRUTUOSO BARBOSA,2507507,João Pessoa,1,3,0.0,0.0,0.0,0.0,1.0,1.0,1.0,1.0,1.0,0.0,1.0,0.0,7.0,0
25096001,EM GENERAL ANGELO FRANCISCO NOTARE,2507507,João Pessoa,1,3,0.0,0.0,0.0,0.0,1.0,1.0,1.0,1.0,1.0,0.0,1.0,0.0,8.0,0
25096036,EM GENERAL RODRIGO OTAVIO,2507507,João Pessoa,1,3,0.0,0.0,0.0,0.0,1.0,1.0,1.0,1.0,1.0,0.0,1.0,0.0,9.0,0
25096052,EM JOAO MONTEIRO DA FRANCA,2507507,João Pessoa,1,3,0.0,0.0,0.0,0.0,1.0,1.0,1.0,1.0,1.0,1.0,1.0,0.0,4.0,0
25096079,EM JOSE EUGENIO LINS DE ALBUQUERQUE,2507507,João Pessoa,1,3,0.0,0.0,0.0,0.0,1.0,1.0,1.0,1.0,1.0,0.0,0.0,0.0,12.0,0
25096109,EM PROFESSORA MARIA MADALENA GUEDES PEREIRA,2507507,João Pessoa,1,3,0.0,0.0,0.0,0.0,1.0,1.0,1.0,1.0,1.0,0.0,1.0,0.0,7.0,1.1
25096125,EM LIONS TAMBAU,2507507,João Pessoa,1,3,0.0,0.0,0.0,0.0,1.0,1.0,1.0,1.0,1.0,0.0,0.0,0.0,3.0,0.3
25096133,EM LUIZA LIMA LOBO,2507507,João Pessoa,1,3,0.0,0.0,0.0,0.0,1.0,1.0,1.0,1.0,1.0,0.0,1.0,0.0,10.0,0
25096150,EM MAJOR JOSE DE BARROS MOREIRA,2507507,João Pessoa,1,3,0.0,0.0,0.0,0.0,1.0,1.0,1.0,1.0,1.0,0.0,1.0,0.0,18.0,--
25096176,EMAI PROFESSOR JOAO GADELHA DE OLIVEIRA FILHO,2507507,João Pessoa,1,3,0.0,0.0,0.0,0.0,1.0,1.0,1.0,1.0,1.0,0.0,1.0,0.0,12.0,0.6
25096206,EM MINISTRO JOSE AMERICO DE ALMEIDA,2507507,João Pessoa,1,3,0.0,0.0,0.0,0.0,1.0,1.0,1.0,1.0,1.0,1.0,1.0,0.0,13.0,0
25096222,EM MONSENHOR JOAO COUTINHO,2507507,João Pessoa,1,3,0.0,0.0,0.0,0.0,1.0,1.0,1.0,1.0,1.0,0.0,0.0,0.0,6.0,1.1
25096249,EM MONTEIRO LOBATO,2507507,João Pessoa,1,3,0.0,0.0,0.0,0.0,1.0,1.0,1.0,1.0,1.0,0.0,0.0,0.0,0.0,0.7
25096265,EM NAPOLEAO LAUREANO,2507507,João Pessoa,1,3,0.0,0.0,0.0,0.0,1.0,1.0,1.0,1.0,1.0,0.0,0.0,0.0,5.0,0
25096290,EM OLIVIO RIBEIRO CAMPOS,2507507,João Pessoa,1,3,0.0,0.0,0.0,0.0,1.0,1.0,1.0,1.0,1.0,0.0,1.0,0.0,2.0,0
25096338,EM AGOSTINHO FONSECA NETO,2507507,João Pessoa,1,3,0.0,0.0,0.0,0.0,1.0,1.0,1.0,1.0,1.0,0.0,1.0,0.0,10.0,0
25096354,EM PROFESSOR HUGO MOURA,2507507,João Pessoa,1,3,0.0,0.0,0.0,0.0,1.0,1.0,1.0,1.0,1.0,0.0,1.0,0.0,13.0,1
25096362,EMAI GOVERNADOR LEONEL BRIZOLA,2507507,João Pessoa,1,3,0.0,0.0,0.0,0.0,1.0,1.0,1.0,1.0,1.0,1.0,1.0,0.0,10.0,--
25096389,EM PROFESSOR LUIZ MENDES PONTES,2507507,João Pessoa,1,3,0.0,0.0,0.0,0.0,1.0,1.0,1.0,1.0,1.0,0.0,1.0,0.0,10.0,1.3
25096400,EMAI PROFESSOR OSCAR DE CASTRO,2507507,João Pessoa,1,3,0.0,0.0,0.0,0.0,1.0,1.0,1.0,1.0,1.0,0.0,1.0,0.0,17.0,3.9
25096419,EM PROFESSOR LYNALDO CAVALCANTI DE ALBUQUERQUE,2507507,João Pessoa,1,3,0.0,0.0,0.0,0.0,1.0,1.0,1.0,1.0,1.0,1.0,0.0,0.0,14.0,1.2
25096427,EMAI ESCRITOR LUIZ AUGUSTO CRISPIM,2507507,João Pessoa,1,3,0.0,0.0,0.0,0.0,1.0,1.0,1.0,1.0,1.0,1.0,1.0,0.0,13.0,0
25096435,EM PROFESSORA ANA CRISTINA ROLIM MACHADO,2507507,João Pessoa,1,3,0.0,0.0,0.0,0.0,1.0,1.0,1.0,1.0,1.0,0.0,1.0,0.0,0.0,0
25096451,EM PROFESSORA ANALICE GONCALVES CARVALHO,2507507,João Pessoa,1,3,0.0,0.0,0.0,0.0,1.0,1.0,1.0,1.0,1.0,0.0,1.0,0.0,4.0,0
25096486,EMAI SANTOS DUMONT,2507507,João Pessoa,1,3,0.0,0.0,0.0,0.0,1.0,1.0,1.0,1.0,1.0,1.0,1.0,0.0,7.0,1.8
25096494,EM SEN RUY CARNEIRO,2507507,João Pessoa,1,3,0.0,0.0,0.0,0.0,1.0,1.0,1.0,1.0,1.0,1.0,1.0,0.0,13.0,0.4
25096516,EM SERAFICO DA NOBREGA,2507507,João Pessoa,1,3,0.0,0.0,0.0,0.0,1.0,1.0,1.0,1.0,1.0,0.0,1.0,0.0,11.0,0
25096524,EM SANTA ANGELA,2507507,João Pessoa,1,3,0.0,0.0,0.0,0.0,1.0,1.0,1.0,1.0,1.0,0.0,1.0,0.0,6.0,--
25096559,EM THARCILLA BARBOSA DA FRANCA,2507507,João Pessoa,1,3,0.0,0.0,0.0,0.0,1.0,1.0,1.0,1.0,1.0,1.0,1.0,0.0,15.0,--
25096575,EM VIRGINIUS DA GAMA E MELO,2507507,João Pessoa,1,3,0.0,0.0,0.0,0.0,1.0,1.0,1.0,1.0,1.0,0.0,1.0,0.0,11.0,0
25096613,EM VIOLETA FORMIGA,2507507,João Pessoa,1,3,0.0,0.0,0.0,0.0,1.0,1.0,1.0,1.0,1.0,1.0,1.0,0.0,14.0,2
25096621,EMAI PROFESSOR JOAO MEDEIROS,2507507,João Pessoa,1,3,0.0,0.0,0.0,0.0,1.0,1.0,1.0,1.0,1.0,0.0,0.0,0.0,3.0,0
25096648,EM FRANCISCA MOURA,2507507,João Pessoa,1,3,0.0,0.0,0.0,0.0,1.0,1.0,1.0,1.0,1.0,0.0,1.0,0.0,6.0,--
25096656,EMEI PADRE BARTOLOMEU DE GUSMAO,2507507,João Pessoa,1,3,0.0,0.0,0.0,0.0,1.0,1.0,1.0,1.0,1.0,0.0,1.0,0.0,0.0,0
25096664,EM PADRE LEONEL DA FRANCA,2507507,João Pessoa,1,3,0.0,0.0,0.0,0.0,1.0,1.0,1.0,1.0,1.0,0.0,0.0,0.0,1.0,0.6
25096672,EMAI ECONOMISTA CELSO MONTEIRO FURTADO,2507507,João Pessoa,1,3,0.0,0.0,0.0,0.0,1.0,1.0,1.0,1.0,1.0,1.0,1.0,0.0,12.0,0.6
25096680,EMAI UBIRAJARA TARGINO BOTTO,2507507,João Pessoa,1,3,0.0,0.0,0.0,0.0,1.0,1.0,1.0,1.0,1.0,1.0,1.0,0.0,1.0,0
25096702,ECIT MARIA DO CARMO DE MIRANDA,2507507,João Pessoa,1,2,0.0,0.0,0.0,0.0,0.0,1.0,1.0,0.0,0.0,0.0,0.0,1.0,0.0,--
25096818,ESCOLA SAO JOSE,2507507,João Pessoa,1,4,0.0,0.0,0.0,0.0,1.0,0.0,0.0,1.0,1.0,0.0,0.0,0.0,1.0,0
25096850,IFPB - CAMPUS JOAO PESSOA,2507507,João Pessoa,1,1,0.0,0.0,0.0,0.0,1.0,1.0,1.0,1.0,1.0,1.0,1.0,0.0,56.0,--
25097091,EEEFM AUDIOCOMUNICACAO,2507507,João Pessoa,1,2,0.0,0.0,0.0,0.0,0.0,1.0,1.0,0.0,0.0,0.0,0.0,1.0,1.0,--
25097326,COLEGIO OLIMPO JOAO PESSOA,2507507,João Pessoa,1,4,0.0,0.0,0.0,0.0,1.0,0.0,1.0,1.0,1.0,1.0,1.0,0.0,41.0,0
25097539,COLEGIO E CURSO EVOLUCAO,2507507,João Pessoa,1,4,0.0,0.0,0.0,0.0,1.0,0.0,1.0,1.0,1.0,1.0,1.0,0.0,49.0,0
25097628,EXTERNATO SANTA DOROTEIA,2507507,João Pessoa,1,4,0.0,0.0,0.0,0.0,1.0,0.0,1.0,1.0,1.0,0.0,0.0,0.0,14.0,0
25097725,INSTITUTO DE EDUCACAO DA PARAIBA,2507507,João Pessoa,1,2,0.0,0.0,0.0,0.0,1.0,1.0,1.0,1.0,1.0,1.0,1.0,0.0,16.0,--
25097733,EM DOM ADAUTO,2507507,João Pessoa,1,3,0.0,0.0,0.0,0.0,1.0,1.0,1.0,1.0,1.0,0.0,0.0,0.0,0.0,0
25097776,INST EDUC N SRA DA CONCEICAO,2507507,João Pessoa,1,4,0.0,0.0,0.0,0.0,1.0,0.0,1.0,1.0,1.0,0.0,0.0,0.0,0.0,0
25097784,INSTITUTO EDUCACIONAL PARAIBANO LTDA ME,2507507,João Pessoa,1,4,0.0,0.0,0.0,0.0,1.0,0.0,1.0,1.0,1.0,1.0,0.0,0.0,0.0,0
25097792,INSTITUTO EDUCACIONAL PEDRO CALMON,2507507,João Pessoa,1,4,0.0,0.0,0.0,0.0,1.0,0.0,1.0,1.0,1.0,1.0,0.0,0.0,16.0,0
25097849,INSTITUTO EDUCACIONAL FENIX,2507507,João Pessoa,1,4,0.0,0.0,0.0,0.0,1.0,0.0,1.0,1.0,0.0,1.0,0.0,0.0,11.0,0
25097865,INST EDUC JOAO SOARES,2507507,João Pessoa,1,4,0.0,0.0,0.0,0.0,1.0,0.0,1.0,1.0,0.0,0.0,0.0,0.0,10.0,--
25097938,INSTITUTO EDUCACIONAL SANTOS DUMONT LTDA,2507507,João Pessoa,1,4,0.0,0.0,0.0,0.0,1.0,0.0,1.0,1.0,1.0,0.0,1.0,0.0,13.0,--
25098080,IPI INSTITUTO PARAIBANO INFANTIL LTDA,2507507,João Pessoa,1,4,0.0,0.0,0.0,0.0,1.0,0.0,1.0,1.0,1.0,0.0,1.0,0.0,18.0,0
25098098,INSTITUTO PESSOENSE DE EDUCACAO INTEGRADA LTDA,2507507,João Pessoa,1,4,0.0,0.0,0.0,0.0,1.0,0.0,1.0,1.0,1.0,1.0,0.0,0.0,8.0,0
25098225,YURY LEAL BRANDAO DOS PRAZERES,2507507,João Pessoa,1,4,0.0,0.0,0.0,0.0,1.0,0.0,1.0,1.0,1.0,0.0,0.0,0.0,18.0,0
25098306,ELOHIM COLEGIO E CURSO,2507507,João Pessoa,1,4,0.0,0.0,0.0,0.0,1.0,0.0,1.0,1.0,1.0,0.0,0.0,0.0,18.0,--
25098314,INTEGRACAO CENTRO DE ENSINO LTDA,2507507,João Pessoa,1,4,0.0,0.0,0.0,0.0,1.0,0.0,1.0,1.0,1.0,1.0,0.0,0.0,17.0,0
25098330,COLEGIO COLIBRI LTDA,2507507,João Pessoa,1,4,0.0,0.0,0.0,0.0,1.0,0.0,1.0,1.0,1.0,1.0,1.0,0.0,3.0,--
25098349,SECULO COLEGIO E CURSO,2507507,João Pessoa,1,4,0.0,0.0,0.0,0.0,1.0,0.0,1.0,1.0,1.0,1.0,1.0,0.0,13.0,0
25098357,LYCEU PARAIBANO,2507507,João Pessoa,1,2,0.0,0.0,0.0,0.0,0.0,1.0,1.0,0.0,0.0,0.0,0.0,0.0,14.0,--
25098560,CONSTRUCTOR SUI SISTEMA EDUCACIONAL-LTDA,2507507,João Pessoa,1,4,0.0,0.0,0.0,0.0,1.0,1.0,1.0,1.0,1.0,0.0,0.0,0.0,0.0,--
25098578,SISTEMA EDUC GENIUS LTDA - COLEGIO MASTER BESSA,2507507,João Pessoa,1,4,0.0,0.0,0.0,0.0,1.0,0.0,0.0,1.0,1.0,0.0,0.0,0.0,21.0,0
25101516,EEEF DOMENICA ANDREA MAGLIANO,2507507,João Pessoa,1,2,0.0,0.0,0.0,0.0,1.0,1.0,1.0,1.0,1.0,0.0,0.0,0.0,3.0,0
25101765,CENTRO DE EDUCACAO LIDER MAIS,2507507,João Pessoa,1,4,0.0,0.0,0.0,0.0,1.0,0.0,1.0,1.0,0.0,0.0,0.0,0.0,8.0,0
25103300,CENTRO EDUCACIONAL TIA NEIDE,2507507,João Pessoa,1,4,0.0,0.0,0.0,0.0,1.0,0.0,1.0,1.0,0.0,0.0,0.0,0.0,6.0,--
25103342,CENTRO EDUCACIONAL FILADELFIA EIRELI,2507507,João Pessoa,1,4,0.0,0.0,0.0,0.0,1.0,0.0,1.0,1.0,1.0,1.0,0.0,0.0,20.0,0
25103377,ELISANDRA CAVALCANTI PALITOT ME,2507507,João Pessoa,1,4,0.0,0.0,0.0,0.0,1.0,0.0,1.0,1.0,1.0,0.0,0.0,0.0,10.0,--
25104330,ECI ALMIRANTE SALDANHA,2507507,João Pessoa,1,2,0.0,0.0,0.0,0.0,1.0,1.0,1.0,1.0,1.0,0.0,0.0,0.0,5.0,--
25105612,EM NAZINHA BARBOSA,2507507,João Pessoa,1,3,0.0,0.0,0.0,0.0,1.0,1.0,1.0,1.0,1.0,1.0,0.0,0.0,14.0,0
25108883,CENTRO EDUCACIONAL EBENEZER,2507507,João Pessoa,1,4,0.0,0.0,0.0,0.0,1.0,0.0,1.0,1.0,1.0,0.0,0.0,0.0,14.0,--
25109944,ESCOLA MUNDO ENCANTADO DA CRIANCA,2507507,João Pessoa,1,4,0.0,0.0,0.0,0.0,1.0,1.0,1.0,1.0,1.0,0.0,0.0,0.0,10.0,0
25110144,COLEGIO META KIDS LTDA,2507507,João Pessoa,1,4,0.0,0.0,0.0,0.0,1.0,1.0,1.0,1.0,1.0,1.0,1.0,0.0,50.0,0
25111051,INSTITUTO EDUCACIONAL SHALON,2507507,João Pessoa,1,4,0.0,0.0,0.0,0.0,1.0,0.0,1.0,1.0,1.0,0.0,0.0,0.0,9.0,0
25113178,EM DARCY RIBEIRO,2507507,João Pessoa,1,3,0.0,0.0,0.0,0.0,1.0,1.0,1.0,1.0,1.0,0.0,1.0,0.0,0.0,2.4
25113186,EMAI PROFESSOR PAULO FREIRE,2507507,João Pessoa,1,3,0.0,0.0,0.0,0.0,1.0,1.0,1.0,1.0,1.0,0.0,1.0,0.0,2.0,0
25113194,EMAI JOSE PEREGRINO DE CARVALHO,2507507,João Pessoa,1,3,0.0,0.0,0.0,0.0,1.0,1.0,1.0,1.0,1.0,0.0,0.0,0.0,10.0,0
25114425,EEEF GOVERNADOR ANTONIO MARIZ,2507507,João Pessoa,1,2,0.0,0.0,0.0,0.0,0.0,1.0,1.0,0.0,0.0,0.0,0.0,1.0,0.0,0.8
25114484,ECIT JOAO ROBERTO BORGES DE SOUZA,2507507,João Pessoa,1,2,0.0,0.0,0.0,0.0,0.0,1.0,1.0,0.0,0.0,0.0,0.0,1.0,5.0,--
25114506,EEEM PROFESSOR JOSE BAPTISTA DE MELLO,2507507,João Pessoa,1,2,0.0,0.0,0.0,0.0,1.0,1.0,1.0,1.0,1.0,0.0,1.0,0.0,1.0,--
25114840,EM INDIO PIRAGIBE,2507507,João Pessoa,1,3,0.0,0.0,0.0,0.0,1.0,1.0,1.0,1.0,1.0,0.0,1.0,0.0,12.0,0.5
25114859,EM ZUMBI DOS PALMARES,2507507,João Pessoa,1,3,0.0,0.0,0.0,0.0,1.0,1.0,1.0,1.0,1.0,0.0,0.0,0.0,9.0,--
25114867,EM ARUANDA,2507507,João Pessoa,1,3,0.0,0.0,0.0,0.0,1.0,1.0,1.0,1.0,1.0,1.0,1.0,0.0,12.0,0
25114875,EM DOM HELDER CAMARA,2507507,João Pessoa,1,3,0.0,0.0,0.0,0.0,1.0,1.0,1.0,1.0,1.0,0.0,0.0,0.0,20.0,3.4
25114905,ECI MILTON CAMPOS,2507507,João Pessoa,1,2,0.0,0.0,0.0,0.0,1.0,1.0,1.0,1.0,1.0,0.0,1.0,0.0,7.0,--
25114980,EM LUIZ VAZ DE CAMOES,2507507,João Pessoa,1,3,0.0,0.0,0.0,0.0,1.0,1.0,1.0,1.0,1.0,0.0,1.0,0.0,0.0,2.9
25114999,EM PEDRA DO REINO,2507507,João Pessoa,1,3,0.0,0.0,0.0,0.0,1.0,1.0,1.0,1.0,1.0,0.0,0.0,0.0,10.0,0.6
25115049,ECI PROFESSOR PAULO FREIRE,2507507,João Pessoa,1,2,0.0,0.0,0.0,0.0,0.0,1.0,1.0,1.0,0.0,0.0,0.0,1.0,6.0,--
25115260,SECULO COLEGIO E CURSO,2507507,João Pessoa,1,4,0.0,0.0,0.0,0.0,1.0,0.0,1.0,1.0,1.0,1.0,1.0,0.0,34.0,0
25115790,ESCOLA BETEL BRASILEIRO,2507507,João Pessoa,1,4,0.0,0.0,0.0,0.0,1.0,0.0,1.0,1.0,1.0,0.0,1.0,0.0,4.0,--
25116517,EDUCANDARIO BRASIL,2507507,João Pessoa,1,4,0.0,0.0,0.0,0.0,1.0,0.0,1.0,1.0,0.0,0.0,0.0,1.0,5.0,--
25116681,CENTRO EDUCACIONAL BETH SHALOM,2507507,João Pessoa,1,4,0.0,0.0,0.0,0.0,1.0,0.0,1.0,1.0,1.0,0.0,0.0,0.0,8.0,1.3
25117050,COLEGIO INTENSIVO UNIDADE I COSTA E SILVA,2507507,João Pessoa,1,4,0.0,0.0,0.0,0.0,1.0,0.0,1.0,1.0,1.0,1.0,0.0,0.0,19.0,0
25117254,NATANAEL MUNIZ FALCAO FILHO,2507507,João Pessoa,1,4,0.0,0.0,0.0,0.0,1.0,0.0,1.0,1.0,0.0,0.0,0.0,0.0,10.0,0
25117351,ESC SAGRADO CORACAO DE JESUS,2507507,João Pessoa,1,4,0.0,0.0,0.0,0.0,1.0,0.0,1.0,1.0,1.0,0.0,0.0,0.0,3.0,0
25117475,EDUCANDARIO NOSSA SENHORA DA VITORIA,2507507,João Pessoa,1,4,0.0,0.0,0.0,0.0,1.0,0.0,1.0,1.0,1.0,0.0,0.0,1.0,6.0,0
25117734,COLEGIO GURGEL,2507507,João Pessoa,1,4,0.0,0.0,0.0,0.0,1.0,0.0,1.0,1.0,1.0,0.0,0.0,0.0,0.0,0
25117807,CENTRO INTEGRADO DE EDUCACAO DA PARAIBA,2507507,João Pessoa,1,4,0.0,0.0,0.0,0.0,1.0,0.0,1.0,1.0,0.0,0.0,0.0,0.0,0.0,0
25117939,CENTRO EDUCACIONAL DE DESENVOLVIMENTO INFANTIL,2507507,João Pessoa,1,4,0.0,0.0,0.0,0.0,1.0,0.0,1.0,1.0,0.0,0.0,0.0,0.0,11.0,0
25119680,ESCOLA CONSTRUCAO DO SABER,2507507,João Pessoa,1,4,0.0,0.0,0.0,0.0,1.0,0.0,1.0,1.0,1.0,0.0,0.0,0.0,7.0,2
25119826,COLEGIO INA,2507507,João Pessoa,1,4,0.0,0.0,0.0,0.0,1.0,0.0,1.0,1.0,1.0,0.0,0.0,0.0,12.0,0
25120298,CENTRO PESSOENSE DE EDUCACAO - COLEGIO MOTIVA,2507507,João Pessoa,1,4,0.0,0.0,0.0,0.0,1.0,0.0,1.0,1.0,1.0,0.0,0.0,0.0,25.0,--
25120484,EM DOM MARCELO PINTO CARVALHEIRA,2507507,João Pessoa,1,3,0.0,0.0,0.0,0.0,1.0,1.0,1.0,1.0,1.0,1.0,0.0,0.0,23.0,0
25120867,SERVICO SOCIAL DO COMERCIO - SESC EDUCACAO,2507507,João Pessoa,1,4,0.0,0.0,0.0,0.0,1.0,0.0,1.0,1.0,1.0,1.0,1.0,0.0,16.0,0
25121499,SOLANGE MARIA LIMA CAMPOS ME,2507507,João Pessoa,1,4,0.0,0.0,0.0,0.0,1.0,1.0,1.0,1.0,1.0,1.0,0.0,0.0,26.0,0
25122746,COLEGIO ATHENAS LTDA,2507507,João Pessoa,1,4,0.0,0.0,0.0,0.0,1.0,0.0,1.0,1.0,1.0,1.0,1.0,0.0,19.0,0
25123491,EM PADRE PEDRO SERRAO,2507507,João Pessoa,1,3,0.0,0.0,0.0,0.0,1.0,1.0,1.0,1.0,1.0,0.0,1.0,0.0,10.0,--
25123564,ESCOLA CAMINHAR,2507507,João Pessoa,1,4,0.0,0.0,0.0,0.0,1.0,0.0,1.0,1.0,0.0,0.0,0.0,0.0,0.0,0
25123696,EEEM BENEDITA TARGINO MARANHAO,2507507,João Pessoa,1,2,0.0,0.0,0.0,0.0,1.0,1.0,1.0,1.0,0.0,0.0,0.0,0.0,2.0,--
25123785,CENTRO DE ENSINO CONTEMPORANEO LTDA,2507507,João Pessoa,1,4,0.0,0.0,0.0,0.0,1.0,0.0,1.0,1.0,0.0,1.0,0.0,0.0,18.0,--
25124129,COLEGIO DE APLICACAO DE EDUCACAO BASICA,2507507,João Pessoa,1,1,0.0,0.0,0.0,0.0,1.0,1.0,1.0,1.0,1.0,0.0,0.0,1.0,8.0,0
25124170,IEG COLEGIO E CURSO,2507507,João Pessoa,1,4,0.0,0.0,0.0,0.0,1.0,0.0,0.0,1.0,1.0,1.0,1.0,0.0,10.0,0
25124188,CENTRO DE EDUCACIONAL BRASILEIRO,2507507,João Pessoa,1,4,0.0,0.0,0.0,0.0,1.0,0.0,1.0,1.0,0.0,0.0,0.0,0.0,6.0,0
25124200,INSTITUTO DE EDUCACAO INFANTIL E FUNDAMENTAL,2507507,João Pessoa,1,4,0.0,0.0,0.0,0.0,1.0,1.0,1.0,1.0,1.0,0.0,0.0,0.0,0.0,0
25124277,ECIT SEVERINO DIAS DE OLIVEIRA - MESTRE SIVUCA,2507507,João Pessoa,1,2,0.0,0.0,0.0,0.0,1.0,1.0,1.0,1.0,1.0,1.0,1.0,0.0,10.0,--
25124382,META COLEGIAL JESUS DE NAZARE,2507507,João Pessoa,1,4,0.0,0.0,0.0,0.0,1.0,0.0,1.0,1.0,0.0,0.0,0.0,0.0,5.0,2
25124412,CENTRO EDUCACIONAL JOAO VIDAL DE ARRUDA,2507507,João Pessoa,1,4,0.0,0.0,0.0,0.0,1.0,0.0,1.0,1.0,1.0,0.0,0.0,0.0,0.0,0
25124439,CENTRO EDUCACIONAL ALEGRIA DE APRENDER,2507507,João Pessoa,1,4,0.0,0.0,0.0,0.0,1.0,0.0,1.0,1.0,1.0,0.0,0.0,0.0,0.0,0
25124471,INSTITUTO EDUCACIONAL JOSINO GOMES,2507507,João Pessoa,1,4,0.0,0.0,0.0,0.0,1.0,0.0,1.0,1.0,1.0,0.0,0.0,0.0,10.0,0
25124498,CENTRO EDUCACIONAL PEQUENO GIGANTE,2507507,João Pessoa,1,4,0.0,0.0,0.0,0.0,1.0,0.0,1.0,1.0,1.0,0.0,0.0,0.0,0.0,0
25124528,COLEGIO POLIGONO EDUCACIONAL LTDA,2507507,João Pessoa,1,4,0.0,0.0,0.0,0.0,1.0,1.0,1.0,1.0,1.0,0.0,0.0,0.0,15.0,0
25124617,INSTITUTO EVANGELICO LIRIO DOS VALES,2507507,João Pessoa,1,4,0.0,0.0,0.0,0.0,1.0,0.0,1.0,1.0,1.0,0.0,0.0,0.0,8.0,1.2
25124633,COLEGIO EVANGELICO MARANATA,2507507,João Pessoa,1,4,0.0,0.0,0.0,0.0,1.0,0.0,1.0,1.0,1.0,0.0,0.0,0.0,4.0,--
25124641,INSTITUTO RAIO DE SOL,2507507,João Pessoa,1,4,0.0,0.0,0.0,0.0,1.0,0.0,1.0,1.0,1.0,0.0,0.0,0.0,0.0,0
25124676,ESCOLA SONHO DE CRIANCA,2507507,João Pessoa,1,4,0.0,0.0,0.0,0.0,1.0,0.0,1.0,1.0,0.0,0.0,0.0,0.0,0.0,0
25124714,CENTRO DE ENSINO FASES,2507507,João Pessoa,1,4,0.0,0.0,0.0,0.0,1.0,0.0,1.0,1.0,1.0,0.0,0.0,0.0,8.0,0
25124927,REDE VIA EDUCAR,2507507,João Pessoa,1,4,0.0,0.0,0.0,0.0,1.0,0.0,1.0,1.0,0.0,0.0,0.0,0.0,11.0,2.3
25124951,CENTRO EDUCACIONAL JEAN PIAGET,2507507,João Pessoa,1,4,0.0,0.0,0.0,0.0,1.0,0.0,1.0,1.0,1.0,0.0,0.0,0.0,0.0,0
25124994,COLEGIO KAIROS,2507507,João Pessoa,1,4,0.0,0.0,0.0,0.0,1.0,0.0,1.0,1.0,1.0,1.0,1.0,0.0,11.0,0
25125125,EDUCANDARIO ANJO GABRIEL,2507507,João Pessoa,1,4,0.0,0.0,0.0,0.0,1.0,0.0,1.0,1.0,1.0,0.0,0.0,0.0,0.0,--
25125176,INSTITUTO EDUCACIONAL FONTE VIVA,2507507,João Pessoa,1,4,0.0,0.0,0.0,0.0,1.0,1.0,1.0,1.0,0.0,0.0,0.0,0.0,0.0,0
25125184,CENTRO EDUCACIONAL DEUS E FIEL,2507507,João Pessoa,1,4,0.0,0.0,0.0,0.0,1.0,0.0,1.0,1.0,0.0,0.0,0.0,0.0,0.0,0
25125230,EMAI CHICO XAVIER,2507507,João Pessoa,1,3,0.0,0.0,0.0,0.0,1.0,1.0,1.0,1.0,1.0,1.0,1.0,0.0,12.0,--
25125257,EMAI RADEGUNDIS FEITOSA NUNES,2507507,João Pessoa,1,3,0.0,0.0,0.0,0.0,1.0,1.0,1.0,1.0,1.0,0.0,1.0,0.0,14.0,0
25125311,CENTRO EDUCACIONAL CONVIVER,2507507,João Pessoa,1,4,0.0,0.0,0.0,0.0,1.0,0.0,1.0,1.0,1.0,0.0,0.0,0.0,0.0,--
25125370,ESCOLA SEGUNDO LAR,2507507,João Pessoa,1,4,0.0,0.0,0.0,0.0,1.0,0.0,1.0,0.0,0.0,0.0,0.0,0.0,0.0,--
25125397,INSTITUTO DE EDUCACAO RUTINEA,2507507,João Pessoa,1,4,0.0,0.0,0.0,0.0,1.0,0.0,1.0,1.0,1.0,0.0,0.0,0.0,10.0,0
25125419,IERC - INTITUTO EDUCACIONAL REFUGIO DA CRIANCA LTDA,2507507,João Pessoa,1,4,0.0,0.0,0.0,0.0,1.0,0.0,1.0,1.0,1.0,0.0,0.0,0.0,5.0,--
25125494,COLEGIO TOP,2507507,João Pessoa,1,4,0.0,0.0,0.0,0.0,1.0,0.0,1.0,1.0,1.0,1.0,1.0,0.0,18.0,0.6
25125508,COLEGIO GERACAO CRIANCA LTDA,2507507,João Pessoa,1,4,0.0,0.0,0.0,0.0,1.0,0.0,1.0,1.0,0.0,0.0,1.0,0.0,17.0,0.4
25125605,COLEGIO ATENEU,2507507,João Pessoa,1,4,0.0,0.0,0.0,0.0,1.0,0.0,1.0,1.0,0.0,0.0,0.0,0.0,10.0,--
25125842,ESCOLA INFANTIL ESPACO ALEGRE,2507507,João Pessoa,1,4,0.0,0.0,0.0,0.0,1.0,0.0,1.0,1.0,1.0,0.0,0.0,0.0,8.0,0
25125958,INTERABESSA COLEGIO E CURSO LTDA ME,2507507,João Pessoa,1,4,0.0,0.0,0.0,0.0,1.0,0.0,1.0,1.0,1.0,1.0,1.0,0.0,18.0,--
25125966,INTERAGINDO SISTEMA DE ENSINO LTDA,2507507,João Pessoa,1,4,0.0,0.0,0.0,0.0,1.0,0.0,1.0,1.0,1.0,1.0,1.0,0.0,22.0,0.6
25126016,INSTITUTO EDUCACIONAL COLINAS DO SUL,2507507,João Pessoa,1,4,0.0,0.0,0.0,0.0,1.0,0.0,1.0,1.0,1.0,0.0,0.0,0.0,13.0,6.7
25126113,ESCOLA PIU PIU - MATRIZ,2507507,João Pessoa,1,4,0.0,0.0,0.0,0.0,1.0,0.0,1.0,1.0,0.0,0.0,0.0,0.0,0.0,4.5
25126180,ECIT LINDUARTE NORONHA,2507507,João Pessoa,1,2,0.0,0.0,0.0,0.0,1.0,1.0,1.0,1.0,1.0,1.0,1.0,0.0,4.0,--
25126210,VIP COLEGIO QI SUL,2507507,João Pessoa,1,4,0.0,0.0,0.0,0.0,1.0,0.0,1.0,1.0,1.0,0.0,0.0,0.0,10.0,--
25126229,SELM SISTEMA DE ENSINO LAPISNAMAOLTDA,2507507,João Pessoa,1,4,0.0,0.0,0.0,0.0,1.0,0.0,1.0,1.0,0.0,1.0,1.0,0.0,20.0,0
25126539,INSTITUTO EDUCACIONAL GENTE PEQUENA,2507507,João Pessoa,1,4,0.0,0.0,0.0,0.0,1.0,0.0,1.0,1.0,1.0,0.0,0.0,0.0,9.0,1.6
25126741,1 MUNDO,2507507,João Pessoa,1,4,0.0,0.0,1.0,1.0,0.0,0.0,1.0,1.0,0.0,0.0,0.0,0.0,101.0,--
25126784,JARDIM ESCOLA BELA VIDA,2507507,João Pessoa,1,4,0.0,0.0,0.0,0.0,1.0,1.0,1.0,1.0,1.0,0.0,0.0,0.0,15.0,0
25126865,COLEGIO LUMINAR,2507507,João Pessoa,1,4,0.0,0.0,0.0,0.0,1.0,0.0,1.0,1.0,0.0,0.0,0.0,0.0,0.0,0
25126873,ESCOLA SONHO MEU,2507507,João Pessoa,1,4,0.0,0.0,0.0,0.0,1.0,0.0,1.0,1.0,0.0,0.0,0.0,0.0,5.0,0
25126938,CENTRO EDUCACIONAL EVOLUIR - CRISTO,2507507,João Pessoa,1,4,0.0,0.0,0.0,0.0,1.0,0.0,1.0,1.0,0.0,0.0,0.0,0.0,5.0,--
25127071,EDUCANDARIO LAPIS MAGICO,2507507,João Pessoa,1,4,0.0,0.0,0.0,0.0,1.0,0.0,1.0,1.0,0.0,0.0,0.0,0.0,0.0,1.6
25127322,CENTRO EDUCACIONAL URIEL,2507507,João Pessoa,1,4,0.0,0.0,0.0,0.0,1.0,0.0,1.0,1.0,1.0,0.0,1.0,0.0,9.0,--
25128167,EDUCANDARIO BELO BAMBINO,2507507,João Pessoa,1,4,0.0,0.0,0.0,0.0,1.0,0.0,1.0,1.0,1.0,0.0,0.0,0.0,9.0,--
25128191,CENTRO DE ENSINO EDUQUE,2507507,João Pessoa,1,4,0.0,0.0,0.0,0.0,1.0,0.0,1.0,1.0,1.0,0.0,0.0,0.0,7.0,0
25128213,NM SERVICOS DE ENSINO FUNDAMENTAL LTDA,2507507,João Pessoa,1,4,0.0,0.0,0.0,0.0,1.0,0.0,1.0,1.0,1.0,1.0,0.0,0.0,12.0,0
25128337,ECIT JOAO PEREIRA GOMES FILHO,2507507,João Pessoa,1,2,0.0,0.0,0.0,0.0,0.0,1.0,1.0,1.0,0.0,0.0,0.0,1.0,12.0,--
25128485,SISTEMA EDUCACIONAL DE ENSINO META LTDA,2507507,João Pessoa,1,4,0.0,0.0,0.0,0.0,1.0,1.0,1.0,1.0,1.0,1.0,0.0,0.0,16.0,--
25128558,APOIO EDUCACAO INFANTIL E ENSINO FUNDAMENTAL,2507507,João Pessoa,1,4,0.0,0.0,0.0,0.0,1.0,0.0,1.0,1.0,0.0,1.0,0.0,0.0,22.0,--
25128663,ESCOLA EXODO,2507507,João Pessoa,1,4,0.0,0.0,0.0,0.0,1.0,0.0,1.0,1.0,1.0,0.0,0.0,0.0,2.0,--
25128779,COLEGIO CEFA JR,2507507,João Pessoa,1,4,0.0,0.0,0.0,0.0,1.0,0.0,1.0,1.0,0.0,0.0,0.0,0.0,0.0,0
25128876,COLEGIO MOTIVA ORIENTAL - CENTRO PESSOENSE DE EDUCACAO - JP FILIAL,2507507,João Pessoa,1,4,0.0,0.0,0.0,0.0,1.0,0.0,1.0,1.0,1.0,1.0,0.0,0.0,50.0,0
25128973,COLEGIO KAIROS - ALTIPLANO,2507507,João Pessoa,1,4,0.0,0.0,0.0,0.0,1.0,0.0,1.0,1.0,1.0,1.0,1.0,0.0,15.0,0
25128981,COLEGIO ATENEU KIDS,2507507,João Pessoa,1,4,0.0,0.0,0.0,0.0,1.0,0.0,1.0,1.0,0.0,0.0,0.0,0.0,5.0,0
25129090,INSTITUTO EDUCACIONAL AGAPE SERVICO DE ENSINO LTDA,2507507,João Pessoa,1,4,0.0,0.0,0.0,0.0,1.0,0.0,1.0,1.0,0.0,0.0,0.0,0.0,18.0,0
25129139,NEO GENESIS COLEGIO E CURSO,2507507,João Pessoa,1,4,0.0,0.0,0.0,0.0,1.0,0.0,1.0,1.0,1.0,0.0,0.0,0.0,14.0,0
25129252,EM PROFESSORA LUCIA GIOVANNA DUARTE DE MELO,2507507,João Pessoa,1,3,0.0,0.0,0.0,0.0,1.0,1.0,1.0,1.0,1.0,0.0,1.0,0.0,14.0,1.3
25129260,EM DEPUTADO FERNANDO PAULO CARRILHO MILANEZ,2507507,João Pessoa,1,3,0.0,0.0,0.0,0.0,1.0,1.0,1.0,1.0,1.0,0.0,0.0,0.0,16.0,0.5
25129414,PRIMES COOL - SISTEMA DE EDUCACAO,2507507,João Pessoa,1,4,0.0,0.0,0.0,0.0,1.0,1.0,1.0,1.0,0.0,1.0,1.0,0.0,24.0,0
25129457,ANEZINA VIRGULINO DE SOUZA CANDIDO,2507507,João Pessoa,1,4,0.0,0.0,0.0,0.0,1.0,0.0,1.0,1.0,0.0,0.0,0.0,0.0,13.0,0.7
25129538,ESCOLA ADVENTISTA DE JOAO PESSOA,2507507,João Pessoa,1,4,0.0,0.0,0.0,0.0,1.0,0.0,1.0,1.0,1.0,1.0,1.0,0.0,21.0,0
25129899,ISO COLEGIO E CURSOS,2507507,João Pessoa,1,4,0.0,0.0,0.0,0.0,1.0,1.0,1.0,1.0,1.0,1.0,0.0,0.0,60.0,0
25130455,EMEI BILINGUE DOM JOSE MARIA PIRES,2507507,João Pessoa,1,3,0.0,0.0,0.0,0.0,1.0,1.0,1.0,1.0,1.0,1.0,1.0,0.0,12.0,--
25130480,CELP COLEGIO E CURSO,2507507,João Pessoa,1,4,0.0,0.0,0.0,0.0,1.0,0.0,1.0,1.0,1.0,0.0,0.0,0.0,0.0,--
25130498,ESCOLA PARAISO DA CRIANCA,2507507,João Pessoa,1,4,0.0,0.0,0.0,0.0,1.0,0.0,1.0,1.0,0.0,0.0,0.0,0.0,6.0,0
25130579,EM DEPUTADO EDME TAVARES DE ALBUQUERQUE,2507507,João Pessoa,1,3,0.0,0.0,0.0,0.0,1.0,1.0,1.0,1.0,1.0,0.0,0.0,0.0,15.0,0.8
25130730,SECULO COLEGIO E CURSO,2507507,João Pessoa,1,4,0.0,0.0,0.0,0.0,1.0,0.0,1.0,1.0,1.0,1.0,1.0,0.0,15.0,0
25130811,EDUCANDARIO DIVINO PAI ETERNO,2507507,João Pessoa,1,4,0.0,0.0,0.0,0.0,1.0,0.0,1.0,1.0,0.0,0.0,0.0,0.0,0.0,--
25130978,ESCOLA LIDERANCA,2507507,João Pessoa,1,4,0.0,0.0,0.0,0.0,1.0,0.0,1.0,1.0,1.0,0.0,0.0,0.0,0.0,--
25131010,EM DEPUTADO JOACIL DE BRITO PEREIRA,2507507,João Pessoa,1,3,0.0,0.0,0.0,0.0,1.0,1.0,1.0,1.0,1.0,0.0,1.0,0.0,20.0,0
25131036,INTENSIVO SERVICOS EDUCACIONAIS EIRELI,2507507,João Pessoa,1,4,0.0,0.0,0.0,0.0,1.0,0.0,1.0,1.0,0.0,0.0,0.0,0.0,24.0,0
25131079,INSTITUTO EDUCACIONAL GENESIS,2507507,João Pessoa,1,4,0.0,0.0,0.0,0.0,1.0,0.0,1.0,1.0,0.0,0.0,0.0,0.0,0.0,0
25131109,IMPACTTUS COLEGIO E CURSO,2507507,João Pessoa,1,4,0.0,0.0,0.0,0.0,1.0,0.0,1.0,1.0,1.0,1.0,0.0,0.0,10.0,0
25131133,COLEGIO MUNDO KIDS,2507507,João Pessoa,1,4,0.0,0.0,0.0,0.0,1.0,0.0,1.0,1.0,0.0,0.0,0.0,0.0,8.0,0
25131141,CENTRO EDUCACIONAL PARAISO DA CRIANCA,2507507,João Pessoa,1,4,0.0,0.0,0.0,0.0,1.0,0.0,1.0,1.0,0.0,0.0,0.0,0.0,0.0,0.7
25131168,ESCOLA VILA EDUCACAO INFANTIL E ENSINO FUNDAMENTAL EIRELI,2507507,João Pessoa,1,4,0.0,0.0,0.0,0.0,1.0,0.0,1.0,1.0,1.0,0.0,0.0,0.0,13.0,0
25131419,CENTRO EDUCACIONAL DA ASSEMBLEIA DE DEUS NA PARAIBA - CEAD,2507507,João Pessoa,1,4,0.0,0.0,0.0,0.0,1.0,0.0,1.0,1.0,1.0,0.0,0.0,0.0,6.0,0
25132059,ALGORITMO COLEGIO E CURSO,2507507,João Pessoa,1,4,0.0,0.0,0.0,0.0,1.0,0.0,1.0,1.0,1.0,1.0,1.0,0.0,20.0,--
25132202,SABER INSTITUTO EDUCACIONAL,2507507,João Pessoa,1,4,0.0,0.0,0.0,0.0,1.0,0.0,1.0,1.0,0.0,0.0,0.0,0.0,8.0,--
25132350,SISTEMA DE ENSINO META LTDA,2507507,João Pessoa,1,4,0.0,0.0,0.0,0.0,1.0,0.0,1.0,1.0,1.0,0.0,0.0,0.0,22.0,0
25132369,JANIO DE SA BRAGA FILHO,2507507,João Pessoa,1,4,0.0,0.0,0.0,0.0,1.0,1.0,1.0,1.0,1.0,1.0,0.0,0.0,20.0,0
25132512,CENTRO DE DESENVOLVIMENTO INFANTIL RISOS KIDS,2507507,João Pessoa,1,4,0.0,0.0,0.0,0.0,1.0,0.0,1.0,1.0,1.0,0.0,0.0,0.0,0.0,0
25132598,COLEGIO BATISTA BRASIL - PRAIA - JOAO PESSOA,2507507,João Pessoa,1,4,0.0,0.0,0.0,0.0,1.0,0.0,1.0,1.0,1.0,1.0,1.0,0.0,20.0,0
25132644,INSTITUTO EDUCACIONAL CRESCER,2507507,João Pessoa,1,4,0.0,0.0,0.0,0.0,1.0,0.0,1.0,1.0,1.0,0.0,0.0,0.0,0.0,0
25132687,COLEGIO LIMA BANDEIRA LIDERA,2507507,João Pessoa,1,4,0.0,0.0,0.0,0.0,1.0,0.0,1.0,1.0,1.0,1.0,1.0,0.0,15.0,--
25132776,COLEGIO VIP QI KIDS,2507507,João Pessoa,1,4,0.0,0.0,0.0,0.0,1.0,0.0,1.0,1.0,0.0,0.0,0.0,0.0,12.0,--
25132865,COLEGIO MASTER BAIRRO DOS ESTADOS,2507507,João Pessoa,1,4,0.0,0.0,0.0,0.0,1.0,1.0,1.0,1.0,0.0,0.0,0.0,0.0,13.0,0
25132881,EM ANTONIA LUCIA NAVARRO BRAGA,2507507,João Pessoa,1,3,0.0,0.0,0.0,0.0,1.0,1.0,1.0,1.0,1.0,1.0,1.0,0.0,13.0,0.6
25133012,COLEGIO VILA LTDA,2507507,João Pessoa,1,4,0.0,0.0,0.0,0.0,1.0,0.0,1.0,1.0,1.0,1.0,1.0,0.0,43.0,0
25133047,KAIROS EPITACIO COLEGIO LTDA ME,2507507,João Pessoa,1,4,0.0,0.0,0.0,0.0,1.0,0.0,1.0,1.0,1.0,1.0,0.0,0.0,10.0,--
25133250,ESCOLA MUNDO MAGICO LTDA,2507507,João Pessoa,1,4,0.0,0.0,0.0,0.0,1.0,0.0,1.0,1.0,0.0,0.0,0.0,0.0,1.0,0.9
25133357,ESCOLA CRESCER,2507507,João Pessoa,1,4,0.0,0.0,0.0,0.0,1.0,1.0,1.0,1.0,1.0,1.0,1.0,0.0,7.0,2.5
25133454,CENTRO DE EDUCACAO MDW,2507507,João Pessoa,1,4,0.0,0.0,0.0,0.0,1.0,0.0,1.0,1.0,1.0,1.0,0.0,0.0,7.0,--
25133500,CENTRO PESSOENSE DE EDUCACAO LTDA - AMBIENTAL,2507507,João Pessoa,1,4,0.0,0.0,0.0,0.0,1.0,0.0,1.0,1.0,1.0,1.0,0.0,0.0,60.0,0
25133560,EM ANTONIO NOMINANDO DINIZ,2507507,João Pessoa,1,3,0.0,0.0,0.0,0.0,1.0,1.0,1.0,1.0,1.0,0.0,0.0,1.0,0.0,--
25133667,ESCOLA TECNICA ESTADUAL DE ARTES TECNOLOGIA E ECONOMIA CRIATIVA POETA JUCA PONTES,2507507,João Pessoa,1,2,0.0,0.0,0.0,0.0,1.0,1.0,1.0,1.0,1.0,1.0,0.0,0.0,12.0,--
25133748,ISO COLEGIO E CURSOS - UNIDADE SUL,2507507,João Pessoa,1,4,0.0,0.0,0.0,0.0,1.0,0.0,1.0,1.0,1.0,0.0,0.0,0.0,46.0,0.4
25133829,ESCOLA LIDERANCA,2507507,João Pessoa,1,4,0.0,0.0,0.0,0.0,1.0,0.0,1.0,1.0,0.0,0.0,0.0,0.0,0.0,0
25133837,ESCOLA INFANTIL LAPIS MAGICO,2507507,João Pessoa,1,4,0.0,0.0,0.0,0.0,1.0,0.0,1.0,1.0,0.0,0.0,0.0,0.0,0.0,0.7
25133845,SISTEMA DE ENSINO PRIMEIROS PASSOS KIDS,2507507,João Pessoa,1,4,0.0,0.0,0.0,0.0,1.0,0.0,1.0,1.0,0.0,0.0,0.0,0.0,7.0,0
25133853,CENTRO EDUCACIONAL EVOLUIR - CRUZ DAS ARMAS,2507507,João Pessoa,1,4,0.0,0.0,0.0,0.0,1.0,0.0,1.0,1.0,0.0,0.0,0.0,0.0,0.0,0.5
25133861,COLEGIO GGE,2507507,João Pessoa,1,4,0.0,0.0,0.0,0.0,1.0,1.0,1.0,1.0,1.0,1.0,0.0,0.0,48.0,0
25133950,COLEGIO NOVO TEMPO,2507507,João Pessoa,1,4,0.0,0.0,0.0,0.0,1.0,0.0,1.0,1.0,0.0,0.0,0.0,0.0,0.0,0
25133985,CENTRO DE ENSINO HBS LTDA,2507507,João Pessoa,1,4,0.0,0.0,0.0,0.0,1.0,0.0,1.0,1.0,0.0,0.0,0.0,0.0,6.0,1.3
25134027,HBE COLEGIO E CURSO,2507507,João Pessoa,1,4,0.0,0.0,0.0,0.0,1.0,1.0,1.0,1.0,0.0,1.0,0.0,0.0,14.0,0
25134248,CENTRO EDUCACIONAL ANDRE LUIZ,2507507,João Pessoa,1,4,0.0,0.0,0.0,0.0,1.0,0.0,1.0,1.0,0.0,0.0,0.0,0.0,0.0,--
25134434,ESCOLA HBJP,2507507,João Pessoa,1,4,0.0,0.0,0.0,0.0,1.0,1.0,1.0,1.0,0.0,0.0,0.0,0.0,10.0,0
25134736,EM PROFESSOR ABRAAO ALVES DE CARVALHO,2507507,João Pessoa,1,3,0.0,0.0,0.0,0.0,1.0,1.0,1.0,1.0,1.0,0.0,0.0,0.0,0.0,0.3
25134787,COLEGIO DESPERTAR LTDA,2507507,João Pessoa,1,4,0.0,0.0,0.0,0.0,1.0,0.0,1.0,1.0,1.0,0.0,0.0,0.0,0.0,0
25134914,REITZEL CENTRO EDUCACIONAL,2507507,João Pessoa,1,4,0.0,0.0,0.0,0.0,1.0,0.0,1.0,1.0,1.0,0.0,0.0,0.0,6.0,--
25134965,INSTITUTO EDUCACIONAL SUCESSO,2507507,João Pessoa,1,4,0.0,0.0,0.0,0.0,1.0,0.0,1.0,1.0,0.0,0.0,0.0,1.0,10.0,--
25135619,AGAPE SERVICO DE ENSINO LTDA,2507507,João Pessoa,1,4,0.0,0.0,0.0,0.0,1.0,0.0,1.0,1.0,1.0,0.0,1.0,0.0,15.0,0
25135643,COLEGIO MONTE REAL,2507507,João Pessoa,1,4,0.0,0.0,0.0,0.0,1.0,0.0,1.0,1.0,1.0,0.0,0.0,0.0,14.0,0
25135694,COLEGIO E CURSO LINK,2507507,João Pessoa,1,4,0.0,0.0,0.0,0.0,1.0,0.0,1.0,1.0,0.0,0.0,0.0,0.0,9.0,1.9
25139401,EM PROFESSORA ANAYDE BEIRIZ,2507507,João Pessoa,1,3,0.0,0.0,0.0,0.0,1.0,1.0,1.0,1.0,1.0,0.0,0.0,0.0,24.0,0
25145207,CENTRO EDUCACIONAL CAUE,2507507,João Pessoa,1,4,0.0,0.0,0.0,0.0,1.0,0.0,1.0,1.0,1.0,1.0,0.0,0.0,12.0,0
25145800,INSTITUTO ANJINHO AZUL,2507507,João Pessoa,1,4,0.0,0.0,0.0,0.0,1.0,0.0,1.0,1.0,1.0,0.0,0.0,0.0,9.0,--
25146807,CENTRO EDUCACIONAL CENECISTA PROFESSOR FELIPE TIAGO GOMES,2507507,João Pessoa,1,4,0.0,0.0,0.0,0.0,1.0,0.0,1.0,1.0,1.0,0.0,1.0,0.0,8.0,--
25147005,INSTITUTO EDUCACIONAL G I LTDA,2507507,João Pessoa,1,4,0.0,0.0,0.0,0.0,1.0,0.0,1.0,1.0,0.0,0.0,0.0,0.0,13.0,0
25148001,COLEGIO GERACAO CRIATIVA,2507507,João Pessoa,1,4,0.0,0.0,0.0,0.0,1.0,0.0,1.0,1.0,0.0,0.0,0.0,0.0,0.0,0
25149806,EM JORNALISTA RAIMUNDO NONATO BATISTA,2507507,João Pessoa,1,3,0.0,0.0,0.0,0.0,1.0,1.0,1.0,1.0,1.0,1.0,1.0,0.0,15.0,0
25152009,ESCOLA COMUNITARIA EBENEZER,2507507,João Pessoa,1,4,0.0,0.0,0.0,0.0,1.0,0.0,1.0,1.0,1.0,0.0,0.0,0.0,0.0,--
25153811,JOAO MACHADO COLEGIO E CURSO,2507507,João Pessoa,1,4,0.0,0.0,0.0,0.0,1.0,0.0,1.0,1.0,1.0,0.0,1.0,0.0,22.0,0
25153820,CARL ROGERS - CENTRO DE EDUCACAO,2507507,João Pessoa,1,4,0.0,0.0,0.0,0.0,1.0,0.0,1.0,1.0,1.0,1.0,1.0,0.0,8.0,0
25154001,JOAO MACHADO COLEGIO E CURSO BESSA,2507507,João Pessoa,1,4,0.0,0.0,0.0,0.0,1.0,0.0,1.0,1.0,1.0,0.0,1.0,0.0,23.0,0
25154010,INSTITUTO DE EDUCACAO SARAH KALLEY,2507507,João Pessoa,1,4,0.0,0.0,0.0,0.0,1.0,0.0,1.0,1.0,1.0,0.0,0.0,0.0,6.0,0
25175807,COLEGIO SHAMAH,2507507,João Pessoa,1,4,0.0,0.0,0.0,0.0,1.0,0.0,1.0,1.0,0.0,0.0,0.0,0.0,6.0,0
25186809,INSTITUTO EDUCACIONAL LAPIS NA MAO,2507507,João Pessoa,1,4,0.0,0.0,0.0,0.0,1.0,0.0,1.0,1.0,1.0,0.0,0.0,0.0,5.0,2
25202804,CENTRO EDUCACIONAL DE ENSINO PENIEL,2507507,João Pessoa,1,4,0.0,0.0,0.0,0.0,1.0,0.0,1.0,1.0,1.0,0.0,0.0,0.0,4.0,0
25254952,COLEGIO DO BETEL BRASILEIRO,2507507,João Pessoa,1,4,0.0,0.0,0.0,0.0,1.0,0.0,1.0,1.0,1.0,0.0,0.0,0.0,5.0,--
25258940,EM PROFESSOR AFONSO PEREIRA DA SILVA,2507507,João Pessoa,1,3,0.0,0.0,0.0,0.0,1.0,1.0,1.0,1.0,1.0,0.0,0.0,0.0,23.0,2.1
25266942,COLEGIO MUNDO DAS LETRAS E EXATO COLEGIO E CURSOS,2507507,João Pessoa,1,4,0.0,0.0,0.0,0.0,1.0,0.0,1.0,1.0,1.0,1.0,0.0,0.0,24.0,0
25290924,CENTRO EDUCACIONAL PRINCIPE DA PAZ,2507507,João Pessoa,1,4,0.0,0.0,0.0,0.0,1.0,0.0,1.0,1.0,1.0,0.0,0.0,0.0,1.0,0
25301926,INSTITUTO DE EDUCACAO DOCE MAE DE DEUS,2507507,João Pessoa,1,4,0.0,0.0,0.0,0.0,1.0,0.0,1.0,1.0,1.0,0.0,0.0,0.0,15.0,0
25306936,ESCOLA INTERNACIONAL CIDADE VIVA,2507507,João Pessoa,1,4,0.0,0.0,0.0,0.0,1.0,1.0,1.0,1.0,1.0,1.0,1.0,0.0,30.0,0
25082272,ECI DOM ADAUTO,2507606,Juarez Távora,1,2,0.0,0.0,0.0,0.0,1.0,1.0,1.0,1.0,1.0,0.0,0.0,0.0,0.0,--
25082302,ESCOLA MUNICIPAL DO ENSINO INFANTIL E FUNDAMENTAL JOSE AUGUSTO DE LIRA,2507606,Juarez Távora,1,3,0.0,0.0,0.0,0.0,1.0,1.0,1.0,1.0,1.0,0.0,1.0,0.0,0.0,0
25082337,EMEF LUIS RIBEIRO COUTINHO,2507606,Juarez Távora,1,3,0.0,0.0,0.0,0.0,1.0,1.0,1.0,1.0,1.0,1.0,1.0,0.0,0.0,--
25082345,ESCOLA MUNICIPAL DO ENSINO INFANTIL E FUNDAMENTAL EUDOCIA GARCIA FIGUEIREDO,2507606,Juarez Távora,1,3,0.0,0.0,0.0,0.0,0.0,1.0,0.0,1.0,0.0,0.0,0.0,0.0,0.0,0
25082353,ESCOLA MUNICIPAL DO ENSINO INFANTIL E FUNDAMENTAL PADRE AZEVEDO,2507606,Juarez Távora,2,3,1.0,0.0,0.0,0.0,1.0,1.0,1.0,1.0,0.0,0.0,0.0,1.0,0.0,0
25082361,ESCOLA MUNICIPAL DO ENSINO INFANTIL E FUNDAMENTAL CICERA MENDONCA DE ARAUJO,2507606,Juarez Távora,1,3,0.0,0.0,0.0,0.0,1.0,1.0,1.0,1.0,0.0,0.0,0.0,0.0,0.0,0
25082370,ESCOLA MUNICIPAL DO ENSINO INFANTIL E FUNDAMENTAL MANOEL FELIX DE OLIVEIRA,2507606,Juarez Távora,2,3,0.0,0.0,0.0,0.0,1.0,1.0,1.0,1.0,0.0,0.0,1.0,0.0,0.0,0
25082418,ESCOLA MUNICIPAL DO ENSINO INFANTIL E FUNDAMENTAL MANOEL PEREIRA DA SILVA,2507606,Juarez Távora,2,3,0.0,0.0,0.0,0.0,1.0,1.0,1.0,1.0,0.0,0.0,1.0,0.0,0.0,0
25082442,ESCOLA MUNICIPAL DO ENSINO INFANTIL E FUNDAMENTAL MANOEL MENDES DA ROCHA,2507606,Juarez Távora,1,3,0.0,0.0,0.0,0.0,1.0,1.0,1.0,1.0,1.0,0.0,0.0,0.0,0.0,0
25082469,ESCOLA MUNIC DO ENS INFANTIL E FUNDAMENTAL NOSSA SENHORA DA CONCEICAO,2507606,Juarez Távora,2,3,0.0,0.0,0.0,0.0,1.0,1.0,1.0,1.0,0.0,0.0,1.0,0.0,0.0,0
25112112,CENTRO EDUCACIONAL DE JUAREZ TAVORA,2507606,Juarez Távora,1,4,0.0,0.0,0.0,0.0,1.0,0.0,1.0,1.0,1.0,0.0,0.0,0.0,8.0,0
25132652,NATALIA PEREIRA DE FIGUEIREDO ALVES,2507606,Juarez Távora,1,4,0.0,0.0,0.0,0.0,1.0,0.0,1.0,1.0,0.0,0.0,0.0,1.0,8.0,0
25041428,ESC MUN ENS FUND SEVERINO MARINHEIRO,2507705,Juazeirinho,1,3,0.0,0.0,0.0,0.0,1.0,1.0,1.0,1.0,1.0,0.0,1.0,0.0,22.0,0
25041525,ECIT DEPUTADO GENIVAL MATIAS,2507705,Juazeirinho,1,2,0.0,0.0,0.0,0.0,0.0,1.0,1.0,1.0,0.0,0.0,0.0,0.0,0.0,--
25041665,EMEF FCO JOSE DO NASCIMENTO,2507705,Juazeirinho,2,3,0.0,0.0,0.0,0.0,1.0,1.0,1.0,0.0,0.0,0.0,1.0,1.0,0.0,0
25041800,ESC MUL ENS FUND FREI DAMIAO,2507705,Juazeirinho,1,3,0.0,0.0,0.0,0.0,1.0,1.0,1.0,1.0,1.0,0.0,0.0,0.0,6.0,0
25041983,ESC MUL ENS FUND JOSE ANANIAS APOLINARIO,2507705,Juazeirinho,2,3,0.0,0.0,0.0,0.0,1.0,1.0,1.0,1.0,0.0,0.0,0.0,1.0,0.0,0
25042076,EMEF VITALINO BARTOLOMEU,2507705,Juazeirinho,2,3,0.0,0.0,0.0,0.0,1.0,1.0,1.0,1.0,0.0,0.0,0.0,0.0,4.0,0
25042084,ESCOLA MUNICIPAL DE ENSINO FUNDAMENTAL ANTONIO CARLOS DE MORAIS,2507705,Juazeirinho,2,3,0.0,0.0,0.0,0.0,1.0,1.0,1.0,1.0,0.0,0.0,1.0,0.0,4.0,1
25042165,EMEF JOAO ARAUJO,2507705,Juazeirinho,2,3,0.0,0.0,0.0,0.0,1.0,1.0,1.0,1.0,0.0,0.0,1.0,1.0,0.0,0
25042181,ESCOLA MUNICIPAL DE ENSINO FUNDAMENTAL JOAQUIM MEDEIROS,2507705,Juazeirinho,1,3,0.0,0.0,0.0,0.0,1.0,1.0,1.0,1.0,1.0,0.0,0.0,0.0,5.0,0
25042190,EMEF JOSE PEIXE,2507705,Juazeirinho,2,3,0.0,0.0,0.0,0.0,1.0,1.0,1.0,1.0,0.0,0.0,0.0,0.0,0.0,0
25042211,ESC MUL ENS FUND MIGUEL LUCINDO,2507705,Juazeirinho,2,3,0.0,0.0,0.0,0.0,1.0,1.0,1.0,0.0,0.0,0.0,1.0,1.0,0.0,0
25042238,EMEF FRANCISCA NUNES PEREIRA,2507705,Juazeirinho,2,3,0.0,0.0,0.0,0.0,1.0,1.0,1.0,0.0,0.0,0.0,0.0,1.0,0.0,0
25104446,EMEF PADRE CICERO,2507705,Juazeirinho,2,3,0.0,0.0,0.0,0.0,1.0,1.0,1.0,1.0,1.0,0.0,0.0,0.0,0.0,0
25108638,ESCOLA PARTICULAR NOSSA SENHORA DE FATIMA,2507705,Juazeirinho,1,4,0.0,0.0,0.0,0.0,1.0,0.0,1.0,0.0,0.0,0.0,0.0,1.0,0.0,16.7
25118358,EEEFM DEPUTADO PEDRO PASCOAL DE OLIVEIRA,2507705,Juazeirinho,1,2,0.0,0.0,0.0,0.0,1.0,1.0,1.0,0.0,0.0,0.0,0.0,0.0,0.0,--
25132911,ESCOLA MUNICIPAL DE EDUCACAO INFANTIL E ENSINO FUNDAMENTAL LUIZ GONZAGA BURITY,2507705,Juazeirinho,1,3,0.0,0.0,0.0,0.0,1.0,1.0,1.0,1.0,0.0,0.0,0.0,1.0,5.0,0
25134558,ESCOLA ESPACO CRESCER,2507705,Juazeirinho,1,4,0.0,0.0,0.0,0.0,1.0,0.0,1.0,1.0,0.0,0.0,0.0,0.0,0.0,--
25038460,EMEIEFM SANTO ONOFRE,2507804,Junco do Seridó,1,3,0.0,0.0,0.0,0.0,1.0,1.0,1.0,1.0,1.0,1.0,1.0,0.0,16.0,0
25038478,ECIT EZEQUIEL FERNANDES,2507804,Junco do Seridó,1,2,0.0,0.0,0.0,0.0,0.0,1.0,1.0,0.0,0.0,0.0,0.0,1.0,0.0,--
25038648,EMEIEF JOSE MARIANO DA NOBREGA,2507804,Junco do Seridó,2,3,0.0,0.0,0.0,0.0,1.0,1.0,1.0,1.0,0.0,0.0,1.0,0.0,5.0,0
25038729,ESCOLA MUNICIPAL DE EDUCACAO INFANTIL ENSINO FUNDAMENTAL CASTELO BRANCO,2507804,Junco do Seridó,2,3,0.0,0.0,0.0,0.0,1.0,1.0,1.0,1.0,0.0,0.0,0.0,0.0,9.0,0
25108875,ESCOLA ESTRELA DA MANHA,2507804,Junco do Seridó,1,4,0.0,0.0,0.0,0.0,1.0,0.0,1.0,1.0,0.0,0.0,0.0,0.0,0.0,0
25111744,ESCOLA PEQUENO PRINCIPE,2507804,Junco do Seridó,1,4,0.0,0.0,0.0,0.0,1.0,0.0,1.0,1.0,1.0,0.0,0.0,0.0,0.0,0
25132938,ESCOLA MUNICIPAL DE ENSINO FUNDAMENTAL JOSE PEREIRA DE MELO,2507804,Junco do Seridó,1,3,0.0,0.0,0.0,0.0,1.0,1.0,1.0,1.0,0.0,0.0,0.0,0.0,7.0,0
25088785,ECIT TEONAS DA CUNHA CAVALCANTI,2507903,Juripiranga,1,2,0.0,0.0,0.0,0.0,1.0,1.0,1.0,1.0,1.0,1.0,1.0,0.0,10.0,--
25088793,EEEFM DEMETRIO TOLEDO,2507903,Juripiranga,1,2,0.0,0.0,0.0,0.0,1.0,1.0,1.0,1.0,0.0,0.0,0.0,0.0,0.0,0
25088815,E M E I F JOSEFA ALEXANDRINA DA SILVA,2507903,Juripiranga,1,3,0.0,0.0,0.0,0.0,1.0,1.0,1.0,1.0,1.0,0.0,1.0,0.0,5.0,0
25088823,EMEF MARIA JOSE BORBA,2507903,Juripiranga,1,3,0.0,0.0,0.0,0.0,1.0,1.0,1.0,1.0,1.0,0.0,1.0,0.0,11.0,0
25088858,EMEIF JOSE ABDON DE QUEIROZ,2507903,Juripiranga,2,3,0.0,0.0,0.0,0.0,1.0,1.0,1.0,1.0,0.0,0.0,0.0,0.0,1.0,0
25088874,ESC MUL DE ENS INF E FUN TEONAS DA CUNHA CAVALCANTE,2507903,Juripiranga,2,3,0.0,0.0,0.0,0.0,1.0,1.0,1.0,1.0,0.0,0.0,0.0,0.0,1.0,0
25088904,ESCOLA MUN DE ENS INFANTIL E FUNDAMENTAL VEREADOR JOSE GRIMAUDO TAVARES,2507903,Juripiranga,1,3,0.0,0.0,0.0,0.0,1.0,1.0,1.0,1.0,1.0,0.0,1.0,0.0,8.0,0
25088912,ESC MUN ENS INF E FUND SALVINO JOAO PEREIRA,2507903,Juripiranga,1,3,0.0,0.0,0.0,0.0,1.0,1.0,1.0,1.0,1.0,1.0,1.0,0.0,13.0,--
25118889,ESCOLA DO SABER,2507903,Juripiranga,1,4,0.0,0.0,0.0,0.0,1.0,0.0,1.0,1.0,1.0,0.0,0.0,0.0,0.0,0
25123378,UNIDADE ESCOLAR RECANTO FELIZ,2507903,Juripiranga,1,4,0.0,0.0,0.0,0.0,1.0,0.0,1.0,1.0,1.0,0.0,0.0,0.0,2.0,0
25123386,COLEGIO OPCAO,2507903,Juripiranga,1,4,0.0,0.0,0.0,0.0,1.0,0.0,1.0,1.0,1.0,0.0,0.0,0.0,0.0,0
25034820,EEEF AMERICA FLORENTINO,2508000,Juru,1,2,0.0,0.0,0.0,0.0,1.0,1.0,1.0,1.0,1.0,1.0,0.0,0.0,0.0,--
25034839,ECIT ARLINDA PESSOA DA SILVA,2508000,Juru,2,2,0.0,0.0,0.0,0.0,0.0,1.0,1.0,0.0,0.0,0.0,0.0,1.0,10.0,--
25034855,EMEIEF CORNELIO DE SOUZA NASCIMENTO,2508000,Juru,2,3,0.0,0.0,0.0,0.0,1.0,1.0,1.0,1.0,1.0,0.0,0.0,0.0,7.0,0
25035193,EMEIF LUIZ DE SOUSA BRASIL,2508000,Juru,2,3,0.0,0.0,0.0,0.0,1.0,1.0,1.0,1.0,0.0,0.0,0.0,0.0,0.0,0
25035207,EMEIF MANOEL BARBOSA,2508000,Juru,2,3,0.0,0.0,0.0,0.0,1.0,1.0,1.0,1.0,1.0,0.0,0.0,0.0,0.0,0
25035231,EMEIF POSSIDONIO DA COSTA VERAS,2508000,Juru,2,3,0.0,0.0,0.0,0.0,1.0,1.0,1.0,1.0,1.0,0.0,0.0,0.0,0.0,0
25035398,EMEIF POLONORDESTE,2508000,Juru,2,3,0.0,0.0,0.0,0.0,1.0,1.0,1.0,1.0,0.0,0.0,0.0,0.0,0.0,0
25111698,EMEIF ANTONIO ALVES DA SILVA,2508000,Juru,1,3,0.0,0.0,0.0,0.0,1.0,1.0,1.0,1.0,1.0,0.0,0.0,0.0,1.0,0
25132105,EMEIF DONA ADGINA PIRES RAMOS,2508000,Juru,1,3,0.0,0.0,0.0,0.0,1.0,1.0,1.0,1.0,0.0,0.0,0.0,0.0,6.0,--
25003038,EEEFM MONSENHOR VALERIANO PEREIRA,2508109,Lagoa,1,2,0.0,0.0,0.0,0.0,1.0,1.0,1.0,1.0,1.0,0.0,1.0,0.0,0.0,--
25003054,ECI FREI BRUNO,2508109,Lagoa,1,2,0.0,0.0,0.0,0.0,1.0,1.0,1.0,1.0,1.0,1.0,1.0,0.0,0.0,--
25003100,EM DE ACUDINHO,2508109,Lagoa,2,3,0.0,0.0,0.0,0.0,1.0,1.0,1.0,1.0,0.0,0.0,0.0,1.0,0.0,0
25003119,EM DE CANTINHO,2508109,Lagoa,2,3,1.0,0.0,0.0,0.0,1.0,1.0,1.0,1.0,0.0,0.0,0.0,0.0,0.0,0
25003151,E M MANOEL JUVENCIO FILHO,2508109,Lagoa,2,3,0.0,0.0,0.0,0.0,1.0,1.0,1.0,1.0,0.0,0.0,0.0,1.0,0.0,0
25003232,E M MARGARIDA CARDOSO,2508109,Lagoa,1,3,0.0,0.0,0.0,0.0,1.0,1.0,1.0,1.0,1.0,0.0,0.0,0.0,6.0,1.8
25003321,E M MARTIM ANTONIO DE OLIVEIRA,2508109,Lagoa,2,3,0.0,0.0,0.0,0.0,1.0,1.0,1.0,1.0,0.0,0.0,0.0,0.0,0.0,7.7
25254928,EMEF AMADEU JOSE DE ALMEIDA,2508109,Lagoa,1,3,0.0,0.0,0.0,0.0,1.0,1.0,1.0,1.0,0.0,0.0,0.0,0.0,8.0,--
25069357,ECIT IVAN BICHARA SOBREIRA,2508208,Lagoa de Dentro,1,2,0.0,0.0,0.0,0.0,0.0,1.0,1.0,0.0,0.0,0.0,0.0,1.0,0.0,--
25069373,EEEFM GETULIO VARGAS,2508208,Lagoa de Dentro,1,2,0.0,0.0,0.0,0.0,1.0,1.0,1.0,1.0,0.0,0.0,0.0,0.0,0.0,--
25069411,ESC ENS FUND MENINO JESUS,2508208,Lagoa de Dentro,1,4,0.0,0.0,0.0,0.0,1.0,0.0,1.0,1.0,0.0,0.0,0.0,0.0,0.0,0
25069446,EMEIF PROFESSORA ANTONIA COELHO PEREIRA,2508208,Lagoa de Dentro,1,3,0.0,0.0,0.0,0.0,1.0,1.0,1.0,1.0,1.0,0.0,0.0,0.0,9.0,1.1
25069454,EMEF PROFESSOR JOAO DE FREITAS FILHO,2508208,Lagoa de Dentro,2,3,0.0,0.0,0.0,0.0,1.0,1.0,1.0,1.0,1.0,0.0,0.0,0.0,2.0,0
25069497,EMEF PROFESSORA BERNADETE ALVES DA COSTA,2508208,Lagoa de Dentro,2,3,0.0,0.0,0.0,0.0,1.0,1.0,1.0,0.0,0.0,0.0,0.0,0.0,0.0,0
25069519,EMEF ALFREDO CHAVES,2508208,Lagoa de Dentro,1,3,0.0,0.0,0.0,0.0,1.0,1.0,1.0,1.0,1.0,0.0,0.0,0.0,6.0,--
25069543,EMEF PROFESSORA MARIA DAS NEVES LISBOA DE MATOS,2508208,Lagoa de Dentro,2,3,0.0,0.0,0.0,0.0,1.0,1.0,0.0,1.0,0.0,0.0,0.0,0.0,0.0,0
25069551,EMEF JOAO VERISSIMO,2508208,Lagoa de Dentro,2,3,0.0,0.0,0.0,0.0,1.0,1.0,1.0,1.0,1.0,0.0,0.0,0.0,0.0,0
25069578,EMEF MANOEL ADELAIDE,2508208,Lagoa de Dentro,2,3,0.0,0.0,0.0,0.0,1.0,1.0,1.0,1.0,0.0,0.0,0.0,0.0,1.0,0
25069586,EMEF MIGUEL PEREIRA,2508208,Lagoa de Dentro,2,3,0.0,0.0,0.0,0.0,1.0,1.0,1.0,1.0,0.0,0.0,1.0,0.0,0.0,0
25069594,EMEF PORFIRIO FLOR,2508208,Lagoa de Dentro,2,3,0.0,0.0,0.0,0.0,1.0,1.0,1.0,1.0,0.0,0.0,0.0,0.0,0.0,0
25120336,EMEF PROF MARIA BERNADETE ADELAIDE,2508208,Lagoa de Dentro,1,3,0.0,0.0,0.0,0.0,1.0,1.0,1.0,1.0,1.0,0.0,0.0,0.0,5.0,0
25121014,EMEF JOSE ANTONIO DE SOUZA,2508208,Lagoa de Dentro,2,3,0.0,0.0,0.0,0.0,1.0,1.0,1.0,1.0,0.0,0.0,0.0,1.0,0.0,0
25077740,EMEIEF DEOCLECIANO CARNEIRO MACHADO RIOS,2508307,Lagoa Seca,2,3,0.0,0.0,0.0,0.0,1.0,1.0,1.0,1.0,0.0,0.0,0.0,0.0,0.0,0
25077759,ECIT FRANCISCA MARTINIANO DA ROCHA,2508307,Lagoa Seca,1,2,0.0,0.0,0.0,0.0,1.0,1.0,1.0,1.0,1.0,1.0,1.0,0.0,15.0,--
25077775,EMEIEF JOSE ANDRE DA ROCHA,2508307,Lagoa Seca,2,3,0.0,0.0,0.0,0.0,1.0,1.0,1.0,1.0,1.0,0.0,0.0,0.0,1.0,0
25077783,EMEIEF ANTONIO FELIX DE ARAUJO,2508307,Lagoa Seca,2,3,0.0,0.0,0.0,0.0,1.0,1.0,1.0,1.0,1.0,0.0,0.0,0.0,0.0,0
25077813,EMEIEF ANTONIO DEMETRIO CASSIANO,2508307,Lagoa Seca,2,3,0.0,0.0,0.0,0.0,1.0,1.0,1.0,1.0,1.0,0.0,0.0,0.0,0.0,0
25077821,EMEIEF FREI DAGOBERTO,2508307,Lagoa Seca,2,3,0.0,0.0,0.0,0.0,1.0,1.0,1.0,1.0,1.0,0.0,0.0,0.0,0.0,0
25077830,EMEIEF FREI MANFREDO,2508307,Lagoa Seca,1,3,0.0,0.0,0.0,0.0,1.0,1.0,1.0,1.0,1.0,0.0,0.0,0.0,0.0,0
25077848,EMEIEF JOSE BATISTA BRANDAO,2508307,Lagoa Seca,2,3,0.0,0.0,0.0,0.0,1.0,1.0,1.0,1.0,1.0,0.0,0.0,0.0,0.0,0
25077864,EMEIEF JOSE MARQUES DE OLIVEIRA,2508307,Lagoa Seca,1,3,0.0,0.0,0.0,0.0,1.0,1.0,1.0,1.0,1.0,0.0,0.0,0.0,0.0,0
25077880,EMEIEF MARIA DA GUIA RAMOS,2508307,Lagoa Seca,1,3,0.0,0.0,0.0,0.0,1.0,1.0,1.0,1.0,1.0,0.0,0.0,0.0,7.0,0
25077902,EMEIEF OLIMPIO RODRIGUES COURA,2508307,Lagoa Seca,2,3,0.0,0.0,0.0,0.0,1.0,1.0,1.0,1.0,0.0,0.0,0.0,0.0,0.0,0
25077929,EMEIEF ABELARDO COUTINHO,2508307,Lagoa Seca,2,3,0.0,0.0,0.0,0.0,1.0,1.0,1.0,1.0,1.0,0.0,0.0,0.0,0.0,0
25077937,EMEIEF ANITA CABRAL,2508307,Lagoa Seca,2,3,0.0,0.0,0.0,0.0,1.0,1.0,1.0,1.0,0.0,0.0,0.0,0.0,0.0,0
25077953,EMEIEF ANTONIO PORTO MARIA,2508307,Lagoa Seca,2,3,0.0,0.0,0.0,0.0,1.0,1.0,1.0,1.0,1.0,0.0,0.0,0.0,0.0,0
25077961,EMEIEF DR TARCISIO ALVES TITO,2508307,Lagoa Seca,2,3,0.0,0.0,0.0,0.0,1.0,1.0,1.0,1.0,0.0,0.0,0.0,0.0,0.0,0
25077970,EMEIEF JOAO LAURENTINO DE CARVALHO,2508307,Lagoa Seca,2,3,0.0,0.0,0.0,0.0,1.0,1.0,1.0,1.0,0.0,0.0,0.0,0.0,0.0,0
25078003,EMEIEF JOSE GOMES,2508307,Lagoa Seca,2,3,0.0,0.0,0.0,0.0,1.0,1.0,1.0,1.0,1.0,0.0,0.0,0.0,0.0,0
25078011,EMEIEF MACHADO DE ASSIS,2508307,Lagoa Seca,2,3,0.0,0.0,0.0,0.0,1.0,1.0,1.0,1.0,1.0,0.0,0.0,0.0,0.0,0
25078020,EMEIEF MANOEL PEREIRA DA SILVA,2508307,Lagoa Seca,2,3,0.0,0.0,0.0,0.0,1.0,1.0,1.0,1.0,1.0,0.0,0.0,0.0,0.0,0
25078038,EMEF SAO SEBASTIAO,2508307,Lagoa Seca,2,3,0.0,0.0,0.0,0.0,1.0,1.0,1.0,1.0,0.0,0.0,0.0,0.0,0.0,0
25078054,EMEIEF ZEZITO RIBEIRO,2508307,Lagoa Seca,2,3,0.0,0.0,0.0,0.0,1.0,1.0,1.0,1.0,0.0,0.0,0.0,0.0,1.0,0
25078062,EMEIEF SEVERINA CANDIDO DOS SANTOS,2508307,Lagoa Seca,2,3,0.0,0.0,0.0,0.0,1.0,1.0,1.0,1.0,0.0,0.0,0.0,0.0,0.0,0
25078089,NUCLEO EDUCACIONAL CECILIA MEIRELES,2508307,Lagoa Seca,1,4,0.0,0.0,0.0,0.0,1.0,0.0,1.0,1.0,1.0,0.0,0.0,0.0,0.0,0
25078100,SOCIEDADE EDUCACIONAL NOVO HORIZONTE,2508307,Lagoa Seca,1,4,0.0,0.0,0.0,0.0,1.0,0.0,1.0,1.0,1.0,0.0,0.0,0.0,2.0,0
25110675,EEIEF SANTA RITA,2508307,Lagoa Seca,1,4,0.0,0.0,0.0,0.0,1.0,0.0,1.0,1.0,1.0,1.0,0.0,0.0,7.0,0
25114794,EEF AGAPE,2508307,Lagoa Seca,1,4,0.0,0.0,0.0,0.0,1.0,0.0,1.0,1.0,1.0,0.0,0.0,0.0,0.0,0
25118773,EMEF IRMAO DAMIAO CLEMENTE,2508307,Lagoa Seca,1,3,0.0,0.0,0.0,0.0,1.0,1.0,1.0,1.0,1.0,1.0,0.0,0.0,8.0,--
25129031,EMEF ISABEL VIEIRA DE ANDRADE,2508307,Lagoa Seca,2,3,0.0,0.0,0.0,0.0,1.0,1.0,1.0,1.0,0.0,0.0,0.0,0.0,0.0,--
25129040,EMEIEF JOSE BATISTA DE OLIVEIRA,2508307,Lagoa Seca,2,3,0.0,0.0,0.0,0.0,1.0,1.0,1.0,0.0,0.0,0.0,0.0,0.0,0.0,0
25014412,ECI NESTORINA ABRANTES,2508406,Lastro,1,2,0.0,0.0,0.0,0.0,1.0,1.0,1.0,1.0,1.0,1.0,1.0,0.0,7.0,--
25014501,EMEIF MARIA JOAQUINA DE ABRANTES,2508406,Lastro,2,3,0.0,0.0,0.0,0.0,1.0,1.0,1.0,1.0,0.0,0.0,0.0,0.0,2.0,0
25014536,EMEIF JOAO TEODORO DE OLIVIERA,2508406,Lastro,2,3,0.0,0.0,0.0,0.0,1.0,1.0,1.0,1.0,1.0,0.0,0.0,0.0,2.0,0
25014560,EMEIF ISRAEL ABRANTES FERREIRA,2508406,Lastro,2,3,0.0,0.0,0.0,0.0,1.0,1.0,1.0,1.0,1.0,0.0,0.0,0.0,3.0,0
25014650,INSTITUTO EDUCACIONAL DE ENSINO FUNDAMENTAL RONALDO GONCALVES SARMENTO,2508406,Lastro,1,3,0.0,0.0,0.0,0.0,1.0,1.0,1.0,1.0,1.0,0.0,0.0,0.0,14.0,0
25045059,ECIT JOAO LELYS,2508505,Livramento,1,2,0.0,0.0,0.0,0.0,1.0,1.0,1.0,1.0,0.0,0.0,0.0,1.0,0.0,--
25045083,EMEF MARIA SALOME DE ALMEIDA,2508505,Livramento,1,3,0.0,0.0,0.0,0.0,1.0,1.0,1.0,1.0,1.0,0.0,1.0,0.0,0.0,0
25045148,EMEF ANTONIO GERMANO NUNES,2508505,Livramento,2,3,0.0,0.0,0.0,0.0,1.0,1.0,1.0,0.0,0.0,0.0,0.0,1.0,0.0,0
25045156,EMEF ANTONIO VILAR DE ARAUJO,2508505,Livramento,2,3,0.0,0.0,0.0,0.0,1.0,1.0,1.0,0.0,1.0,0.0,0.0,1.0,0.0,0
25045164,EMEF APOLONIA MEDEIROS DE BRITO,2508505,Livramento,2,3,3.0,0.0,0.0,0.0,1.0,1.0,1.0,1.0,0.0,0.0,0.0,0.0,0.0,0
25045245,EMEF HILARIO JOSE DE GOUVEIA,2508505,Livramento,2,3,0.0,0.0,0.0,0.0,1.0,1.0,1.0,1.0,0.0,0.0,0.0,1.0,0.0,0
25045253,EMEF JOAO PEREIRA FILHO,2508505,Livramento,2,3,0.0,0.0,0.0,0.0,1.0,1.0,1.0,1.0,0.0,0.0,0.0,1.0,0.0,0
25045261,EMEF JOSE ANTONIO DA NOBREGA,2508505,Livramento,2,3,0.0,0.0,0.0,0.0,1.0,1.0,1.0,0.0,0.0,0.0,0.0,1.0,0.0,0
25045296,EMEF MANOEL PAULINO DE LOIOLA,2508505,Livramento,2,3,0.0,0.0,0.0,0.0,1.0,1.0,1.0,1.0,0.0,0.0,0.0,1.0,0.0,0
25045318,EMEF PROFA GEORGINA J SOUSA,2508505,Livramento,2,3,3.0,0.0,0.0,0.0,1.0,1.0,1.0,1.0,0.0,0.0,0.0,1.0,0.0,0
25118684,EMEF MINISTRO ALCIDES CARNEIRO,2508505,Livramento,1,3,0.0,0.0,0.0,0.0,1.0,1.0,1.0,1.0,1.0,0.0,1.0,0.0,10.0,0
25133225,ESCOLA MUNICIPAL DE ENSINO FUNDAMENTAL PREFEITO RIVALDO VILAR DE CARVALHO,2508505,Livramento,1,3,0.0,0.0,0.0,0.0,1.0,1.0,1.0,1.0,1.0,0.0,1.0,0.0,6.0,--
25067648,E M E I F MANOEL JOAO BARBOSA,2508554,Logradouro,2,3,0.0,0.0,0.0,0.0,1.0,1.0,1.0,1.0,1.0,0.0,0.0,0.0,2.0,0
25067737,ECI PREFEITO JOSE ANTONIO NEVES,2508554,Logradouro,1,2,0.0,0.0,0.0,0.0,1.0,1.0,1.0,1.0,0.0,0.0,0.0,0.0,0.0,--
25067753,EMEIF ANTONIO SOARES DA CRUZ,2508554,Logradouro,2,3,0.0,0.0,0.0,0.0,1.0,1.0,1.0,1.0,1.0,0.0,0.0,0.0,2.0,0
25067788,ESCOLA MUNICIPAL DE ENSINO FUNDAMENTA MARIA ELOI LEITE,2508554,Logradouro,1,3,0.0,0.0,0.0,0.0,1.0,1.0,1.0,1.0,1.0,0.0,0.0,0.0,12.0,0.6
25135260,ESCOLA MUNICIPAL EM TEMPO INTEGRAL OLIVINA CARVALHO DE QUEIROZ,2508554,Logradouro,2,3,0.0,0.0,0.0,0.0,1.0,1.0,1.0,1.0,1.0,0.0,0.0,0.0,7.0,0
25098632,ECIT IZAURA FALCAO DE CARVALHO,2508604,Lucena,1,2,0.0,0.0,0.0,0.0,1.0,1.0,1.0,1.0,0.0,1.0,1.0,0.0,11.0,--
25098667,EMEFEJA AMERICO FALCAO,2508604,Lucena,1,3,0.0,0.0,0.0,0.0,1.0,1.0,1.0,1.0,0.0,0.0,0.0,0.0,20.0,0
25098683,EMEFEJA ANTONIO AURELIO TEIXEIRA DE CARVALHO,2508604,Lucena,1,3,0.0,0.0,0.0,0.0,1.0,1.0,1.0,1.0,0.0,0.0,0.0,0.0,9.0,0
25098691,EMEF AUGUSTO GUEDES DA COSTA,2508604,Lucena,1,3,0.0,0.0,0.0,0.0,1.0,1.0,1.0,1.0,0.0,0.0,0.0,0.0,5.0,0
25098713,EMEFI EUGENIO DE SOUZA FALCAO,2508604,Lucena,1,3,0.0,0.0,0.0,0.0,1.0,1.0,1.0,1.0,0.0,0.0,0.0,0.0,3.0,0
25098748,EMEFI JUVENCIO COELHO DE CARVALHO,2508604,Lucena,1,3,0.0,0.0,0.0,0.0,1.0,1.0,1.0,1.0,0.0,0.0,0.0,0.0,3.0,0
25098756,EMEF OTTO ILLI,2508604,Lucena,2,3,1.0,0.0,0.0,0.0,1.0,1.0,1.0,1.0,1.0,0.0,0.0,0.0,8.0,0
25107232,INSTITUTO EDUCACIONAL NOVA GERACAO,2508604,Lucena,1,4,0.0,0.0,0.0,0.0,1.0,0.0,1.0,1.0,1.0,0.0,0.0,1.0,1.0,0
25111680,EMEFEJA ELINORA DORNELAS MONTEIRO,2508604,Lucena,1,3,0.0,0.0,0.0,0.0,1.0,1.0,1.0,1.0,0.0,0.0,0.0,0.0,7.0,0
25114751,EMEFI LUIZ DE SOUZA FALCAO,2508604,Lucena,2,3,1.0,0.0,0.0,0.0,1.0,1.0,1.0,1.0,0.0,0.0,0.0,0.0,3.0,0
25121367,ESCOLA AGAPE VISAO,2508604,Lucena,1,4,0.0,0.0,0.0,0.0,1.0,0.0,1.0,1.0,0.0,0.0,0.0,0.0,0.0,0
25133098,INSTITUTO EDUCACIONAL PENIEL,2508604,Lucena,1,4,0.0,0.0,0.0,0.0,1.0,0.0,1.0,1.0,0.0,0.0,0.0,0.0,0.0,0
25159801,ESCOLA DE ENSINO INFANTIL ARCO - IRIS,2508604,Lucena,1,4,0.0,0.0,0.0,0.0,1.0,0.0,1.0,1.0,0.0,0.0,0.0,0.0,0.0,0
25274929,EMEF GILBERTO INICIO DOS SANTOS,2508604,Lucena,1,3,0.0,0.0,0.0,0.0,1.0,1.0,1.0,1.0,0.0,0.0,0.0,0.0,6.0,1.7
25135554,CENTRO EDUCACIONAL NOVO APRENDIZ,2508604,Lucena,1,4,0.0,0.0,0.0,1.0,1.0,1.0,1.0,1.0,0.0,0.0,0.0,0.0,0.0,0
25020102,ECI FRANCISCO ROMANO DA SILVEIRA,2508703,Mãe d'Água,1,2,0.0,0.0,0.0,0.0,1.0,1.0,1.0,0.0,1.0,1.0,0.0,1.0,6.0,--
25020200,EMEF SEVERINO MAIA DA COSTA,2508703,Mãe d'Água,2,3,0.0,0.0,0.0,0.0,1.0,1.0,1.0,1.0,0.0,0.0,0.0,0.0,0.0,0
25020277,EMEF JOSE LUIZ DE OLIVEIRA,2508703,Mãe d'Água,2,3,0.0,0.0,0.0,0.0,1.0,1.0,1.0,1.0,0.0,0.0,0.0,0.0,0.0,0
25020285,EMEF MANOEL NUNES TRINDADE,2508703,Mãe d'Água,1,3,0.0,0.0,0.0,0.0,1.0,1.0,1.0,1.0,1.0,0.0,0.0,0.0,6.0,--
25020293,EMEF NABOR WANDERLEY,2508703,Mãe d'Água,2,3,0.0,0.0,0.0,0.0,1.0,1.0,1.0,1.0,0.0,0.0,0.0,0.0,0.0,0
25115766,EMEF MARIA JERONIMO NUNES,2508703,Mãe d'Água,1,3,0.0,0.0,0.0,0.0,1.0,1.0,1.0,1.0,0.0,0.0,0.0,0.0,5.0,0
25014692,ECIT DOUTOR ANTONIO FERNANDES MEDEIROS,2508802,Malta,1,2,0.0,0.0,0.0,0.0,1.0,1.0,1.0,1.0,1.0,1.0,1.0,0.0,10.0,--
25014706,EMEIF CON JOAQUIM DE ASSIS FERREIRA,2508802,Malta,1,3,0.0,0.0,0.0,0.0,1.0,1.0,1.0,1.0,1.0,0.0,0.0,0.0,11.0,0
25014757,EMEIEF BOILEAU DANTAS WANDERLEY,2508802,Malta,1,3,0.0,0.0,0.0,0.0,1.0,1.0,1.0,1.0,1.0,0.0,1.0,0.0,10.0,--
25014846,EMEIF RAIMUNDO GUALBERTO DOS SANTOS,2508802,Malta,2,3,1.0,0.0,0.0,0.0,0.0,1.0,1.0,1.0,0.0,0.0,0.0,0.0,2.0,0
25086880,CENTRO EDUCACIONAL DE EF BEATRIZ MENEZES,2508901,Mamanguape,1,4,0.0,0.0,0.0,0.0,1.0,0.0,1.0,1.0,1.0,0.0,0.0,0.0,7.0,--
25086901,ECI SENADOR RUI CARNEIRO,2508901,Mamanguape,1,2,0.0,0.0,0.0,0.0,1.0,1.0,1.0,1.0,1.0,1.0,1.0,0.0,10.0,--
25086910,EEEFM PROFESSOR ANTONIO GARCEZ,2508901,Mamanguape,2,2,0.0,0.0,0.0,0.0,1.0,1.0,1.0,1.0,1.0,0.0,1.0,1.0,2.0,--
25086928,EEEM PROFESSOR LUIZ APRIGIO,2508901,Mamanguape,1,2,0.0,0.0,0.0,0.0,1.0,1.0,1.0,1.0,1.0,0.0,0.0,0.0,1.0,--
25086936,EEEFM UMBELINA GARCEZ,2508901,Mamanguape,1,2,0.0,0.0,0.0,0.0,1.0,1.0,1.0,1.0,1.0,1.0,1.0,0.0,9.0,--
25086979,ESCOLA MUNICIPAL DE EF ANA CAVALCANTE DE ALBUQUERQUE,2508901,Mamanguape,1,3,0.0,0.0,0.0,0.0,1.0,1.0,1.0,1.0,1.0,0.0,0.0,0.0,0.0,--
25086987,ESCOLA MUNICIPAL EF DE BREJINHO,2508901,Mamanguape,2,3,0.0,0.0,0.0,0.0,1.0,1.0,1.0,1.0,1.0,0.0,0.0,1.0,0.0,0
25087061,ESCOLA MUNICIPAL DE EF MARIO CAMPELO,2508901,Mamanguape,1,3,0.0,0.0,0.0,0.0,1.0,1.0,1.0,1.0,0.0,0.0,0.0,0.0,1.0,0
25087070,ESCOLA MUNICIPAL DE E F MIGUEL DALIA,2508901,Mamanguape,2,3,0.0,0.0,0.0,0.0,1.0,1.0,1.0,1.0,0.0,0.0,0.0,0.0,0.0,0
25087126,ESCOLA MUNICIPAL DE EF PADRE GERALDO,2508901,Mamanguape,1,3,0.0,0.0,0.0,0.0,1.0,1.0,1.0,1.0,1.0,0.0,0.0,1.0,13.0,0.2
25087134,EMEF CARLOS FERNANDES DE LIMA,2508901,Mamanguape,2,3,0.0,0.0,0.0,0.0,1.0,1.0,1.0,1.0,1.0,0.0,0.0,1.0,5.0,0
25087142,EMEF FRANCISCA ALMEIDA,2508901,Mamanguape,1,3,0.0,0.0,0.0,0.0,1.0,1.0,1.0,1.0,1.0,0.0,0.0,0.0,1.0,--
25087150,EMEF IRACEMA SOARES,2508901,Mamanguape,1,3,0.0,0.0,0.0,0.0,1.0,1.0,1.0,1.0,1.0,0.0,0.0,0.0,7.0,--
25087169,ESCOLA MUNICIPAL DE EF PROFA JACINTA BATISTA BEZERRA,2508901,Mamanguape,1,3,0.0,0.0,0.0,0.0,1.0,1.0,1.0,1.0,1.0,0.0,0.0,0.0,1.0,0
25087193,INSTITUTO MODERNO,2508901,Mamanguape,1,4,0.0,0.0,0.0,0.0,1.0,0.0,1.0,1.0,1.0,1.0,0.0,0.0,3.0,0
25087207,COLEGIO NOVO ASTRAL,2508901,Mamanguape,1,4,0.0,0.0,0.0,0.0,1.0,0.0,1.0,1.0,1.0,1.0,0.0,0.0,17.0,1.1
25087223,ESCOLA MUNICIPAL EF DE CAIANA,2508901,Mamanguape,2,3,0.0,0.0,0.0,1.0,1.0,1.0,1.0,1.0,0.0,0.0,0.0,1.0,0.0,0
25087258,ESCOLA MUNICIPAL DE EF DA COMUNIDADE PEDRA,2508901,Mamanguape,2,3,0.0,0.0,0.0,0.0,1.0,1.0,1.0,1.0,1.0,0.0,0.0,1.0,4.0,0
25087274,ESCOLA MUNICIPAL DE EF DE IMBIRIBEIRA,2508901,Mamanguape,2,3,0.0,0.0,0.0,0.0,1.0,1.0,1.0,1.0,0.0,0.0,0.0,1.0,0.0,0
25087282,ESCOLA MUNICIPAL DE EF DE JOAO PEREIRA,2508901,Mamanguape,2,3,0.0,0.0,0.0,1.0,1.0,1.0,1.0,1.0,0.0,0.0,0.0,1.0,0.0,0
25087614,ESCOLA MUNICIPAL DE EF CLEA MARIA BEZERRA BARBOSA,2508901,Mamanguape,1,3,0.0,0.0,0.0,0.0,1.0,1.0,1.0,1.0,1.0,0.0,0.0,0.0,10.0,--
25087665,EEEFM DOUTOR JOSE A DA TRINDADE,2508901,Mamanguape,2,2,0.0,0.0,0.0,0.0,1.0,1.0,1.0,1.0,1.0,1.0,0.0,0.0,6.0,--
25103237,EMEF DR ADAILTON COELHO DA COSTA,2508901,Mamanguape,1,3,0.0,0.0,0.0,0.0,1.0,1.0,1.0,1.0,0.0,0.0,0.0,1.0,0.0,0
25105604,ESCOLA MUNICIPAL DE EF CARMELITA FELICIANO GOMES,2508901,Mamanguape,2,3,0.0,0.0,0.0,0.0,1.0,1.0,1.0,1.0,0.0,0.0,0.0,0.0,0.0,0
25105620,ESCOLA MUNICIPAL DE EF MANOEL FERNANDES DE LIMA,2508901,Mamanguape,2,3,0.0,0.0,0.0,0.0,1.0,1.0,1.0,1.0,1.0,0.0,0.0,0.0,5.0,0
25109561,INSTITUTO AGRAS DE ENSINO,2508901,Mamanguape,1,4,0.0,0.0,0.0,0.0,1.0,0.0,1.0,1.0,1.0,0.0,0.0,0.0,11.0,0
25113585,ESCOLA MUNICIPAL DE EF CEL JOSE CASTOR DO REGO,2508901,Mamanguape,1,3,0.0,0.0,0.0,0.0,1.0,1.0,1.0,1.0,1.0,0.0,0.0,0.0,0.0,0
25116800,EMEF MARIA LUCIA,2508901,Mamanguape,2,3,0.0,0.0,0.0,0.0,1.0,1.0,1.0,1.0,1.0,0.0,0.0,0.0,0.0,0.6
25119192,EMEF MIGUEL TOMAZ SOARES,2508901,Mamanguape,1,3,0.0,0.0,0.0,0.0,1.0,1.0,1.0,1.0,1.0,0.0,0.0,0.0,2.0,0.5
25122533,ECI DOUTOR GUSTAVO FERNANDES DE LIMA SOBRINHO,2508901,Mamanguape,1,2,0.0,0.0,0.0,0.0,1.0,1.0,1.0,1.0,0.0,0.0,0.0,0.0,7.0,--
25126008,INSTITUTO EDUCACIONAL O MUNDO DA CRIANCA,2508901,Mamanguape,1,4,0.0,0.0,0.0,0.0,1.0,0.0,1.0,1.0,1.0,0.0,0.0,0.0,3.0,0
25126750,INSTITUTO EDUCACIONAL POLARIS MAMANGUAPE,2508901,Mamanguape,1,4,0.0,0.0,0.0,0.0,1.0,0.0,1.0,1.0,1.0,1.0,0.0,0.0,21.0,0.3
25127977,ECIT VALE DO MAMANGUAPE JOAO DA MATA CAVALCANTI DE ALBUQUERQUE,2508901,Mamanguape,1,2,0.0,0.0,0.0,0.0,1.0,1.0,1.0,1.0,1.0,1.0,1.0,0.0,5.0,--
25128450,COLEGIO IDEAL,2508901,Mamanguape,1,4,0.0,0.0,0.0,0.0,1.0,0.0,1.0,1.0,1.0,0.0,0.0,0.0,3.0,--
25128639,COLEGIO INOVACAO,2508901,Mamanguape,1,4,0.0,0.0,0.0,0.0,1.0,0.0,1.0,1.0,0.0,0.0,0.0,0.0,8.0,0
25129120,INSTITUTO PIAGET DE MAMANGUAPE,2508901,Mamanguape,1,4,0.0,0.0,0.0,0.0,1.0,0.0,1.0,1.0,1.0,0.0,1.0,0.0,5.0,--
25129988,ATOMOS COLEGIO E CURSOS,2508901,Mamanguape,1,4,0.0,0.0,0.0,0.0,1.0,0.0,1.0,1.0,1.0,0.0,1.0,0.0,9.0,0
25130706,FUTURO KIDS CENTRO DE EDUCACAO INFANTIL E FUNDAMENTAL I,2508901,Mamanguape,1,4,0.0,0.0,0.0,0.0,1.0,0.0,1.0,1.0,0.0,0.0,0.0,1.0,4.0,0
25132636,INSTITUTO SANTA TERESINHA,2508901,Mamanguape,1,4,0.0,0.0,0.0,0.0,1.0,0.0,1.0,1.0,1.0,0.0,0.0,0.0,6.0,0
25135481,CENTRO EDUCACIONAL CAMINHANDO PARA O FUTURO,2508901,Mamanguape,1,4,0.0,0.0,0.0,0.0,1.0,1.0,1.0,1.0,0.0,0.0,0.0,0.0,6.0,7.7
25087410,ESCOLA MUNICIPAL DE EF EMIDIO ANTONIO RODRIGUES,2508901,Mamanguape,2,3,0.0,0.0,0.0,0.0,1.0,1.0,1.0,1.0,1.0,0.0,0.0,0.0,0.0,0
25087657,EEEFM ANTONIO PINTO BARBALHO,2508901,Mamanguape,2,2,0.0,0.0,0.0,0.0,1.0,1.0,1.0,1.0,0.0,1.0,0.0,0.0,4.0,--
25035444,EEEF PROFESSORA ANTONIA DINIZ MAIA,2509008,Manaíra,1,2,0.0,0.0,0.0,0.0,1.0,1.0,1.0,1.0,1.0,0.0,0.0,0.0,0.0,0.6
25035487,EMEF ANTONIO DE SOUSA BRASIL,2509008,Manaíra,2,3,0.0,0.0,0.0,0.0,1.0,1.0,1.0,1.0,0.0,0.0,0.0,1.0,1.0,0
25035517,EMEF ANTONIO FURTADO LEITE,2509008,Manaíra,2,3,0.0,0.0,0.0,0.0,1.0,1.0,1.0,1.0,0.0,0.0,0.0,1.0,0.0,0
25035525,EMEF SITIO AREIAS DE OLHO DAGUA,2509008,Manaíra,2,3,0.0,0.0,0.0,0.0,1.0,1.0,1.0,1.0,0.0,0.0,0.0,1.0,0.0,0
25035576,EMEF CICERO RABELO NOGUEIRA,2509008,Manaíra,2,3,3.0,0.0,0.0,0.0,1.0,1.0,1.0,1.0,0.0,0.0,0.0,1.0,0.0,0
25035673,EMEF MANOEL SANTANA DA SILVA,2509008,Manaíra,2,3,0.0,0.0,0.0,0.0,1.0,1.0,1.0,1.0,0.0,0.0,1.0,1.0,1.0,0
25035703,EMEF LUIZ DE SOUSA PRIMO,2509008,Manaíra,2,3,0.0,0.0,0.0,0.0,1.0,1.0,1.0,1.0,0.0,0.0,0.0,1.0,0.0,0
25035738,EMEF PEDRO DE FREITAS FRAZAO,2509008,Manaíra,2,3,0.0,0.0,0.0,0.0,1.0,1.0,1.0,1.0,0.0,0.0,1.0,1.0,0.0,0
25035746,EMEF SEBASTIANA MARIA DA CONCEICAO,2509008,Manaíra,2,3,0.0,0.0,0.0,0.0,1.0,1.0,1.0,1.0,0.0,0.0,0.0,1.0,0.0,0
25035924,EMEF JOSE NICOLAU NOGUEIRA,2509008,Manaíra,2,3,0.0,0.0,0.0,0.0,1.0,1.0,1.0,1.0,0.0,0.0,0.0,1.0,0.0,0
25035940,EMEF MANOEL LOPES DE SIQUEIRA,2509008,Manaíra,2,3,0.0,0.0,0.0,0.0,1.0,1.0,1.0,1.0,0.0,0.0,0.0,1.0,0.0,0
25035967,EMEF PROFESSOR CICERO RABELO NOGUEIRA,2509008,Manaíra,1,3,0.0,0.0,0.0,0.0,1.0,1.0,1.0,1.0,1.0,0.0,0.0,0.0,11.0,0
25036017,ECI MONSENHOR SEBASTIAO RABELO,2509008,Manaíra,1,2,0.0,0.0,0.0,0.0,1.0,1.0,1.0,1.0,1.0,1.0,1.0,0.0,9.0,--
25118617,EMEF JOSE DELFINO DA ROCHA,2509008,Manaíra,2,3,0.0,0.0,0.0,0.0,1.0,1.0,1.0,1.0,0.0,0.0,0.0,1.0,0.0,0
25035754,EMEF SEBASTIANA DINO,2509008,Manaíra,2,3,0.0,0.0,0.0,0.0,1.0,1.0,1.0,1.0,1.0,0.0,0.0,1.0,0.0,0
25087975,ESCOLA MUNICIPAL DE ENSINO FUNDAMENTAL INDIGENA TEODOLINO SOARES DE LIMA,2509057,Marcação,2,3,2.0,0.0,0.0,0.0,1.0,1.0,1.0,1.0,0.0,0.0,0.0,0.0,5.0,0
25087983,EEEIFM ISAURA SOARES DE LIMA,2509057,Marcação,2,2,2.0,0.0,0.0,0.0,1.0,1.0,1.0,1.0,0.0,0.0,0.0,1.0,5.0,3.9
25088068,ECI INDIO ANTONIO SINESIO DA SILVA,2509057,Marcação,2,2,2.0,0.0,0.0,0.0,1.0,1.0,1.0,1.0,1.0,1.0,1.0,1.0,20.0,0
25088084,EMEF CACIQUE MANOEL FRANCISCO,2509057,Marcação,2,3,2.0,0.0,0.0,0.0,1.0,1.0,1.0,1.0,0.0,0.0,0.0,1.0,3.0,2.5
25088106,EMEF DEPUTADO EDUARDO FERREIRA,2509057,Marcação,2,3,2.0,0.0,0.0,0.0,1.0,1.0,1.0,1.0,0.0,0.0,0.0,0.0,3.0,0
25088114,EMEF CACIQUE JOAO FRANCISCO BERNARDO,2509057,Marcação,2,3,2.0,0.0,0.0,0.0,1.0,1.0,1.0,1.0,0.0,0.0,0.0,1.0,3.0,0
25088181,EMIEF MARECHAL CANDIDO RONDON,2509057,Marcação,2,3,2.0,0.0,0.0,0.0,1.0,1.0,1.0,1.0,0.0,0.0,0.0,1.0,0.0,0
25088203,EMIEF CACIQUE DOMINGOS BARBOSA DOS SANTOS,2509057,Marcação,2,3,2.0,0.0,0.0,0.0,1.0,1.0,1.0,1.0,0.0,0.0,0.0,1.0,3.0,2.1
25088467,EMEF PROFª RAIMUNDA SOARES DE LIMA,2509057,Marcação,1,3,0.0,0.0,0.0,0.0,1.0,1.0,1.0,1.0,1.0,0.0,0.0,0.0,10.0,0
25088475,ESC MUL IRACEMA SOARES DE FARIAS,2509057,Marcação,2,3,2.0,0.0,0.0,0.0,1.0,1.0,1.0,1.0,0.0,0.0,0.0,0.0,4.0,4.9
25088483,EMEF PROFª EMILIA GOMES DA SILVA,2509057,Marcação,1,3,0.0,0.0,0.0,0.0,1.0,1.0,1.0,1.0,1.0,1.0,1.0,0.0,11.0,--
25108719,INSTITUTO SAO FRANCISCO DE ASSIS,2509057,Marcação,1,4,0.0,0.0,0.0,0.0,1.0,0.0,1.0,1.0,0.0,0.0,0.0,0.0,0.0,0
25110195,EMEF INDIO JOSE GOMES DOS SANTOS,2509057,Marcação,2,3,2.0,0.0,0.0,0.0,1.0,1.0,1.0,1.0,0.0,0.0,0.0,1.0,3.0,0
25128809,EEEIFM INDIO PEDRO MAXIMO DE LIMA,2509057,Marcação,2,2,2.0,0.0,0.0,0.0,1.0,1.0,1.0,1.0,0.0,0.0,0.0,0.0,6.0,1
25111841,EEEIFM INDIGENA JOSE FERREIRA PADILHA,2509057,Marcação,2,2,2.0,0.0,0.0,0.0,1.0,1.0,1.0,1.0,1.0,0.0,0.0,0.0,1.0,0
25120760,EEEIFM CACIQUE INIGUACU,2509057,Marcação,2,2,2.0,0.0,0.0,0.0,1.0,1.0,1.0,1.0,1.0,0.0,1.0,0.0,0.0,0
25088939,EMEIEF PROFESSORA MARIA DAS NEVES DE PAULA ARRUDA,2509107,Mari,1,3,0.0,0.0,0.0,0.0,1.0,1.0,1.0,1.0,1.0,0.0,0.0,1.0,9.0,0.5
25088947,EMEIEF PROFESSOR JOSE VIEIRA LEAL,2509107,Mari,1,3,0.0,0.0,0.0,0.0,1.0,1.0,1.0,1.0,1.0,0.0,0.0,0.0,6.0,2.8
25088963,EEEM AUGUSTO DOS ANJOS,2509107,Mari,1,2,0.0,0.0,0.0,0.0,1.0,1.0,1.0,1.0,0.0,0.0,0.0,0.0,5.0,--
25088971,EEEF LUIZ MARIA DE FRANCA,2509107,Mari,1,2,0.0,0.0,0.0,0.0,1.0,1.0,1.0,1.0,0.0,0.0,0.0,0.0,0.0,--
25088998,EMEIEF AGUINALDO DE OLIVEIRA PONTES,2509107,Mari,1,3,0.0,0.0,0.0,0.0,1.0,1.0,1.0,1.0,1.0,0.0,0.0,1.0,4.0,0
25089013,ECIT JOSE PAULO DE FRANCA,2509107,Mari,1,2,0.0,0.0,0.0,0.0,0.0,1.0,1.0,0.0,0.0,0.0,0.0,0.0,6.0,--
25089064,EMEIEF O NAZARENO,2509107,Mari,1,3,0.0,0.0,0.0,0.0,1.0,1.0,1.0,1.0,1.0,0.0,0.0,0.0,4.0,0
25089072,EMEF PREFEITO EPITACIO DANTAS,2509107,Mari,1,3,0.0,0.0,0.0,0.0,1.0,1.0,1.0,1.0,1.0,0.0,0.0,0.0,7.0,--
25089110,EMEIEF NOVA ESPERANCA,2509107,Mari,1,3,0.0,0.0,0.0,0.0,1.0,1.0,1.0,1.0,0.0,0.0,0.0,0.0,6.0,0
25089129,EMEIEF PEDRO LEITE FILHO,2509107,Mari,1,3,0.0,0.0,0.0,0.0,1.0,1.0,1.0,1.0,1.0,0.0,0.0,0.0,4.0,0
25089137,EMEIEF PROFESSORA MARIA DAS DORES SILVA,2509107,Mari,1,3,0.0,0.0,0.0,0.0,1.0,1.0,1.0,1.0,0.0,0.0,0.0,1.0,0.0,0
25107615,INSTITUTO EDUCACIONAL CAMINHO DO SABER,2509107,Mari,1,4,0.0,0.0,0.0,0.0,1.0,0.0,1.0,1.0,0.0,0.0,0.0,0.0,9.0,0
25113224,CENTRO DE EDUCACAO INFANTIL,2509107,Mari,1,4,0.0,0.0,0.0,0.0,1.0,0.0,1.0,1.0,1.0,0.0,0.0,0.0,7.0,0
25114042,EMEIEF PROFESSORA MARIA CABRAL DE MELO,2509107,Mari,1,3,0.0,0.0,0.0,0.0,1.0,1.0,1.0,1.0,1.0,0.0,0.0,0.0,5.0,0.7
25114972,ESCOLA MUNICIPAL DE EDUCACAO INFANTIL E ENSINO FUNDAMENTAL TIRADENTES,2509107,Mari,2,3,1.0,0.0,0.0,0.0,1.0,1.0,1.0,1.0,1.0,0.0,0.0,0.0,6.0,0
25115030,ESCOLINHA RISQUE E RABISQUE,2509107,Mari,1,4,0.0,0.0,0.0,0.0,1.0,0.0,1.0,1.0,0.0,0.0,0.0,1.0,0.0,3
25118943,EMEIEF ZUMBI DOS PALMARES,2509107,Mari,2,3,1.0,0.0,0.0,1.0,1.0,1.0,1.0,1.0,0.0,0.0,0.0,0.0,1.0,0
25121464,INSTITUTO EDUCACIONAL SONHO ENCANTADO,2509107,Mari,1,4,0.0,0.0,0.0,0.0,1.0,0.0,1.0,1.0,1.0,0.0,0.0,0.0,6.0,0
25123769,EMEIEF PROFESSORA MARIA ANUNCIADA DIAS,2509107,Mari,1,3,0.0,0.0,0.0,0.0,1.0,1.0,1.0,1.0,1.0,0.0,0.0,0.0,4.0,3.4
25129481,INSTITUTO EDUACAIONAL PARAISO INFANTIL,2509107,Mari,1,4,0.0,0.0,0.0,0.0,1.0,0.0,1.0,1.0,1.0,0.0,0.0,0.0,0.0,--
25131478,EMEF EDMILSOM BALTAZAR DE MENDONCA,2509107,Mari,2,3,0.0,0.0,0.0,0.0,1.0,1.0,1.0,1.0,1.0,0.0,0.0,0.0,4.0,0
25134710,EMEIEF PROFESSOR CAMILO DE LELLES ARAUJO,2509107,Mari,2,3,0.0,0.0,0.0,0.0,1.0,1.0,1.0,1.0,1.0,0.0,0.0,0.0,6.0,0
25168800,ESCOLINHA SHALON,2509107,Mari,1,4,0.0,0.0,0.0,0.0,1.0,0.0,1.0,1.0,0.0,0.0,0.0,1.0,0.0,0
25169807,ESCOLA DE ENSINO FUNDAMENTAL EULALIA OLINDINA DA PAIXAO,2509107,Mari,1,4,0.0,0.0,0.0,0.0,1.0,0.0,1.0,1.0,0.0,0.0,0.0,1.0,0.0,0
25018779,ESCOLA MUNICIPAL DE ENSINO INFANTIL E FUNDAMENTAL JOAQUIM VIEIRA DA SILVA,2509156,Marizópolis,2,3,0.0,0.0,0.0,0.0,1.0,1.0,1.0,1.0,0.0,0.0,0.0,0.0,2.0,0
25019538,ECIT ESTADUAL DOUTOR SILVA MARIZ,2509156,Marizópolis,1,2,0.0,0.0,0.0,0.0,1.0,1.0,1.0,1.0,0.0,0.0,1.0,0.0,7.0,--
25019554,ESCOLA MUNICIPAL DE ENSINO FUNDAMENTAL INTEGRAL JULIA MARIA DE CARVALHO SILVA,2509156,Marizópolis,1,3,0.0,0.0,0.0,0.0,1.0,1.0,1.0,1.0,1.0,1.0,1.0,0.0,13.0,--
25019562,ESCOLA MUNICIPAL DE ENSINO FUNDAMENTAL INSTITUTO JOAQUINA DE PAIVA GADELHA,2509156,Marizópolis,1,3,0.0,0.0,0.0,0.0,1.0,1.0,1.0,1.0,1.0,0.0,1.0,0.0,6.0,0
25113968,ESCOLA MUNICIPAL DE EDUCACAO INFANTIL E ENSINO FUNDAMENTAL INTEGRAL JOAO ALEXANDRE DE OLIVEIRA,2509156,Marizópolis,2,3,1.0,0.0,0.0,0.0,1.0,1.0,1.0,1.0,1.0,0.0,1.0,0.0,5.0,0
25125133,ESCOLA MUNICIPAL DE ENSINO FUNDAMENTAL INTEGRAL VEREADOR JOAO GONCALVES DE SOUSA,2509156,Marizópolis,1,3,0.0,0.0,0.0,0.0,1.0,1.0,1.0,1.0,1.0,1.0,1.0,0.0,12.0,0
25133136,ESCOLA DE EDUCACAO INFANTIL PASSO A PASSO,2509156,Marizópolis,1,4,0.0,0.0,0.0,0.0,1.0,0.0,0.0,1.0,1.0,0.0,0.0,1.0,6.0,0
25078135,ECI MARIA ZECA DE SOUZA,2509206,Massaranduba,1,2,0.0,0.0,0.0,0.0,1.0,1.0,1.0,1.0,1.0,1.0,1.0,0.0,10.0,--
25078143,EEEFM EVERALDO AGRA,2509206,Massaranduba,2,2,0.0,0.0,0.0,0.0,1.0,1.0,1.0,1.0,1.0,0.0,1.0,0.0,0.0,--
25078178,EMEIEF ANA DA SILVA MEIRA,2509206,Massaranduba,2,3,0.0,0.0,0.0,0.0,1.0,1.0,1.0,1.0,1.0,0.0,0.0,0.0,7.0,0
25078194,EMEIEF ANTONIO RODRIGUES,2509206,Massaranduba,2,3,0.0,0.0,0.0,0.0,1.0,1.0,1.0,1.0,1.0,0.0,0.0,0.0,0.0,0
25078216,EMEIEF ENEAS DIAS CORREIA,2509206,Massaranduba,1,3,0.0,0.0,0.0,0.0,1.0,1.0,1.0,1.0,1.0,0.0,0.0,0.0,3.0,0
25078275,EMEIEF MANOEL MACHADO DA NOBREGA,2509206,Massaranduba,1,3,0.0,0.0,0.0,0.0,1.0,1.0,1.0,1.0,1.0,0.0,0.0,0.0,4.0,1.9
25078321,EMEIEF ROGACIANO NUNES,2509206,Massaranduba,2,3,0.0,0.0,0.0,0.0,1.0,1.0,1.0,0.0,1.0,0.0,0.0,0.0,1.0,0
25078348,EMEF SUZETE DIAS CORREIA,2509206,Massaranduba,1,3,0.0,0.0,0.0,0.0,1.0,1.0,1.0,1.0,0.0,0.0,0.0,0.0,4.0,--
25078445,EMEIEF JOSE SABINO DE SOUZA,2509206,Massaranduba,2,3,0.0,0.0,0.0,0.0,1.0,1.0,1.0,1.0,1.0,0.0,0.0,0.0,0.0,0
25078488,EMEIEF MARIA ZECA DE SOUZA,2509206,Massaranduba,1,3,0.0,0.0,0.0,0.0,1.0,1.0,1.0,1.0,1.0,0.0,0.0,0.0,7.0,0
25078496,EMEIEF SANTINHA RIBEIRO,2509206,Massaranduba,2,3,0.0,0.0,0.0,0.0,1.0,1.0,1.0,1.0,1.0,0.0,0.0,0.0,3.0,0
25078518,EMEIEF TIBURTINO PENHA MELO,2509206,Massaranduba,2,3,0.0,0.0,0.0,0.0,1.0,1.0,1.0,1.0,0.0,0.0,0.0,0.0,2.0,0
25104438,EMEIEF PEDACINHO DO CEU,2509206,Massaranduba,2,3,0.0,0.0,0.0,0.0,1.0,1.0,1.0,1.0,0.0,0.0,0.0,0.0,8.0,0.6
25128116,CENTRO EDUCACIONAL DE ENSINO INFANTIL E FUNDAMENTAL ESTACAO CRIANCA,2509206,Massaranduba,1,4,0.0,0.0,0.0,0.0,1.0,1.0,1.0,1.0,1.0,1.0,1.0,1.0,5.0,0
25143808,INSTITUTO EDUCACIONAL DE EIEFM PINGOS DE LETRAS,2509206,Massaranduba,1,4,0.0,0.0,0.0,0.0,1.0,1.0,1.0,1.0,0.0,1.0,0.0,0.0,10.0,0
25087711,EMEFM CONEGO JOSE VITAL RIBEIRO BESSA,2509305,Mataraca,1,3,0.0,0.0,0.0,0.0,1.0,1.0,1.0,1.0,1.0,0.0,0.0,0.0,13.0,--
25087738,ECI PEDRO POTI,2509305,Mataraca,1,2,0.0,0.0,0.0,0.0,1.0,1.0,1.0,1.0,1.0,1.0,1.0,1.0,8.0,--
25087789,EMEF JOSE RIBEIRO BESSA,2509305,Mataraca,1,3,0.0,0.0,0.0,0.0,1.0,1.0,1.0,1.0,1.0,0.0,0.0,0.0,13.0,0
25087843,EM GRACINDA IRACEMA DA COSTA,2509305,Mataraca,2,3,0.0,0.0,0.0,0.0,1.0,1.0,1.0,1.0,0.0,0.0,0.0,0.0,0.0,0
25131460,EMEF MARIA RIDETE MADRUGA,2509305,Mataraca,1,3,0.0,0.0,0.0,0.0,1.0,1.0,1.0,1.0,1.0,0.0,0.0,0.0,7.0,0
25087754,EMEF ANTONIO MADEIRO DA COSTA,2509305,Mataraca,2,3,0.0,0.0,0.0,0.0,1.0,1.0,1.0,1.0,1.0,0.0,0.0,0.0,6.0,0
25063294,EMEIF JOSE CABRAL,2509339,Matinhas,2,3,0.0,0.0,0.0,0.0,1.0,1.0,1.0,1.0,1.0,0.0,0.0,0.0,0.0,0
25063324,EMEIF MANOEL V DE MOURA,2509339,Matinhas,2,3,0.0,0.0,0.0,0.0,1.0,1.0,1.0,1.0,1.0,0.0,0.0,0.0,0.0,0
25063359,EEEFM DESEMBARGADOR ARTHUR VIRGINIO DE MOURA,2509339,Matinhas,1,2,0.0,0.0,0.0,0.0,1.0,1.0,1.0,1.0,1.0,0.0,0.0,0.0,0.0,--
25063405,ECIT POETA MARIO VIEIRA DA SILVA,2509339,Matinhas,2,2,0.0,0.0,0.0,0.0,1.0,1.0,1.0,1.0,0.0,0.0,0.0,0.0,0.0,--
25063529,EMEIF DR PEDRO TAVARES,2509339,Matinhas,2,3,0.0,0.0,0.0,0.0,1.0,1.0,1.0,1.0,1.0,0.0,0.0,0.0,0.0,0
25063600,EMEIF PADRE CICERO R BATISTA,2509339,Matinhas,2,3,0.0,0.0,0.0,0.0,0.0,1.0,1.0,1.0,0.0,0.0,0.0,0.0,0.0,10.5
25063642,EMEIF OSORIO SUDERIO SILVA,2509339,Matinhas,2,3,0.0,0.0,0.0,0.0,1.0,1.0,1.0,1.0,0.0,0.0,0.0,0.0,0.0,0
25063758,EMEIF JOAO FERNANDES DE ARAUJO,2509339,Matinhas,2,3,0.0,0.0,0.0,0.0,1.0,1.0,1.0,1.0,1.0,0.0,0.0,0.0,0.0,0
25063804,EMEIF SAO SEBASTIAO,2509339,Matinhas,2,3,0.0,0.0,0.0,0.0,1.0,1.0,1.0,1.0,1.0,0.0,0.0,0.0,0.0,0
25063820,EMEIF DEODATO SOBRAL,2509339,Matinhas,2,3,0.0,0.0,0.0,0.0,1.0,1.0,1.0,1.0,1.0,0.0,0.0,0.0,0.0,0
25063863,EMEIF ALDO ARRUDA CAMARA,2509339,Matinhas,2,3,0.0,0.0,0.0,0.0,1.0,1.0,1.0,1.0,1.0,0.0,0.0,1.0,0.0,0
25063979,EMEIF SEVERINO RICARDO DE ARAUJO,2509339,Matinhas,2,3,0.0,0.0,0.0,0.0,1.0,1.0,1.0,0.0,1.0,0.0,0.0,0.0,0.0,0
25114026,EMEIF INDEPENDENCIA,2509339,Matinhas,2,3,0.0,0.0,0.0,0.0,1.0,1.0,1.0,1.0,1.0,0.0,0.0,0.0,0.0,0
25146408,EMEIF ASCENDINO MOURA,2509339,Matinhas,1,3,0.0,0.0,0.0,0.0,1.0,1.0,1.0,1.0,1.0,0.0,0.0,0.0,0.0,0
25002457,ECI JOSE SERAFIM DE LIMA,2509370,Mato Grosso,1,2,0.0,0.0,0.0,0.0,1.0,1.0,1.0,1.0,1.0,1.0,1.0,0.0,5.0,--
25002481,ESC MUL MARIA ANTONIA DE LIMA,2509370,Mato Grosso,2,3,0.0,0.0,0.0,0.0,1.0,1.0,1.0,1.0,0.0,0.0,0.0,0.0,2.0,0
25002490,ESC MUL MIGUEL FILHO DA SILVA,2509370,Mato Grosso,2,3,0.0,0.0,0.0,0.0,1.0,1.0,1.0,1.0,0.0,0.0,0.0,0.0,1.0,0
25002503,E M JOAO FRANCISCO DA SILVA,2509370,Mato Grosso,2,3,0.0,0.0,0.0,0.0,1.0,1.0,1.0,1.0,0.0,0.0,0.0,0.0,3.0,0
25002635,ESCOL MUNICIPAL LAURENTINO JOSE DA SILVA,2509370,Mato Grosso,2,3,0.0,0.0,0.0,0.0,1.0,1.0,1.0,1.0,0.0,0.0,0.0,0.0,2.0,0
25109537,ESC MUL MARIA DE LOURDES DE LIMA,2509370,Mato Grosso,1,3,0.0,0.0,0.0,0.0,1.0,1.0,1.0,1.0,0.0,0.0,1.0,0.0,11.0,0
25125818,EM MARIA IZABEL DE ARAUJO,2509370,Mato Grosso,2,3,0.0,0.0,0.0,0.0,1.0,1.0,1.0,1.0,0.0,0.0,0.0,0.0,1.0,12.5
25037781,ECI ANTONIO MOACIR DANTAS CAVALCANTI,2509396,Maturéia,1,2,0.0,0.0,0.0,0.0,1.0,1.0,1.0,1.0,0.0,0.0,0.0,0.0,0.0,--
25038010,EMEF MARIA DAS VIRGENS ARAUJO,2509396,Maturéia,2,3,0.0,0.0,0.0,0.0,1.0,1.0,1.0,1.0,0.0,0.0,0.0,1.0,0.0,0
25038060,EMEF MARIA TAMARA SOUZA DO NASCIMENTO,2509396,Maturéia,1,3,0.0,0.0,0.0,0.0,1.0,1.0,1.0,1.0,1.0,0.0,0.0,0.0,7.0,--
25038338,EMEF JOSE RAMALHO XAVIER,2509396,Maturéia,1,3,0.0,0.0,0.0,0.0,1.0,1.0,1.0,1.0,1.0,0.0,0.0,0.0,2.0,0
25038354,EMEF MANOEL MACHADO DA COSTA,2509396,Maturéia,2,3,0.0,0.0,0.0,0.0,1.0,1.0,1.0,1.0,0.0,0.0,0.0,1.0,0.0,0
25134400,ESCOLA MUNICIPAL DE ENSINO FUNDAMENTAL EDUARDO DANTAS WANDERLEY,2509396,Maturéia,1,3,0.0,0.0,0.0,0.0,1.0,1.0,1.0,1.0,1.0,0.0,0.0,0.0,4.0,0
25082493,ECIT OTAVIA SILVEIRA,2509404,Mogeiro,1,2,0.0,0.0,0.0,0.0,1.0,1.0,1.0,1.0,1.0,1.0,1.0,0.0,13.0,--
25082574,EMEIEF DO CUMATI,2509404,Mogeiro,2,3,0.0,0.0,0.0,0.0,1.0,1.0,1.0,1.0,0.0,0.0,0.0,0.0,0.0,0
25082590,EMEIEF ANTONIO DE ANDRADE SOBRINHO,2509404,Mogeiro,2,3,0.0,0.0,0.0,0.0,1.0,1.0,1.0,1.0,0.0,0.0,0.0,1.0,0.0,0
25082612,EMEIEF JOAO PAULO II,2509404,Mogeiro,2,3,0.0,0.0,0.0,0.0,1.0,1.0,1.0,1.0,0.0,0.0,0.0,1.0,0.0,0
25082620,EMEIF JOSE ANTONIO RODRIGUES,2509404,Mogeiro,2,3,0.0,0.0,0.0,0.0,1.0,1.0,1.0,1.0,0.0,0.0,0.0,1.0,0.0,0
25082639,EMEIEF JOSE LUCIANO RODRIGUES,2509404,Mogeiro,2,3,0.0,0.0,0.0,0.0,1.0,1.0,1.0,1.0,0.0,0.0,0.0,1.0,0.0,0
25082647,EMEIEF SENADOR RUI CARNEIRO,2509404,Mogeiro,2,3,0.0,0.0,0.0,0.0,1.0,1.0,1.0,1.0,0.0,0.0,0.0,0.0,0.0,0
25082663,EMEIEF CREMILDA DA SILVA LIRA,2509404,Mogeiro,2,3,0.0,0.0,0.0,0.0,1.0,1.0,1.0,1.0,0.0,0.0,0.0,0.0,0.0,0
25082671,EMEIEF OTAVIO FRANCISCO REGIS,2509404,Mogeiro,2,3,0.0,0.0,0.0,0.0,1.0,1.0,1.0,1.0,0.0,0.0,0.0,1.0,0.0,0
25082680,EMEIEF ANTONIO JOSE DE ANDRADE,2509404,Mogeiro,2,3,0.0,0.0,0.0,0.0,1.0,1.0,1.0,1.0,0.0,0.0,0.0,0.0,0.0,0
25082710,EMEIEF JOAO AVELINO DA SILVA,2509404,Mogeiro,2,3,0.0,0.0,0.0,0.0,1.0,1.0,1.0,1.0,1.0,0.0,0.0,0.0,0.0,0
25082728,EMEIEF JOAO BEZERRA DE SALES,2509404,Mogeiro,2,3,0.0,0.0,0.0,0.0,1.0,1.0,1.0,1.0,0.0,0.0,0.0,0.0,0.0,0
25082736,EMEIEF JOAO VICENTE DE BRITO,2509404,Mogeiro,2,3,0.0,0.0,0.0,0.0,1.0,1.0,1.0,1.0,0.0,0.0,0.0,0.0,5.0,0
25082760,EMEIEF JOSE BENEDITO DA SILVEIRA,2509404,Mogeiro,2,3,0.0,0.0,0.0,0.0,1.0,1.0,1.0,1.0,0.0,0.0,0.0,0.0,1.0,0
25082787,EMEIEF MARIA DAS DORES CHAGAS,2509404,Mogeiro,1,3,0.0,0.0,0.0,0.0,1.0,1.0,1.0,1.0,0.0,0.0,0.0,0.0,14.0,0
25082795,EMEIEF MARIA JOSE VIEIRA,2509404,Mogeiro,2,3,0.0,0.0,0.0,0.0,1.0,1.0,1.0,1.0,0.0,0.0,0.0,0.0,0.0,0
25082809,EMEIEF PAULO VI,2509404,Mogeiro,2,3,0.0,0.0,0.0,0.0,1.0,1.0,1.0,1.0,0.0,0.0,0.0,1.0,0.0,0
25082817,EMEIEF VALENTIN FCO DOS SANTOS,2509404,Mogeiro,2,3,0.0,0.0,0.0,0.0,1.0,1.0,1.0,1.0,0.0,0.0,0.0,0.0,0.0,0
25082825,INST EDUC INF ENS FUN VIRGEM DOS POBRES,2509404,Mogeiro,1,4,0.0,0.0,0.0,0.0,1.0,0.0,1.0,1.0,1.0,0.0,0.0,0.0,0.0,0
25123335,EMEF IRACI RODRIGUES DE FARIAS MELO,2509404,Mogeiro,1,3,0.0,0.0,0.0,0.0,1.0,1.0,1.0,1.0,1.0,0.0,1.0,0.0,16.0,--
25154605,EMEIEF 1º DE OUTUBRO,2509404,Mogeiro,2,3,1.0,0.0,0.0,0.0,1.0,1.0,1.0,1.0,0.0,0.0,0.0,0.0,0.0,0
25062069,ECI MARIA JOSE DE SOUZA,2509503,Montadas,1,2,0.0,0.0,0.0,0.0,1.0,1.0,1.0,1.0,1.0,1.0,1.0,0.0,7.0,--
25062077,ESCOLA MUNICIPAL DE ENSINO FUNDAMENTAL ERASMO DE ARAUJO SOUZA,2509503,Montadas,1,3,0.0,0.0,0.0,0.0,1.0,1.0,1.0,1.0,1.0,0.0,0.0,0.0,19.0,--
25062093,EMEIF HELENA JOSE PORTO,2509503,Montadas,1,3,0.0,0.0,0.0,0.0,1.0,1.0,1.0,1.0,0.0,0.0,0.0,0.0,0.0,0
25062107,EMEIF MANOEL SEBASTIAO DO NASCIMENTO,2509503,Montadas,2,3,0.0,0.0,0.0,0.0,1.0,1.0,1.0,1.0,0.0,0.0,0.0,0.0,0.0,0
25062123,EMEF GENUINO BRITO DA SILVA,2509503,Montadas,1,3,0.0,0.0,0.0,0.0,1.0,1.0,1.0,1.0,0.0,0.0,0.0,0.0,3.0,0
25062131,EMEIF MARIA VITAL DOS SANTOS,2509503,Montadas,2,3,0.0,0.0,0.0,0.0,1.0,1.0,1.0,1.0,0.0,0.0,0.0,0.0,3.0,0
25062158,EMEIF IRINEU JOSE DE MARIA,2509503,Montadas,2,3,0.0,0.0,0.0,0.0,1.0,1.0,1.0,1.0,0.0,0.0,0.0,0.0,0.0,0
25009559,ECI BONIFACIO SARAIVA DE MOURA,2509602,Monte Horebe,1,2,0.0,0.0,0.0,0.0,1.0,1.0,1.0,1.0,1.0,1.0,0.0,0.0,0.0,--
25009664,EMEIF JOAQUIM BARBOSA DOS SANTOS,2509602,Monte Horebe,2,3,0.0,0.0,0.0,0.0,1.0,1.0,1.0,1.0,0.0,0.0,0.0,0.0,0.0,0
25009672,EMEIF JONAS DE SA RAMALHO,2509602,Monte Horebe,2,3,0.0,0.0,0.0,0.0,1.0,1.0,1.0,1.0,1.0,0.0,0.0,0.0,0.0,0
25009850,EMEIF SANTA TEREZINHA,2509602,Monte Horebe,2,3,0.0,0.0,0.0,0.0,1.0,1.0,1.0,1.0,1.0,0.0,0.0,0.0,0.0,0
25104039,EMEIF JOSE DIAS GUARITA,2509602,Monte Horebe,1,3,0.0,0.0,0.0,0.0,1.0,1.0,1.0,1.0,1.0,0.0,1.0,0.0,16.0,0
25045334,COLEGIO NOSSA SENHORA DE LOURDES,2509701,Monteiro,1,4,0.0,0.0,0.0,0.0,1.0,0.0,1.0,1.0,1.0,1.0,1.0,0.0,7.0,0
25045342,ESCOLA MUNICIPAL TIRADENTES,2509701,Monteiro,1,3,0.0,0.0,0.0,0.0,1.0,1.0,1.0,1.0,0.0,0.0,0.0,0.0,11.0,0
25045377,ECIT JOSE LEITE DE SOUZA,2509701,Monteiro,1,2,0.0,0.0,0.0,0.0,1.0,1.0,1.0,1.0,1.0,1.0,1.0,0.0,17.0,--
25045466,EEEM BENTO TENORIO DE SOUSA ESCOLA DO CAMPO,2509701,Monteiro,2,2,1.0,0.0,0.0,0.0,1.0,1.0,1.0,1.0,0.0,1.0,0.0,1.0,0.0,--
25045555,EEEFM MIGUEL SANTA CRUZ,2509701,Monteiro,1,2,0.0,0.0,0.0,0.0,1.0,1.0,1.0,1.0,1.0,0.0,0.0,1.0,0.0,--
25046110,EMEIEF BRISA NUNES BRAZ,2509701,Monteiro,1,3,0.0,0.0,0.0,0.0,1.0,1.0,1.0,1.0,1.0,0.0,0.0,0.0,11.0,0
25046349,EMEIEF TOBIAS REMIGIO GOMES,2509701,Monteiro,2,3,0.0,0.0,0.0,0.0,1.0,1.0,1.0,1.0,1.0,0.0,0.0,0.0,6.0,0
25046519,EMEIEF TERCIO CALDEIRA,2509701,Monteiro,2,3,0.0,0.0,0.0,0.0,1.0,1.0,1.0,1.0,0.0,0.0,0.0,0.0,0.0,0
25046535,EMEIEF JOSE BELARMINO ALVES,2509701,Monteiro,2,3,0.0,0.0,0.0,0.0,1.0,1.0,1.0,1.0,1.0,0.0,0.0,0.0,0.0,0
25102168,EMEIEF LAURA LOPES FRAZAO,2509701,Monteiro,2,3,0.0,0.0,0.0,0.0,1.0,1.0,1.0,1.0,0.0,0.0,0.0,0.0,0.0,0
25107321,EMEF I PROF JOSE DE ARAUJO VALENCA,2509701,Monteiro,1,3,0.0,0.0,0.0,0.0,1.0,1.0,1.0,1.0,1.0,0.0,0.0,0.0,11.0,0
25115340,INSTITUTO EDUCACIONAL JOSE PEREIRA DO NASCIMENTO,2509701,Monteiro,1,4,0.0,0.0,0.0,0.0,1.0,0.0,1.0,1.0,1.0,0.0,1.0,0.0,17.0,0
25115359,EEEM JOAO DE OLIVEIRA CHAVES,2509701,Monteiro,1,2,0.0,0.0,0.0,0.0,1.0,1.0,1.0,1.0,1.0,1.0,1.0,0.0,0.0,--
25119036,ESCOLA MONTEIRO LOBATO,2509701,Monteiro,1,4,0.0,0.0,0.0,0.0,1.0,0.0,1.0,1.0,1.0,0.0,1.0,0.0,10.0,0
25122118,EMEF PROFª ADALICE REMIGIO GOMES,2509701,Monteiro,1,3,0.0,0.0,0.0,0.0,1.0,1.0,1.0,1.0,0.0,0.0,0.0,0.0,11.0,0
25122142,EMEF II PROFª MARIA DO SOCORRO ARAGAO LIBERAL,2509701,Monteiro,1,3,0.0,0.0,0.0,0.0,1.0,1.0,1.0,1.0,1.0,0.0,1.0,0.0,3.0,--
25129244,EMEF PROFESSORA MARIA LAURICEIA FREITAS,2509701,Monteiro,1,3,0.0,0.0,0.0,0.0,1.0,1.0,1.0,1.0,0.0,0.0,1.0,0.0,10.0,--
25130382,EMEF NAPOLEAO SANTA CRUZ NETO,2509701,Monteiro,1,3,0.0,0.0,0.0,0.0,1.0,1.0,1.0,1.0,1.0,0.0,0.0,0.0,7.0,0
25133217,ESCOLA MUNICIPAL DE ENSINO FUNDAMENTAL SANTA FILOMENA,2509701,Monteiro,1,3,0.0,0.0,0.0,0.0,1.0,1.0,1.0,1.0,0.0,0.0,0.0,0.0,7.0,0
25133969,EMEF LAURA ALVES DE SOUSA,2509701,Monteiro,2,3,0.0,0.0,0.0,0.0,1.0,1.0,1.0,1.0,1.0,0.0,0.0,0.0,6.0,0
25284940,IFPB - CAMPUS MONTEIRO,2509701,Monteiro,1,1,0.0,0.0,0.0,0.0,1.0,1.0,1.0,1.0,1.0,1.0,1.0,0.0,13.0,--
25069632,CENTRO EDUCACIONAL DE ENS FUND EPAMINONDAS TORRES DE AQUINO,2509800,Mulungu,1,3,0.0,0.0,0.0,0.0,1.0,1.0,1.0,1.0,1.0,0.0,1.0,0.0,18.0,0
25069640,COLEGIO MUNICIPAL LUIS GALDINO SALES,2509800,Mulungu,1,3,0.0,0.0,0.0,0.0,1.0,1.0,1.0,1.0,1.0,0.0,0.0,0.0,8.0,--
25069659,ESCOLA MUNICIPAL DE ENSINO FUNDAMENTAL MANOEL GOMES DE SOUZA,2509800,Mulungu,2,3,0.0,0.0,0.0,0.0,1.0,1.0,1.0,1.0,1.0,0.0,1.0,0.0,8.0,0
25069675,ECIT MAJOR ANTONIO DE AQUINO,2509800,Mulungu,1,2,0.0,0.0,0.0,0.0,1.0,1.0,1.0,0.0,1.0,0.0,0.0,1.0,0.0,--
25069683,EEEFM JARDILINA CRUZ PEREIRA,2509800,Mulungu,2,2,0.0,0.0,0.0,0.0,1.0,1.0,1.0,0.0,1.0,1.0,1.0,0.0,7.0,--
25069721,EEEF D AMARO BELTRAO,2509800,Mulungu,1,2,0.0,0.0,0.0,0.0,1.0,1.0,1.0,1.0,1.0,0.0,1.0,0.0,0.0,--
25069799,GRUPO ESCOLAR OLINDINA ARQUILINA DO NASCIMENTO,2509800,Mulungu,2,3,0.0,0.0,0.0,0.0,1.0,1.0,1.0,1.0,0.0,0.0,0.0,0.0,0.0,0
25069888,GRUPO ESCOLAR ISAURA MARIA DA CONCEICAO,2509800,Mulungu,2,3,0.0,0.0,0.0,0.0,1.0,1.0,1.0,1.0,0.0,0.0,0.0,1.0,0.0,0
25069926,GRUPO ESCOLAR MARIA RUFINO DE MOURA,2509800,Mulungu,2,3,0.0,0.0,0.0,0.0,1.0,1.0,1.0,1.0,0.0,0.0,0.0,0.0,0.0,0
25069985,GRUPO ESCOLAR ANTONIA MARIA DA COICEICAO,2509800,Mulungu,2,3,0.0,0.0,0.0,0.0,1.0,1.0,1.0,1.0,0.0,0.0,0.0,0.0,0.0,0
25070002,GRUPO ESCOLAR MUNICIPAL FRANCISCO CAMILO PEREIRA,2509800,Mulungu,2,3,0.0,0.0,0.0,0.0,1.0,1.0,1.0,1.0,0.0,0.0,0.0,0.0,3.0,0
25070029,GRUPO ESCOLAR MAXIMO DE SOUZA MALHEIROS,2509800,Mulungu,2,3,0.0,0.0,0.0,0.0,1.0,1.0,1.0,1.0,0.0,0.0,0.0,1.0,0.0,0
25084526,ECIT FRANCISCO DE ALBUQUERQUE MONTENEGRO,2509909,Natuba,1,2,0.0,0.0,0.0,0.0,1.0,1.0,1.0,1.0,0.0,1.0,0.0,0.0,0.0,--
25084542,EEEF DOUTOR CARLOS PESSOA,2509909,Natuba,1,2,0.0,0.0,0.0,0.0,1.0,1.0,1.0,1.0,1.0,0.0,0.0,0.0,0.0,--
25084585,EMEIF EDUARDO FERREIRA MACIEL,2509909,Natuba,2,3,0.0,0.0,0.0,0.0,1.0,1.0,1.0,1.0,0.0,0.0,0.0,0.0,0.0,0
25084674,ESCOLA MUNICIPAL PEDACINHO DE AMOR,2509909,Natuba,1,3,0.0,0.0,0.0,0.0,1.0,1.0,1.0,1.0,1.0,0.0,0.0,0.0,6.0,0
25084712,EMEIF ARGEMIRO DE FIGUEIREDO,2509909,Natuba,2,3,0.0,0.0,0.0,0.0,1.0,1.0,1.0,1.0,1.0,0.0,0.0,1.0,0.0,0
25084739,EMEIF ANTONIO DO VALE OLIVEIRA,2509909,Natuba,2,3,0.0,0.0,0.0,0.0,1.0,1.0,1.0,1.0,1.0,0.0,0.0,0.0,0.0,0
25084747,EMEIF FERNANDO PESSOA,2509909,Natuba,2,3,0.0,0.0,0.0,0.0,1.0,1.0,1.0,1.0,0.0,0.0,0.0,1.0,0.0,0
25084780,EMEIF SAO JOAO,2509909,Natuba,2,3,0.0,0.0,0.0,0.0,1.0,1.0,1.0,1.0,0.0,0.0,0.0,0.0,0.0,0
25084798,EMEIF FRANCISCA MARIA DE JESUS,2509909,Natuba,2,3,0.0,0.0,0.0,0.0,1.0,1.0,1.0,1.0,0.0,0.0,0.0,0.0,1.0,0
25084828,EMEIF NOSSA SENHORA DAS DORES,2509909,Natuba,2,3,0.0,0.0,0.0,0.0,1.0,1.0,1.0,1.0,0.0,0.0,0.0,0.0,0.0,0
25084895,EMEIF ROBERTO PESSOA,2509909,Natuba,2,3,0.0,0.0,0.0,0.0,1.0,1.0,1.0,1.0,0.0,0.0,0.0,0.0,1.0,0
25114417,EMEF AVANI TERESINHA DOS SANTOS,2509909,Natuba,1,3,0.0,0.0,0.0,0.0,1.0,1.0,1.0,1.0,0.0,0.0,1.0,0.0,7.0,--
25121227,EMEIF TEREZA CHAVES,2509909,Natuba,2,3,0.0,0.0,0.0,0.0,1.0,1.0,1.0,1.0,0.0,0.0,0.0,0.0,0.0,0
25084658,EMEIF ANTONIO SOARES DE SOUZA,2509909,Natuba,2,3,0.0,0.0,0.0,0.0,1.0,1.0,1.0,1.0,0.0,0.0,0.0,0.0,0.0,0
25084771,EMEIF JOAQUIM ANDRE DA SILVA,2509909,Natuba,2,3,0.0,0.0,0.0,0.0,1.0,1.0,1.0,1.0,0.0,0.0,1.0,0.0,0.0,0
25084852,EMEIF DOM ADAUTO DE MIRANDA,2509909,Natuba,2,3,0.0,0.0,0.0,0.0,1.0,1.0,1.0,1.0,1.0,0.0,0.0,0.0,0.0,0
25084887,EMEIF SANTO ANTONIO,2509909,Natuba,2,3,0.0,0.0,0.0,0.0,1.0,1.0,1.0,1.0,0.0,0.0,0.0,0.0,0.0,0
25084917,EMEF MARIA JOSE DOS SANTOS,2509909,Natuba,2,3,0.0,0.0,0.0,0.0,1.0,1.0,1.0,1.0,0.0,0.0,0.0,0.0,0.0,0
25121235,EMEIF SALVADOR RAMOS DA SILVA,2509909,Natuba,2,3,0.0,0.0,0.0,0.0,1.0,1.0,1.0,1.0,0.0,0.0,0.0,0.0,11.0,0
25014951,ECI FRANCISCO AUGUSTO CAMPOS,2510006,Nazarezinho,1,2,0.0,0.0,0.0,0.0,1.0,1.0,1.0,1.0,0.0,0.0,0.0,0.0,7.0,--
25014960,EEEF MANOEL MENDES,2510006,Nazarezinho,1,2,0.0,0.0,0.0,0.0,1.0,1.0,1.0,1.0,1.0,0.0,0.0,1.0,5.0,0
25015060,EMEIEF AMELIA MARIA SARMENTO,2510006,Nazarezinho,1,3,0.0,0.0,0.0,0.0,1.0,1.0,1.0,1.0,0.0,0.0,0.0,0.0,14.0,0
25115197,EMEF MARIA DO CARMO PEDROZA MENDES,2510006,Nazarezinho,1,3,0.0,0.0,0.0,0.0,1.0,1.0,1.0,1.0,1.0,0.0,1.0,0.0,11.0,--
25056620,ECIT JOSE ROLDERICK DE OLIVEIRA,2510105,Nova Floresta,1,2,0.0,0.0,0.0,0.0,0.0,1.0,1.0,0.0,0.0,0.0,0.0,0.0,16.0,--
25056654,EMEF DELANE SANTOS,2510105,Nova Floresta,1,3,0.0,0.0,0.0,0.0,1.0,1.0,1.0,1.0,1.0,0.0,0.0,0.0,4.0,0
25056662,EMEF MARIA ELENILDA BATISTA DANTAS,2510105,Nova Floresta,1,3,0.0,0.0,0.0,0.0,1.0,1.0,1.0,1.0,0.0,0.0,0.0,0.0,4.0,0
25056697,EMEF ENG SEBASTIAO ERNESTO DOS SANTOS,2510105,Nova Floresta,2,3,0.0,0.0,0.0,0.0,1.0,1.0,1.0,1.0,0.0,0.0,0.0,0.0,3.0,0
25056727,EMEF PROFA JULIETA DE LIMA E COSTA,2510105,Nova Floresta,1,3,0.0,0.0,0.0,0.0,1.0,1.0,1.0,1.0,0.0,0.0,0.0,0.0,6.0,0
25056735,EMEF PAPA PAULO VI,2510105,Nova Floresta,1,3,0.0,0.0,0.0,0.0,1.0,1.0,1.0,1.0,1.0,1.0,0.0,0.0,8.0,--
25056760,EMEF SENADOR RUI CARNEIRO,2510105,Nova Floresta,1,3,0.0,0.0,0.0,0.0,1.0,1.0,1.0,1.0,0.0,0.0,0.0,0.0,0.0,0
25111647,EDUCANDARIO CAMINHO DO SABER,2510105,Nova Floresta,1,4,0.0,0.0,0.0,0.0,1.0,0.0,1.0,1.0,1.0,0.0,0.0,0.0,3.0,0
25132997,INSTITUTO EDUCACIONAL SANDRA MARIA BEZERRA,2510105,Nova Floresta,1,4,0.0,0.0,0.0,0.0,1.0,0.0,1.0,1.0,1.0,0.0,0.0,1.0,4.0,0
25025619,EMEF GENESIO PINTO RAMALHO,2510204,Nova Olinda,1,3,0.0,0.0,0.0,0.0,1.0,1.0,1.0,1.0,1.0,0.0,0.0,0.0,10.0,0
25025635,ECIT JOAO LEITE NETO,2510204,Nova Olinda,1,2,0.0,0.0,0.0,0.0,0.0,1.0,1.0,0.0,0.0,0.0,0.0,1.0,8.0,--
25025724,EMEIF JOAO MOSSORO DE SOUSA,2510204,Nova Olinda,2,3,0.0,0.0,0.0,0.0,1.0,1.0,1.0,1.0,0.0,0.0,0.0,0.0,2.0,0
25025740,EMEIF PADRE JOSE DE ANCHIETA,2510204,Nova Olinda,1,3,0.0,0.0,0.0,0.0,1.0,1.0,1.0,1.0,1.0,0.0,0.0,0.0,7.0,0
25025767,EMEIF MARIA DIONISIA DE SOUSA,2510204,Nova Olinda,2,3,0.0,0.0,0.0,0.0,1.0,1.0,1.0,1.0,0.0,0.0,0.0,0.0,8.0,0
25025775,EMEIF PRESIDENTE MEDICI,2510204,Nova Olinda,2,3,0.0,0.0,0.0,0.0,1.0,1.0,1.0,1.0,0.0,0.0,0.0,1.0,2.0,0
25042351,ECI ANTONIO COELHO DANTAS,2510303,Nova Palmeira,1,2,0.0,0.0,0.0,0.0,1.0,1.0,1.0,1.0,1.0,1.0,1.0,0.0,3.0,--
25042475,EMEF IRAN COELHO DANTAS,2510303,Nova Palmeira,1,3,0.0,0.0,0.0,0.0,1.0,1.0,1.0,1.0,1.0,0.0,1.0,0.0,9.0,0
25125265,EMEIF PROFESSORA BENITA DOS SANTOS CORDEIRO,2510303,Nova Palmeira,1,3,0.0,0.0,0.0,0.0,1.0,1.0,1.0,1.0,0.0,0.0,0.0,0.0,4.0,0
25135589,ESCOLA MUNICIPAL MARIA DA PAZ BEZERRA DE MEDEIROS,2510303,Nova Palmeira,1,3,0.0,0.0,0.0,0.0,1.0,1.0,1.0,1.0,1.0,0.0,0.0,0.0,4.0,0
25025813,EEEF CONEGO MANOEL OTAVIANO,2510402,Olho d'Água,1,2,0.0,0.0,0.0,0.0,0.0,1.0,1.0,0.0,0.0,0.0,0.0,1.0,0.0,0
25025830,ECI ANTONIO AVELINO DE ALMEIDA,2510402,Olho d'Água,1,2,0.0,0.0,0.0,0.0,0.0,1.0,1.0,0.0,0.0,0.0,0.0,1.0,0.0,--
25025899,EMEF ANTONIO FAUSTO DE ALMEIDA,2510402,Olho d'Água,1,3,0.0,0.0,0.0,0.0,1.0,1.0,1.0,1.0,1.0,0.0,0.0,0.0,7.0,0
25025929,ESC MUL CEDRO,2510402,Olho d'Água,2,3,0.0,0.0,0.0,0.0,1.0,1.0,1.0,1.0,0.0,0.0,0.0,1.0,0.0,0
25026003,EMEF ESPERIDIAO LEITE DE MELO,2510402,Olho d'Água,2,3,0.0,0.0,0.0,0.0,1.0,1.0,1.0,1.0,0.0,0.0,0.0,1.0,0.0,0
25026143,EMEF MANOEL PROCOPIO DE ARAUJO,2510402,Olho d'Água,2,3,0.0,0.0,0.0,0.0,1.0,1.0,1.0,1.0,0.0,0.0,0.0,0.0,9.0,0
25026151,EMEF PEDRO TIBURTINO LEITE,2510402,Olho d'Água,2,3,0.0,0.0,0.0,0.0,1.0,1.0,1.0,1.0,1.0,0.0,0.0,1.0,0.0,0
25026208,EMEF JULIO MINERVINO,2510402,Olho d'Água,1,3,0.0,0.0,0.0,0.0,1.0,1.0,1.0,1.0,0.0,0.0,0.0,0.0,7.0,0
25105493,EMEF NECY MINERVINO DE CARVALHO,2510402,Olho d'Água,2,3,0.0,0.0,0.0,0.0,1.0,1.0,1.0,1.0,1.0,0.0,0.0,0.0,6.0,0
25240927,EMEF RAQUEL MINERVINO DE CARVALHO,2510402,Olho d'Água,1,3,0.0,0.0,0.0,0.0,1.0,1.0,1.0,1.0,0.0,0.0,0.0,0.0,10.0,--
25056778,COL MUL MONSENHOR STANISLAU,2510501,Olivedos,1,3,0.0,0.0,0.0,0.0,1.0,1.0,1.0,1.0,1.0,0.0,1.0,0.0,10.0,--
25056956,GR ESC FRANCISCO LUCINDO PEREIRA,2510501,Olivedos,1,3,0.0,0.0,0.0,0.0,1.0,1.0,1.0,1.0,1.0,0.0,0.0,0.0,0.0,0
25120859,ECI PROFESSORA MARIA JOSE COSTA DE ALBUQUERQUE,2510501,Olivedos,1,2,0.0,0.0,0.0,0.0,1.0,1.0,1.0,1.0,1.0,0.0,0.0,0.0,1.0,--
25046756,ESCOLA MUNICIPAL EM TEMPO INTEGRAL JACINTO DANTAS,2510600,Ouro Velho,1,3,0.0,0.0,0.0,0.0,1.0,1.0,1.0,1.0,1.0,0.0,0.0,0.0,8.0,0
25046764,ECI NOSSA SENHORA DAS GRACAS,2510600,Ouro Velho,1,2,0.0,0.0,0.0,0.0,1.0,1.0,1.0,1.0,0.0,0.0,0.0,0.0,0.0,--
25046888,GR ESC JOAQUIM BERNARDO,2510600,Ouro Velho,2,3,0.0,0.0,0.0,0.0,1.0,1.0,1.0,1.0,0.0,0.0,0.0,0.0,0.0,0
25132962,EMEF MARIA ROSEILDA FERNANDES DE MENEZES,2510600,Ouro Velho,1,3,0.0,0.0,0.0,0.0,1.0,1.0,1.0,1.0,0.0,0.0,0.0,0.0,4.0,--
25047469,ECI JAIRO AIRES CALUETE,2510659,Parari,1,2,0.0,0.0,0.0,0.0,1.0,1.0,1.0,1.0,1.0,1.0,1.0,0.0,5.0,--
25048074,EMEIEF JOSE RICARDO DA CRUZ,2510659,Parari,2,3,0.0,0.0,0.0,0.0,1.0,1.0,1.0,0.0,1.0,0.0,0.0,0.0,0.0,0
25048082,EMEIEF INACIO FARIAS RAMOS,2510659,Parari,2,3,0.0,0.0,0.0,0.0,1.0,1.0,1.0,1.0,0.0,0.0,0.0,0.0,0.0,0
25111329,EMEF LUIZ CORREIA DE QUEIROZ,2510659,Parari,1,3,0.0,0.0,0.0,0.0,1.0,1.0,1.0,1.0,1.0,0.0,0.0,0.0,0.0,0
25020358,EMEF CARLOS MONTEIRO DE OLIVEIRA,2510709,Passagem,1,3,0.0,0.0,0.0,0.0,1.0,1.0,1.0,1.0,1.0,0.0,1.0,0.0,8.0,--
25020366,ECI CONEGO MACHADO,2510709,Passagem,1,2,0.0,0.0,0.0,0.0,1.0,1.0,1.0,1.0,0.0,0.0,0.0,0.0,3.0,--
25129805,ESCOLA MUNICIPAL DE ENSINO INFANTIL E FUNDAMENTAL MARIA BERNADETE A COSTA,2510709,Passagem,2,3,0.0,0.0,0.0,0.0,1.0,1.0,1.0,1.0,0.0,0.0,0.0,0.0,4.0,0
25133004,ESCOLA MUNICIPAL DE EDUCACAO INFANTIL E ENSINO FUNDAMENTAL DEPUTADO GENIVAL MATIAS,2510709,Passagem,1,3,0.0,0.0,0.0,0.0,1.0,1.0,1.0,1.0,0.0,0.0,0.0,0.0,4.0,0
25135066,ESCOLA MUNICIPAL DE ENSINO INFANTIL E FUNDAMENTAL AUREA ARAUJO GOMES,2510709,Passagem,1,3,0.0,0.0,0.0,0.0,1.0,1.0,1.0,1.0,1.0,0.0,1.0,0.0,6.0,0
25020684,COLEGIO CRISTO REI,2510808,Patos,1,4,0.0,0.0,0.0,0.0,1.0,0.0,1.0,1.0,1.0,1.0,0.0,0.0,31.0,0
25020749,COMPLEXO EDUCACIONAL PATOENSE LTDA,2510808,Patos,1,4,0.0,0.0,0.0,0.0,1.0,0.0,1.0,1.0,1.0,1.0,0.0,0.0,0.0,0
25020846,ESC DIONISIO MARQUES DE ALMEIDA,2510808,Patos,1,4,0.0,0.0,0.0,0.0,1.0,0.0,1.0,1.0,1.0,1.0,1.0,0.0,21.0,0
25020854,ECIT DOUTOR DIONISIO DA COSTA,2510808,Patos,1,2,0.0,0.0,0.0,0.0,0.0,1.0,1.0,0.0,0.0,0.0,0.0,1.0,0.0,--
25020900,EEEFM ANTONIA ARAUJO,2510808,Patos,1,2,0.0,0.0,0.0,0.0,1.0,1.0,1.0,1.0,1.0,0.0,0.0,0.0,0.0,--
25020927,ECI AUZENIR LACERDA,2510808,Patos,1,2,0.0,0.0,0.0,0.0,1.0,1.0,1.0,1.0,1.0,1.0,1.0,0.0,0.0,--
25020935,ECI MONSENHOR MANOEL VIEIRA,2510808,Patos,1,2,0.0,0.0,0.0,0.0,0.0,1.0,1.0,1.0,0.0,0.0,0.0,1.0,22.0,--
25020978,EEEM PROFESSORA MARIA NUNES,2510808,Patos,1,2,0.0,0.0,0.0,0.0,0.0,1.0,1.0,1.0,0.0,0.0,0.0,1.0,0.0,--
25020986,EEEFM RIO BRANCO,2510808,Patos,1,2,0.0,0.0,0.0,0.0,1.0,1.0,1.0,1.0,0.0,0.0,1.0,0.0,0.0,--
25021087,EMEF ARISTIDES HAMAD TIMENE,2510808,Patos,1,3,0.0,0.0,0.0,0.0,1.0,1.0,1.0,1.0,1.0,1.0,0.0,0.0,10.0,0
25021109,EMEF ANATILDES AIRES DE MOURA,2510808,Patos,1,3,0.0,0.0,0.0,0.0,1.0,1.0,1.0,1.0,1.0,0.0,0.0,0.0,5.0,0
25021141,EMEF OSCAR BENTO DE OLIVEIRA,2510808,Patos,2,3,0.0,0.0,0.0,0.0,1.0,1.0,0.0,0.0,0.0,0.0,0.0,1.0,0.0,0
25021290,EMEF JOSE MARTINS ALVES,2510808,Patos,2,3,0.0,0.0,0.0,0.0,1.0,1.0,1.0,1.0,0.0,0.0,0.0,0.0,1.0,0
25021311,EMEF MONSENHOR MANOEL VIEIRA,2510808,Patos,1,3,0.0,0.0,0.0,0.0,1.0,1.0,1.0,1.0,0.0,1.0,0.0,0.0,11.0,--
25021320,EMEF PROFESSOR MANOEL DE SOUSA OLIVEIRA,2510808,Patos,1,3,0.0,0.0,0.0,0.0,1.0,1.0,1.0,1.0,0.0,0.0,0.0,0.0,6.0,--
25021338,CIEP IV ALFREDO LUSTOSA E AGGEU DE CASTRO,2510808,Patos,1,3,0.0,0.0,0.0,0.0,1.0,1.0,1.0,1.0,1.0,0.0,0.0,0.0,9.0,0
25021346,EIMEF RADIALISTA PAULO PORTO,2510808,Patos,1,3,0.0,0.0,0.0,0.0,1.0,1.0,1.0,1.0,0.0,0.0,0.0,0.0,6.0,0
25021427,EEEM DOM EXPEDITO DE OLIVEIRA,2510808,Patos,1,2,0.0,0.0,0.0,0.0,1.0,1.0,1.0,1.0,1.0,0.0,0.0,0.0,0.0,--
25021435,ESC NOSSO LAR TIO JUCA,2510808,Patos,1,3,0.0,0.0,0.0,0.0,1.0,1.0,1.0,1.0,0.0,0.0,0.0,0.0,10.0,0
25021494,ESCOLA ROTARY CLUB DE ENSINO FUNDAMENTAL MARCONI ARAUJO LEITE,2510808,Patos,1,3,0.0,0.0,0.0,0.0,1.0,1.0,1.0,1.0,1.0,0.0,0.0,1.0,7.0,0
25021524,CIEP V MARIA EUDOCIA -SANTA TEREZINHA,2510808,Patos,1,3,0.0,0.0,0.0,0.0,1.0,1.0,1.0,1.0,1.0,0.0,0.0,0.0,7.0,0
25021540,EMEF ANAIZA LUIZ CALIXTO,2510808,Patos,1,3,0.0,0.0,0.0,0.0,1.0,1.0,1.0,1.0,0.0,0.0,0.0,0.0,13.0,0
25021559,EMEF ANTONIO DA COSTA PALMEIRA,2510808,Patos,2,3,0.0,0.0,0.0,0.0,1.0,1.0,1.0,1.0,0.0,0.0,0.0,1.0,0.0,0
25021567,CIEP III DR FIRMINO AYRES LEITE E OTTO DE S QUINHO,2510808,Patos,1,3,0.0,0.0,0.0,0.0,1.0,1.0,1.0,1.0,1.0,0.0,0.0,0.0,11.0,--
25021621,EMEF JOAO RODRIGUES DE AMORIM,2510808,Patos,1,3,0.0,0.0,0.0,0.0,1.0,1.0,1.0,1.0,1.0,1.0,0.0,0.0,5.0,--
25021648,EMEF NELITA NOBREGA QUEIROZ,2510808,Patos,1,3,0.0,0.0,0.0,0.0,1.0,1.0,1.0,1.0,0.0,0.0,0.0,0.0,4.0,0
25021664,EMEF SIZENANDO F DE SOUSA,2510808,Patos,1,3,0.0,0.0,0.0,0.0,1.0,1.0,1.0,1.0,1.0,0.0,0.0,0.0,7.0,0
25021672,EMEF ALIRIO MEIRA WANDERLEY,2510808,Patos,1,3,0.0,0.0,0.0,0.0,1.0,1.0,1.0,1.0,1.0,0.0,0.0,0.0,16.0,0
25021680,EMEF ZEFINHA MOTA,2510808,Patos,1,3,0.0,0.0,0.0,0.0,1.0,1.0,1.0,1.0,1.0,0.0,0.0,0.0,6.0,--
25021702,EMEF DOM EXPEDITO E DE OLIVEIRA,2510808,Patos,1,3,0.0,0.0,0.0,0.0,1.0,1.0,1.0,1.0,0.0,0.0,0.0,0.0,8.0,0
25021710,EMEF SENADOR HUMBERTO LUCENA,2510808,Patos,1,3,0.0,0.0,0.0,0.0,1.0,1.0,1.0,1.0,0.0,0.0,0.0,0.0,7.0,0
25021745,CIEP I DR JOSE GENUINO-NAPOLEAO NOBREGA,2510808,Patos,1,3,0.0,0.0,0.0,0.0,1.0,1.0,1.0,1.0,0.0,0.0,1.0,0.0,13.0,--
25021796,EMEF MANOEL ROBERTO,2510808,Patos,1,3,0.0,0.0,0.0,0.0,1.0,1.0,1.0,1.0,1.0,0.0,0.0,0.0,5.0,0
25021800,CIEP II ANESIO LEAO E MIGUEL MOTA,2510808,Patos,1,3,0.0,0.0,0.0,0.0,1.0,1.0,1.0,1.0,1.0,0.0,0.0,0.0,6.0,0
25021818,EMEF NINA NOBREGA,2510808,Patos,2,3,1.0,0.0,0.0,0.0,1.0,1.0,1.0,1.0,0.0,0.0,0.0,0.0,4.0,0
25021842,EMEF SABINO FERREIRA FREIRE,2510808,Patos,1,3,0.0,0.0,0.0,0.0,1.0,1.0,1.0,1.0,1.0,0.0,0.0,0.0,7.0,0
25021850,ESCOLA MUNICIPAL DE ENSINO FUNDAMENTAL TOBIAS MEDEIROS,2510808,Patos,1,3,0.0,0.0,0.0,0.0,1.0,1.0,1.0,1.0,1.0,0.0,0.0,0.0,5.0,0
25021877,INST EDUC MARIA DO SOCORRO,2510808,Patos,1,4,0.0,0.0,0.0,0.0,1.0,0.0,1.0,1.0,1.0,1.0,0.0,0.0,20.0,0
25021885,INST EDUC VERA CRUZ,2510808,Patos,1,4,0.0,0.0,0.0,0.0,1.0,0.0,1.0,1.0,1.0,1.0,0.0,0.0,22.0,0
25021915,INSTITUTO SAO JOSE,2510808,Patos,1,4,0.0,0.0,0.0,0.0,1.0,0.0,1.0,1.0,1.0,0.0,1.0,0.0,12.0,0
25021958,INST EDUC BRANCA DE NEVE,2510808,Patos,1,4,0.0,0.0,0.0,0.0,1.0,0.0,1.0,1.0,1.0,1.0,0.0,0.0,15.0,0
25021982,CENTRO EDUCACIONAL ROSA MISTICA,2510808,Patos,1,4,0.0,0.0,0.0,0.0,1.0,1.0,1.0,1.0,0.0,0.0,0.0,0.0,10.0,0
25102669,INST EDUC DR DIONISIO COSTA,2510808,Patos,1,3,0.0,0.0,0.0,0.0,1.0,1.0,1.0,1.0,1.0,1.0,0.0,0.0,14.0,--
25103563,EEEM PROFESSOR JOSE GOMES ALVES,2510808,Patos,1,2,0.0,0.0,0.0,0.0,1.0,1.0,1.0,1.0,1.0,1.0,1.0,0.0,6.0,--
25111248,EMEF PASTOR FRANK DYER,2510808,Patos,1,3,0.0,0.0,0.0,0.0,1.0,1.0,1.0,1.0,0.0,0.0,0.0,0.0,4.0,0
25114166,EMEF RAIMUNDA MELO DE MEDEIROS,2510808,Patos,1,3,0.0,0.0,0.0,0.0,1.0,1.0,1.0,1.0,0.0,0.0,0.0,0.0,8.0,0
25114182,EMEF MARIA DAS CHAGAS CANDEIA,2510808,Patos,1,3,0.0,0.0,0.0,0.0,1.0,1.0,1.0,1.0,1.0,0.0,0.0,0.0,9.0,0
25117289,EMEF ANTONIO GUEDES DOS SANTOS,2510808,Patos,1,3,0.0,0.0,0.0,0.0,1.0,1.0,1.0,1.0,1.0,0.0,0.0,0.0,11.0,0
25117777,INSTITUTO EDUCACIONAL MUNDO MAGICO,2510808,Patos,1,4,0.0,0.0,0.0,0.0,1.0,0.0,1.0,1.0,1.0,0.0,0.0,1.0,4.0,0
25120492,INSTITUTO EDUCACIONAL CHAPEUZINHO VERMELHO,2510808,Patos,1,4,0.0,0.0,0.0,0.0,1.0,0.0,1.0,1.0,1.0,0.0,1.0,0.0,11.0,0
25120590,ESCOLA BANANAS DE PIJAMAS,2510808,Patos,1,4,0.0,0.0,0.0,0.0,1.0,0.0,1.0,1.0,1.0,0.0,0.0,1.0,6.0,0
25124692,INSTITUTO EDUCACIONAL PINGO DE MEL,2510808,Patos,1,4,0.0,0.0,0.0,0.0,1.0,0.0,1.0,1.0,1.0,0.0,0.0,0.0,8.0,0
25125885,INSTITUTO EDUCACIONAL DENTINHO DE LEITE,2510808,Patos,1,4,0.0,0.0,0.0,0.0,1.0,0.0,1.0,1.0,1.0,0.0,0.0,0.0,0.0,0
25129724,ESCOLA JARDIM DE ANJOS,2510808,Patos,1,4,0.0,0.0,0.0,0.0,1.0,0.0,1.0,1.0,0.0,0.0,0.0,1.0,0.0,0
25130153,ECIT LYNALDO CAVALCANTI DE ALBUQUERQUE,2510808,Patos,1,2,0.0,0.0,0.0,0.0,1.0,1.0,1.0,1.0,1.0,0.0,1.0,0.0,12.0,--
25130234,CENTRO EDUCACIONAL ESTRELA DALVA,2510808,Patos,1,4,0.0,0.0,0.0,0.0,1.0,0.0,1.0,1.0,1.0,0.0,0.0,0.0,10.0,0
25130870,EMEF SADY E AGABA,2510808,Patos,1,3,0.0,0.0,0.0,0.0,1.0,1.0,1.0,1.0,1.0,1.0,0.0,1.0,8.0,0
25132750,COLEGIO DE ENSINO FUNDAMENTAL ANDRADE DE QUEIROS EIRELI,2510808,Patos,1,4,0.0,0.0,0.0,0.0,1.0,0.0,1.0,1.0,0.0,0.0,0.0,0.0,15.0,0
25134264,COLEGIO DIEGO DANTAS EIRELI,2510808,Patos,1,4,0.0,0.0,0.0,0.0,1.0,1.0,1.0,1.0,0.0,0.0,1.0,0.0,15.0,0
25139002,CENTRO PATOENSE INTEGRADO DE EDUCACAO LTDA,2510808,Patos,1,4,0.0,0.0,0.0,0.0,1.0,0.0,1.0,1.0,1.0,1.0,1.0,0.0,31.0,0
25143603,INSTITUTO EDUCACIONAL LUIZA FEITOSA ALVES,2510808,Patos,1,4,0.0,0.0,0.0,0.0,1.0,0.0,1.0,1.0,1.0,0.0,0.0,0.0,7.0,0
25164805,FERA COLEGIO E CURSO,2510808,Patos,1,4,0.0,0.0,0.0,0.0,1.0,0.0,1.0,1.0,1.0,1.0,1.0,0.0,31.0,--
25195808,CENTRO EDUCACIONAL PEQUENO GENIO,2510808,Patos,1,4,0.0,0.0,0.0,0.0,1.0,0.0,1.0,1.0,0.0,0.0,0.0,0.0,5.0,0
25223801,CENTRO DE ENSINO RENASCER,2510808,Patos,1,4,0.0,0.0,0.0,0.0,1.0,0.0,1.0,1.0,1.0,0.0,0.0,0.0,0.0,--
25226800,CENTRO EDUCACIONAL AGAPE,2510808,Patos,1,4,0.0,0.0,0.0,0.0,1.0,0.0,1.0,1.0,1.0,1.0,0.0,0.0,33.0,0
25252925,CENTRO EDUCACIONAL CANTINHO DA CRIANCA,2510808,Patos,1,4,0.0,0.0,0.0,0.0,1.0,0.0,1.0,1.0,1.0,0.0,0.0,0.0,7.0,0
25276921,EDUCANDARIO TRACOS E LETRAS,2510808,Patos,1,4,0.0,0.0,0.0,0.0,1.0,0.0,1.0,1.0,1.0,0.0,0.0,0.0,8.0,0
25281925,IFPB - CAMPUS PATOS,2510808,Patos,1,1,0.0,0.0,0.0,0.0,1.0,1.0,1.0,1.0,1.0,1.0,1.0,0.0,28.0,--
25020889,EEEM LUCIA WANDERLEY DE FREITAS,2510808,Patos,1,2,0.0,0.0,0.0,0.0,1.0,1.0,1.0,1.0,0.0,0.0,0.0,1.0,0.0,--
25020960,EEEFM CORIOLANO DE MEDEIROS,2510808,Patos,1,2,0.0,0.0,0.0,0.0,1.0,1.0,1.0,1.0,0.0,0.0,0.0,0.0,2.0,--
25022032,EMEF JOSE PERMINIO WANDERLEY,2510808,Patos,2,3,0.0,0.0,0.0,0.0,1.0,1.0,1.0,1.0,1.0,0.0,0.0,0.0,8.0,0
25015320,ECIT FRANCISCO DE SA CAVALCANTE,2510907,Paulista,1,2,0.0,0.0,0.0,0.0,1.0,1.0,1.0,1.0,1.0,1.0,1.0,0.0,3.0,--
25015370,EMEF DO CURRALINHO,2510907,Paulista,2,3,1.0,0.0,0.0,0.0,1.0,1.0,1.0,1.0,0.0,0.0,0.0,1.0,1.0,0
25015435,EMEF ALMAS II,2510907,Paulista,2,3,0.0,0.0,0.0,0.0,1.0,1.0,1.0,1.0,0.0,0.0,0.0,1.0,1.0,0
25015559,EMEF JOSE PEREIRA DA PENHA,2510907,Paulista,2,3,0.0,0.0,0.0,0.0,1.0,1.0,1.0,1.0,0.0,0.0,0.0,1.0,1.0,0
25015575,EMEF JOSE JERONIMO NETO,2510907,Paulista,1,3,0.0,0.0,0.0,0.0,1.0,1.0,1.0,1.0,1.0,0.0,1.0,0.0,12.0,0.2
25015613,EMEEF BELARMINO DE FRANCA,2510907,Paulista,2,3,0.0,0.0,0.0,0.0,1.0,1.0,1.0,1.0,0.0,0.0,0.0,1.0,2.0,0
25015729,EMEF MANUEL ALVES DE FARIAS,2510907,Paulista,2,3,0.0,0.0,0.0,0.0,1.0,1.0,1.0,1.0,0.0,0.0,0.0,1.0,1.0,0
25015753,EMEF OTACILIO MARQUES DE MEDEIROS,2510907,Paulista,2,3,0.0,0.0,0.0,0.0,1.0,1.0,1.0,1.0,0.0,0.0,0.0,1.0,1.0,0
25015796,EMEF OTACILIO TOME,2510907,Paulista,2,3,0.0,0.0,0.0,0.0,1.0,1.0,1.0,1.0,1.0,0.0,0.0,0.0,6.0,0
25115200,EMEF ADELSON CASADO DE LIMA,2510907,Paulista,2,3,0.0,0.0,0.0,0.0,1.0,1.0,1.0,1.0,0.0,0.0,0.0,1.0,2.0,0
25115219,EEEM PROFESSORA MARGARIDA MEDEIROS,2510907,Paulista,1,2,0.0,0.0,0.0,0.0,1.0,1.0,1.0,1.0,1.0,1.0,0.0,0.0,17.0,--
25123580,ESCOLA DO ENSINO FUNDAMENTAL MENINO JESUS DE PRAGA,2510907,Paulista,1,4,0.0,0.0,0.0,0.0,0.0,0.0,1.0,1.0,0.0,0.0,0.0,0.0,7.0,2.2
25248928,EMEF CANDIDO DE ASSIS QUEIROGA,2510907,Paulista,1,3,0.0,0.0,0.0,0.0,1.0,1.0,1.0,1.0,1.0,0.0,1.0,0.0,12.0,--
25015648,EMEF PEDRO MARQUES DE MEDEIROS,2510907,Paulista,2,3,0.0,0.0,0.0,0.0,1.0,1.0,1.0,1.0,1.0,0.0,0.0,0.0,8.0,0
25133330,ESCOLA MUNICIPAL DE ENSINO INFANTIL E FUNDAMENTAL ISABEL MARIA DOS SANTOS,2510907,Paulista,2,3,0.0,0.0,0.0,0.0,1.0,1.0,1.0,1.0,1.0,0.0,0.0,0.0,4.0,0
25031481,ECI JOAO DE SOUSA PRIMO,2511004,Pedra Branca,1,2,0.0,0.0,0.0,0.0,1.0,1.0,1.0,1.0,1.0,1.0,1.0,0.0,6.0,--
25031600,ESCOLA MUNICIPAL DE EDUCACAO BASICA PROFESSORA LAURA DE SOUSA OLIVEIRA,2511004,Pedra Branca,1,3,0.0,0.0,0.0,0.0,1.0,1.0,1.0,1.0,1.0,0.0,1.0,0.0,11.0,0
25031694,ESC MUL DOMINGOS LOPES NOZINHO,2511004,Pedra Branca,2,3,0.0,0.0,0.0,0.0,1.0,1.0,1.0,1.0,0.0,0.0,0.0,1.0,0.0,0
25031716,ESC MUL JOAO BARREIRO DA SILVA,2511004,Pedra Branca,2,3,0.0,0.0,0.0,0.0,1.0,1.0,1.0,1.0,0.0,0.0,0.0,1.0,0.0,0
25116398,ESCOLINHA MUNDO ENCANTADO,2511004,Pedra Branca,1,4,0.0,0.0,0.0,0.0,1.0,0.0,1.0,1.0,1.0,0.0,0.0,0.0,0.0,0
25130501,EMEF SEBASTIAO RODRIGUES DA SILVA,2511004,Pedra Branca,1,3,0.0,0.0,0.0,0.0,1.0,1.0,1.0,1.0,0.0,0.0,0.0,1.0,4.0,0
25042661,ECI GRACILIANO FONTINI LORDAO,2511103,Pedra Lavrada,1,2,0.0,0.0,0.0,0.0,1.0,1.0,1.0,1.0,1.0,1.0,1.0,0.0,10.0,--
25042726,EMEIF SANTA ANA DE ALBUQUERQUE,2511103,Pedra Lavrada,2,3,0.0,0.0,0.0,0.0,1.0,1.0,1.0,1.0,1.0,0.0,0.0,0.0,15.0,0
25042998,EMEF Mª ELENITA VASCONCELOS CARVALHO,2511103,Pedra Lavrada,1,3,0.0,0.0,0.0,0.0,1.0,1.0,1.0,1.0,1.0,1.0,0.0,0.0,3.0,--
25043080,EMEIF MANOEL FERREIRA DOS SANTOS,2511103,Pedra Lavrada,2,3,0.0,0.0,0.0,0.0,1.0,1.0,1.0,1.0,0.0,0.0,0.0,0.0,0.0,0
25129775,EMEF RITA SAMPAIO MEIRA,2511103,Pedra Lavrada,2,3,0.0,0.0,0.0,0.0,1.0,1.0,1.0,1.0,0.0,0.0,0.0,0.0,0.0,0
25132113,EMEF MARILDES DO SOCORRO LUCENA CORDEIRO,2511103,Pedra Lavrada,1,3,0.0,0.0,0.0,0.0,1.0,1.0,1.0,1.0,0.0,0.0,0.0,0.0,6.0,0
25134574,EMEI PROFESSOR TALVACI DE LIMA,2511103,Pedra Lavrada,1,3,0.0,0.0,0.0,0.0,1.0,1.0,1.0,1.0,0.0,0.0,0.0,0.0,6.0,0
25134590,ESCOLA MUNICIPAL DE ENSINO INFANTIL E FUNDAMENTAL MARIA ENEDINA DE ALMEIDA,2511103,Pedra Lavrada,2,3,0.0,0.0,0.0,0.0,1.0,1.0,1.0,1.0,0.0,0.0,0.0,0.0,5.0,0
25153200,EEEM MATILDES DE MELO BURITI,2511103,Pedra Lavrada,2,2,0.0,0.0,0.0,0.0,1.0,1.0,1.0,0.0,1.0,0.0,1.0,1.0,0.0,--
25100670,COL MUL WALDECYR C DE ARAUJO PEREIRA,2511202,Pedras de Fogo,1,3,0.0,0.0,0.0,0.0,1.0,1.0,1.0,1.0,1.0,0.0,0.0,0.0,14.0,--
25100696,ECIT JOAO URSULO,2511202,Pedras de Fogo,1,2,0.0,0.0,0.0,0.0,1.0,1.0,1.0,1.0,1.0,1.0,1.0,0.0,11.0,--
25100734,ESCOLA MUNICIPAL JOSE FRANCISCO DA SILVA,2511202,Pedras de Fogo,2,3,0.0,0.0,0.0,0.0,1.0,1.0,1.0,1.0,0.0,0.0,0.0,1.0,4.0,0
25100750,EMEF HENRIQUE FERREIRA DA SILVA,2511202,Pedras de Fogo,2,3,1.0,0.0,0.0,0.0,1.0,1.0,1.0,1.0,0.0,0.0,0.0,1.0,3.0,0
25100769,ESCOLA MUNICIPAL SAMUEL COSTA DE LIMA,2511202,Pedras de Fogo,2,3,0.0,0.0,0.0,0.0,1.0,1.0,1.0,1.0,0.0,0.0,0.0,1.0,3.0,0
25100785,ESCOLA MUNICIPAL SEBASTIAO DE FRANCA,2511202,Pedras de Fogo,2,3,1.0,0.0,0.0,0.0,1.0,1.0,1.0,1.0,0.0,0.0,0.0,0.0,3.0,0
25100793,ESCOLA MUNICIPAL DE ENSINO DULCINETE NUNES DE MEDEIROS,2511202,Pedras de Fogo,1,3,0.0,0.0,0.0,0.0,1.0,1.0,1.0,1.0,1.0,0.0,0.0,0.0,10.0,0
25100807,ESCOLA MUNICIPAL JACIRA DE SOUZA CESAR,2511202,Pedras de Fogo,1,3,0.0,0.0,0.0,0.0,1.0,1.0,1.0,1.0,1.0,0.0,0.0,0.0,13.0,0
25100823,EMEIF MARIA UMBELINA DA CONCEICAO,2511202,Pedras de Fogo,2,3,0.0,0.0,0.0,0.0,1.0,1.0,1.0,1.0,0.0,0.0,0.0,1.0,2.0,0
25100840,ESCOLA SANTA MONICA,2511202,Pedras de Fogo,1,4,0.0,0.0,0.0,0.0,1.0,0.0,1.0,1.0,0.0,0.0,0.0,0.0,4.0,0
25100904,EM DE GRAU SEVERINO DA SILVA MADRUGA,2511202,Pedras de Fogo,2,3,1.0,0.0,0.0,0.0,1.0,1.0,1.0,1.0,0.0,0.0,0.0,0.0,3.0,0
25100912,ESC MUL PEDRO OLIMPIO BENTO,2511202,Pedras de Fogo,2,3,1.0,0.0,0.0,0.0,1.0,1.0,1.0,1.0,0.0,0.0,0.0,1.0,3.0,0
25100920,GR ESC MUL JOAQUIM FERREIRA BARROS,2511202,Pedras de Fogo,2,3,0.0,0.0,0.0,0.0,1.0,1.0,1.0,1.0,0.0,0.0,0.0,1.0,4.0,0
25100939,GR ESC MUL JOSE AMARO CORDEIRO,2511202,Pedras de Fogo,2,3,0.0,0.0,0.0,0.0,1.0,1.0,1.0,1.0,1.0,0.0,0.0,0.0,4.0,2.2
25100947,ESCOLA MUNICIPAL MARIA DA CONCEICAO,2511202,Pedras de Fogo,2,3,1.0,0.0,0.0,0.0,1.0,1.0,1.0,1.0,0.0,0.0,0.0,1.0,0.0,0
25100955,GR ESC MUL RIACHO DO SALTO,2511202,Pedras de Fogo,2,3,0.0,0.0,0.0,0.0,1.0,1.0,1.0,1.0,0.0,0.0,0.0,0.0,3.0,0
25100963,GR ESC MUL SEVERINO TELECIO DA SILVA,2511202,Pedras de Fogo,2,3,0.0,0.0,0.0,0.0,1.0,1.0,1.0,1.0,0.0,0.0,0.0,0.0,4.0,0
25100998,ESCOLA MUNICIPAL EPITACIO PESSOA,2511202,Pedras de Fogo,1,3,0.0,0.0,0.0,0.0,1.0,1.0,1.0,1.0,0.0,1.0,0.0,0.0,12.0,0.1
25101005,GR ESC MUL JOSE DE ANCHIETA,2511202,Pedras de Fogo,2,3,0.0,0.0,0.0,0.0,1.0,1.0,1.0,1.0,1.0,0.0,0.0,1.0,4.0,0
25101013,ESCOLA MUNICIPAL ANTONIO CESAR DE CARVALHO,2511202,Pedras de Fogo,2,3,1.0,0.0,0.0,0.0,1.0,1.0,1.0,1.0,0.0,0.0,0.0,1.0,2.0,0
25111957,ESC MUNICIPAL DE ENSINO FUNDAMENTAL EDGAR GUEDES DA SILVA,2511202,Pedras de Fogo,2,3,0.0,0.0,0.0,0.0,1.0,1.0,1.0,1.0,1.0,1.0,0.0,1.0,10.0,--
25114727,EMEF JOAO ALEXANDRE DA SILVA,2511202,Pedras de Fogo,2,3,1.0,0.0,0.0,0.0,1.0,1.0,1.0,1.0,0.0,0.0,0.0,0.0,4.0,0
25117521,EEEM PROFESSOR GETULIO CESAR RODRIGUES GUEDES,2511202,Pedras de Fogo,1,2,0.0,0.0,0.0,0.0,1.0,1.0,1.0,1.0,1.0,0.0,1.0,0.0,7.0,--
25128728,EMEF ANTONIO FRANCISCO DA SILVA,2511202,Pedras de Fogo,2,3,1.0,0.0,0.0,0.0,1.0,1.0,1.0,1.0,0.0,0.0,0.0,0.0,0.0,--
25130560,IFPB - CAMPUS AVANCADO PEDRAS DE FOGO,2511202,Pedras de Fogo,1,1,0.0,0.0,0.0,0.0,1.0,1.0,1.0,1.0,0.0,0.0,1.0,0.0,8.0,--
25026402,EEEF ADEMAR LEITE,2511301,Piancó,1,2,0.0,0.0,0.0,0.0,0.0,1.0,1.0,0.0,0.0,0.0,0.0,1.0,0.0,--
25026550,EMEIF MARIA DE LOURDES PAULINO,2511301,Piancó,1,3,0.0,0.0,0.0,0.0,1.0,1.0,1.0,1.0,1.0,0.0,0.0,0.0,0.0,0
25026682,EMEIF PEDRO INOCENCIO DA SILVA,2511301,Piancó,2,3,0.0,0.0,0.0,0.0,1.0,1.0,1.0,1.0,0.0,0.0,0.0,1.0,6.0,0
25026690,EMEIF PEDRO MARINHEIRO DE SOUZA,2511301,Piancó,2,3,0.0,0.0,0.0,0.0,1.0,1.0,1.0,1.0,0.0,0.0,0.0,0.0,0.0,0
25026780,EMEIF ERNESTINA DE ARAUJO SILVA,2511301,Piancó,1,3,0.0,0.0,0.0,0.0,1.0,1.0,1.0,1.0,1.0,0.0,0.0,0.0,0.0,2.4
25026801,EMEIF LUCIANO FREIRE DE FARIAS,2511301,Piancó,1,3,0.0,0.0,0.0,0.0,1.0,1.0,1.0,1.0,1.0,0.0,1.0,0.0,0.0,0
25026828,EMEIF MARIA DE LOURDES FREITAS DANTAS,2511301,Piancó,1,3,0.0,0.0,0.0,0.0,1.0,1.0,1.0,1.0,0.0,0.0,0.0,0.0,0.0,0
25026909,EMEIF LUIZ DE CALDAS SOBRINHO,2511301,Piancó,2,3,0.0,0.0,0.0,0.0,1.0,1.0,1.0,1.0,1.0,0.0,0.0,1.0,0.0,0
25027026,ECIT SANTO ANTONIO,2511301,Piancó,1,2,0.0,0.0,0.0,0.0,0.0,1.0,1.0,0.0,0.0,0.0,0.0,1.0,16.0,--
25027123,INST EDUC CULT E ASSIST WALT DISNEY,2511301,Piancó,1,4,0.0,0.0,0.0,0.0,1.0,0.0,1.0,1.0,0.0,0.0,0.0,0.0,5.0,0
25102524,EDUCANDARIO AMERICO MESQUITA,2511301,Piancó,1,4,0.0,0.0,0.0,0.0,1.0,0.0,1.0,1.0,1.0,0.0,0.0,0.0,11.0,0
25109375,INSTITUTO EDUCACIONAL ELISEU FREIRES MARIZ,2511301,Piancó,1,4,0.0,0.0,0.0,0.0,1.0,0.0,1.0,1.0,1.0,1.0,0.0,0.0,8.0,0
25117157,EMEIF OTILIA DE FIGUEIREDO COSTA,2511301,Piancó,1,3,0.0,0.0,0.0,0.0,1.0,1.0,1.0,1.0,1.0,0.0,0.0,0.0,7.0,--
25130226,COOPERATIVA DE TRABALHO INSTITUTO EDUCACIONAL COMPACTO,2511301,Piancó,1,4,0.0,0.0,0.0,0.0,1.0,0.0,1.0,1.0,0.0,0.0,0.0,0.0,9.0,0
25043188,EMEF ANA MARIA GOMES,2511400,Picuí,1,3,0.0,0.0,0.0,0.0,1.0,1.0,1.0,1.0,1.0,0.0,1.0,0.0,4.0,--
25043269,EEEM SEVERINO GREGORIO DANTAS,2511400,Picuí,2,2,0.0,0.0,0.0,0.0,1.0,1.0,1.0,1.0,1.0,0.0,0.0,0.0,0.0,--
25043277,ECIT PROFESSOR LORDAO,2511400,Picuí,1,2,0.0,0.0,0.0,0.0,1.0,1.0,1.0,1.0,1.0,1.0,1.0,0.0,10.0,--
25043315,EMEF FELIPE TIAGO GOMES,2511400,Picuí,1,3,0.0,0.0,0.0,0.0,1.0,1.0,1.0,1.0,1.0,0.0,0.0,0.0,6.0,0
25043340,EMEF SEVERINO RAMOS DA NOBREGA,2511400,Picuí,1,3,0.0,0.0,0.0,0.0,1.0,1.0,1.0,1.0,1.0,0.0,0.0,0.0,7.0,--
25043463,EMEF ANTONIO FERREIRA DA COSTA,2511400,Picuí,2,3,0.0,0.0,0.0,0.0,1.0,1.0,1.0,1.0,0.0,0.0,0.0,0.0,5.0,0
25043471,EMEF PEDRO HENRIQUES DA COSTA,2511400,Picuí,1,3,0.0,0.0,0.0,0.0,1.0,1.0,1.0,1.0,1.0,0.0,0.0,0.0,6.0,0
25043560,EMEF TERTULIANO PEREIRA DE ARAUJO,2511400,Picuí,2,3,0.0,0.0,0.0,0.0,1.0,1.0,1.0,1.0,1.0,0.0,0.0,0.0,1.0,0
25043668,EMEF ANTONIO FERREIRA LIMA,2511400,Picuí,2,3,0.0,0.0,0.0,0.0,1.0,1.0,1.0,1.0,0.0,0.0,0.0,0.0,0.0,0
25043692,EMEF GOV FLAVIO RIBEIRO,2511400,Picuí,1,3,0.0,0.0,0.0,0.0,1.0,1.0,1.0,1.0,0.0,0.0,1.0,0.0,2.0,0
25043706,EMEF JOAO BELO ALVES,2511400,Picuí,2,3,0.0,0.0,0.0,0.0,1.0,1.0,1.0,1.0,1.0,0.0,1.0,0.0,0.0,0
25043790,IDES COLEGIO E CURSO,2511400,Picuí,1,4,0.0,0.0,0.0,0.0,1.0,0.0,1.0,1.0,1.0,1.0,0.0,0.0,5.0,0
25043820,EMEF MACARIO ZULMIRO DA SILVA,2511400,Picuí,2,3,0.0,0.0,0.0,0.0,1.0,1.0,1.0,1.0,1.0,0.0,0.0,0.0,1.0,0
25101349,EMEF PRES TANCREDO DE ALMEIDA NEVES,2511400,Picuí,1,3,0.0,0.0,0.0,0.0,1.0,1.0,1.0,1.0,1.0,0.0,0.0,0.0,3.0,0
25115723,EEEM FELIPE TIAGO GOMES,2511400,Picuí,1,2,0.0,0.0,0.0,0.0,1.0,1.0,1.0,1.0,1.0,1.0,1.0,0.0,5.0,--
25130722,EMEF PROFESSORA JOSEFA SUELENE ARAUJO SANTOS,2511400,Picuí,1,3,0.0,0.0,0.0,0.0,1.0,1.0,1.0,1.0,1.0,0.0,0.0,0.0,5.0,0
25283928,IFPB - CAMPUS PICUI,2511400,Picuí,1,1,0.0,0.0,0.0,0.0,1.0,1.0,1.0,1.0,1.0,1.0,1.0,0.0,22.0,--
25089234,EMEIEF CECILIA ALVES DA FONSECA,2511509,Pilar,2,3,0.0,0.0,0.0,0.0,1.0,1.0,1.0,1.0,1.0,0.0,0.0,0.0,6.0,0
25089250,ECIT JOSE LINS DO REGO,2511509,Pilar,1,2,0.0,0.0,0.0,0.0,1.0,1.0,1.0,1.0,1.0,1.0,1.0,0.0,0.0,--
25089269,EMEF MARIA ALVES DE BRITO,2511509,Pilar,2,3,0.0,0.0,0.0,0.0,1.0,1.0,1.0,1.0,1.0,0.0,0.0,0.0,0.0,0
25089293,EMEF DR JOSE MARIA,2511509,Pilar,1,3,0.0,0.0,0.0,0.0,1.0,1.0,1.0,1.0,1.0,1.0,0.0,0.0,0.0,0
25089315,EMEIF JOAO DE JESUS MAURICIO,2511509,Pilar,2,3,0.0,0.0,0.0,0.0,1.0,1.0,1.0,1.0,0.0,0.0,0.0,0.0,0.0,0
25089323,EMEIF PROFª MARIA TEREZA DA CONCEICAO,2511509,Pilar,2,3,0.0,0.0,0.0,0.0,1.0,1.0,1.0,1.0,1.0,0.0,0.0,0.0,7.0,0
25089366,EMEIF PROF FRANCILEIDE DIAS DA COSTA,2511509,Pilar,2,3,0.0,0.0,0.0,0.0,1.0,1.0,1.0,1.0,0.0,0.0,0.0,0.0,4.0,0
25089420,EMEIF ANTONIO MARINHO DOS SANTOS,2511509,Pilar,2,3,0.0,0.0,0.0,0.0,1.0,1.0,1.0,1.0,0.0,0.0,1.0,0.0,1.0,0
25089455,EMEIF AUGUSTO MOUZINHO DE BRITO,2511509,Pilar,1,3,0.0,0.0,0.0,0.0,1.0,1.0,1.0,1.0,0.0,0.0,0.0,0.0,15.0,0
25089463,EMEIEF ANISIO DA SILVA,2511509,Pilar,2,3,0.0,0.0,0.0,0.0,1.0,1.0,1.0,1.0,0.0,0.0,0.0,0.0,0.0,0
25089471,EMEIEF VIRGINIO VELOSO BORGES,2511509,Pilar,1,3,0.0,0.0,0.0,0.0,1.0,1.0,1.0,1.0,1.0,0.0,1.0,0.0,13.0,--
25089480,EMEIF ANTONIO JOSE DA COSTA,2511509,Pilar,2,3,0.0,0.0,0.0,0.0,1.0,1.0,1.0,1.0,0.0,0.0,0.0,0.0,3.0,0
25089498,EMEIF MANOEL ALVES DE ARAUJO,2511509,Pilar,1,3,0.0,0.0,0.0,0.0,1.0,1.0,1.0,1.0,1.0,0.0,0.0,0.0,7.0,0
25089528,INSTITUTO BATISTA EDWARD TROTT - IBET,2511509,Pilar,1,4,0.0,0.0,0.0,0.0,1.0,0.0,1.0,1.0,1.0,0.0,0.0,0.0,0.0,0
25089536,INSTITUTO O PEQUENO SABIO,2511509,Pilar,1,4,0.0,0.0,0.0,0.0,1.0,0.0,1.0,1.0,1.0,0.0,0.0,0.0,7.0,0
25065726,ECI ANTONIETA CORREIA DE MENEZES,2511608,Pilões,1,2,0.0,0.0,0.0,0.0,0.0,1.0,1.0,0.0,0.0,0.0,0.0,1.0,0.0,--
25065742,EEEFM DOM SANTINO COUTINHO,2511608,Pilões,1,2,0.0,0.0,0.0,0.0,1.0,1.0,1.0,0.0,1.0,0.0,0.0,0.0,7.0,--
25065793,E M E F ADELINA DE ALMEIDA BARRETO,2511608,Pilões,2,3,0.0,0.0,0.0,0.0,1.0,1.0,1.0,1.0,1.0,0.0,0.0,0.0,4.0,0
25065807,E M E F BONA DAS NEVES MOURA,2511608,Pilões,1,3,0.0,0.0,0.0,0.0,1.0,1.0,1.0,1.0,0.0,0.0,0.0,1.0,5.0,0
25065815,E M E F CARLOS HERMOGENES DA COSTA LIRA,2511608,Pilões,2,3,0.0,0.0,0.0,0.0,1.0,1.0,1.0,1.0,0.0,0.0,0.0,0.0,4.0,0
25065882,EMEF DES BRAZ BARACUHY,2511608,Pilões,1,3,0.0,0.0,0.0,0.0,1.0,1.0,1.0,1.0,1.0,0.0,1.0,0.0,14.0,0
25065920,E M E F ALCIDES LOURENCO,2511608,Pilões,2,3,0.0,0.0,0.0,0.0,1.0,1.0,1.0,1.0,1.0,0.0,0.0,1.0,3.0,0
25065947,EMETI ROBERTO DE MENEZES LINS,2511608,Pilões,2,3,1.0,0.0,0.0,0.0,1.0,1.0,1.0,1.0,1.0,0.0,0.0,0.0,3.0,0
25116282,E M E F AGRICIO MARCELINO LIRA,2511608,Pilões,2,3,1.0,0.0,0.0,0.0,1.0,1.0,1.0,1.0,1.0,0.0,0.0,1.0,0.0,0
25118927,EMEF 2 FASE VEREADORA NEUSA PEREIRA DA SILVA,2511608,Pilões,1,3,0.0,0.0,0.0,0.0,1.0,1.0,1.0,1.0,1.0,0.0,1.0,0.0,0.0,--
25129449,COLEGIO AGAPE,2511608,Pilões,1,4,0.0,0.0,0.0,0.0,1.0,0.0,1.0,1.0,1.0,0.0,0.0,0.0,0.0,3.3
25070088,ECI SILVIO PORTO,2511707,Pilõezinhos,1,2,0.0,0.0,0.0,0.0,1.0,1.0,1.0,1.0,1.0,0.0,0.0,0.0,1.0,--
25070134,EMEF FRANCISCO MENDES DA SILVA,2511707,Pilõezinhos,2,3,0.0,0.0,0.0,0.0,1.0,1.0,1.0,1.0,0.0,0.0,0.0,1.0,0.0,0
25070150,EMEF JOSE ALVES DE MELO,2511707,Pilõezinhos,1,3,0.0,0.0,0.0,0.0,1.0,1.0,1.0,1.0,0.0,0.0,0.0,1.0,2.0,0
25070185,EMEF DOM VITAL,2511707,Pilõezinhos,2,3,0.0,0.0,0.0,0.0,1.0,1.0,1.0,1.0,0.0,0.0,0.0,0.0,0.0,0
25070207,EMEF PE GERALDO DA SILVA PINTO,2511707,Pilõezinhos,1,3,0.0,0.0,0.0,0.0,1.0,1.0,1.0,1.0,0.0,0.0,0.0,0.0,6.0,0
25070223,EMEF POETA JOSE CAMELO DE MELO,2511707,Pilõezinhos,1,3,0.0,0.0,0.0,0.0,1.0,1.0,1.0,0.0,0.0,0.0,0.0,0.0,2.0,0
25070231,EMEF REGINA ALVES RIBEIRO,2511707,Pilõezinhos,2,3,0.0,0.0,0.0,0.0,1.0,1.0,1.0,1.0,0.0,0.0,0.0,1.0,0.0,0
25070266,EMEF EDITE MARTINS,2511707,Pilõezinhos,2,3,0.0,0.0,0.0,0.0,1.0,1.0,1.0,1.0,0.0,0.0,0.0,0.0,2.0,0
25112643,EMEF FRANCISCO ALVES DE AZEREDO,2511707,Pilõezinhos,2,3,0.0,0.0,0.0,0.0,1.0,1.0,1.0,1.0,0.0,0.0,0.0,0.0,0.0,0
25127438,EMEF MARLENE ALVES MENDES,2511707,Pilõezinhos,1,3,0.0,0.0,0.0,0.0,1.0,1.0,1.0,1.0,1.0,0.0,1.0,0.0,7.0,--
25070290,EEEFM MONSENHOR WALFREDO LEAL,2511806,Pirpirituba,1,2,0.0,0.0,0.0,0.0,1.0,1.0,1.0,1.0,1.0,0.0,1.0,0.0,7.0,--
25070312,ECI AUGUSTO DE ALMEIDA,2511806,Pirpirituba,1,2,0.0,0.0,0.0,0.0,1.0,1.0,1.0,1.0,1.0,1.0,0.0,0.0,5.0,--
25070320,EMEF JOSE GONCALVES FILHO,2511806,Pirpirituba,2,3,0.0,0.0,0.0,0.0,1.0,1.0,1.0,0.0,1.0,0.0,0.0,0.0,0.0,0
25070355,NUCLEO EDUCACIONAL EXTERNATO DA MONICA,2511806,Pirpirituba,1,4,0.0,0.0,0.0,0.0,1.0,0.0,1.0,1.0,1.0,0.0,0.0,0.0,7.0,0
25070371,EMEF PREFEITO JOSE FORTUNA,2511806,Pirpirituba,2,3,0.0,0.0,0.0,0.0,1.0,1.0,1.0,1.0,1.0,0.0,0.0,0.0,0.0,0
25070428,EMEF ANTONIO SINESIO DOS SANTOS,2511806,Pirpirituba,2,3,0.0,0.0,0.0,0.0,1.0,1.0,1.0,1.0,1.0,0.0,0.0,0.0,0.0,0
25070436,EMEF DEPUTADO HUMBERTO LUCENA,2511806,Pirpirituba,1,3,0.0,0.0,0.0,0.0,1.0,1.0,1.0,1.0,1.0,0.0,1.0,0.0,10.0,--
25070452,EMEF JOAO XXIII,2511806,Pirpirituba,2,3,0.0,0.0,0.0,0.0,1.0,1.0,1.0,1.0,1.0,0.0,0.0,0.0,0.0,0
25070460,EMEF JOSINETE FREITAS,2511806,Pirpirituba,2,3,0.0,0.0,0.0,0.0,1.0,1.0,1.0,1.0,1.0,0.0,0.0,0.0,0.0,0
25070479,EMEF MONS JOSE COUTINHO,2511806,Pirpirituba,1,3,0.0,0.0,0.0,0.0,1.0,1.0,1.0,1.0,1.0,0.0,1.0,0.0,9.0,0
25070487,EMEF SAO JOSE,2511806,Pirpirituba,2,3,0.0,0.0,0.0,0.0,1.0,1.0,1.0,1.0,1.0,0.0,0.0,0.0,0.0,0
25070495,EMEF WALFREDO CANTALICE DA TRINDADE,2511806,Pirpirituba,2,3,0.0,0.0,0.0,0.0,1.0,1.0,1.0,1.0,1.0,0.0,0.0,0.0,0.0,5.6
25070517,EMEF NOSSA SENHORA APARECIDA,2511806,Pirpirituba,1,3,0.0,0.0,0.0,0.0,1.0,1.0,1.0,1.0,1.0,0.0,0.0,0.0,1.0,0
25070525,EMEF PROFESSORA CECILIA A DE PAIVA,2511806,Pirpirituba,2,3,0.0,0.0,0.0,0.0,1.0,1.0,1.0,0.0,1.0,0.0,0.0,0.0,0.0,0
25113593,EDUCANDARIO NOSSA SENHORA DO ROSARIO,2511806,Pirpirituba,1,4,0.0,0.0,0.0,0.0,1.0,0.0,1.0,1.0,1.0,0.0,0.0,0.0,3.0,0
25101072,EEEM DOUTOR JOAO GONCALVES,2511905,Pitimbu,1,2,0.0,0.0,0.0,0.0,0.0,1.0,1.0,0.0,0.0,0.0,0.0,1.0,0.0,--
25101099,ECIT DURVAL GUEDES,2511905,Pitimbu,2,2,0.0,0.0,0.0,0.0,1.0,1.0,0.0,1.0,1.0,1.0,1.0,0.0,14.0,--
25101110,EMEF CELERINO FRANCISCO DE MENEZES,2511905,Pitimbu,2,3,0.0,0.0,0.0,0.0,1.0,1.0,1.0,1.0,1.0,0.0,0.0,0.0,8.0,0
25101129,EMEF FERNANDO CUNHA,2511905,Pitimbu,1,3,0.0,0.0,0.0,0.0,1.0,1.0,1.0,1.0,0.0,0.0,0.0,1.0,0.0,0
25101145,EMEF NOSSA SENHORA DE FATIMA,2511905,Pitimbu,2,3,0.0,0.0,0.0,0.0,0.0,1.0,1.0,1.0,0.0,0.0,0.0,1.0,0.0,0
25101153,EMEF SANTA ELIZA,2511905,Pitimbu,2,3,0.0,0.0,0.0,0.0,1.0,1.0,1.0,1.0,0.0,0.0,0.0,1.0,2.0,0
25101161,EMEF REGINALDO CLAUDINO SALES,2511905,Pitimbu,2,3,1.0,0.0,0.0,0.0,1.0,1.0,1.0,1.0,0.0,0.0,0.0,0.0,1.0,--
25101200,EMEF CRUZ DO CABOCLO,2511905,Pitimbu,2,3,0.0,0.0,0.0,0.0,1.0,1.0,1.0,1.0,0.0,0.0,0.0,1.0,0.0,0
25101218,EMEF SOTERO LUCINDO FERREIRA,2511905,Pitimbu,2,3,1.0,0.0,0.0,0.0,1.0,1.0,1.0,1.0,0.0,0.0,1.0,1.0,0.0,0
25101242,EMEF ANTONIO LOURENCO DE BARROS,2511905,Pitimbu,2,3,0.0,0.0,0.0,0.0,1.0,1.0,1.0,1.0,1.0,0.0,0.0,0.0,0.0,0
25101250,EMEF LEONOR FREIRE TAVARES,2511905,Pitimbu,2,3,0.0,0.0,0.0,0.0,1.0,1.0,1.0,1.0,0.0,0.0,0.0,0.0,7.0,--
25101269,EMEF MARIA DO SOCORRO MENEZES,2511905,Pitimbu,1,3,0.0,0.0,0.0,0.0,1.0,1.0,1.0,1.0,1.0,0.0,0.0,0.0,0.0,0
25101285,EMEF MARIA TAVARES FREIRE,2511905,Pitimbu,1,3,0.0,0.0,0.0,0.0,1.0,1.0,1.0,1.0,1.0,0.0,1.0,0.0,8.0,--
25101293,EMEF FERNANDO SILVINO DE SOUZA,2511905,Pitimbu,2,3,1.0,0.0,0.0,0.0,1.0,1.0,1.0,1.0,0.0,0.0,1.0,0.0,0.0,0
25101315,EMEF SOUTO MAIOR,2511905,Pitimbu,2,3,0.0,0.0,0.0,0.0,1.0,1.0,1.0,1.0,0.0,0.0,0.0,0.0,0.0,0
25104527,EMEF ALBERTO ALVES DA SILVA,2511905,Pitimbu,2,3,1.0,0.0,0.0,0.0,1.0,1.0,0.0,1.0,1.0,0.0,1.0,0.0,0.0,0
25104543,EMEF ANTONIO GOMES COUTINHO,2511905,Pitimbu,2,3,0.0,0.0,0.0,0.0,1.0,1.0,1.0,1.0,0.0,0.0,0.0,1.0,0.0,0
25107313,EMEF CARLOS ANTERO FIDELES - CARLAO,2511905,Pitimbu,2,3,1.0,0.0,0.0,0.0,1.0,1.0,1.0,1.0,1.0,0.0,0.0,0.0,0.0,0
25111566,EMEF DA APASA,2511905,Pitimbu,2,3,1.0,0.0,0.0,0.0,1.0,1.0,1.0,1.0,0.0,0.0,0.0,1.0,1.0,0
25125389,CENTRO EDUCACIONAL MARIA DE LOURDES,2511905,Pitimbu,1,4,0.0,0.0,0.0,0.0,1.0,0.0,1.0,1.0,1.0,0.0,0.0,0.0,0.0,0
25057073,COLEGIO MUNICIPAL PADRE GALVAO,2512002,Pocinhos,1,3,0.0,0.0,0.0,0.0,1.0,1.0,1.0,1.0,1.0,1.0,0.0,0.0,18.0,--
25057146,ECIT ANTONIO GALDINO FILHO,2512002,Pocinhos,1,2,0.0,0.0,0.0,0.0,1.0,1.0,1.0,1.0,1.0,1.0,1.0,0.0,13.0,--
25057286,EMEF ANSELMO TOME DE SOUZA,2512002,Pocinhos,2,3,0.0,0.0,0.0,0.0,1.0,1.0,1.0,1.0,0.0,0.0,0.0,0.0,5.0,0
25057308,EMEF ELIZETE PEREIRA DE ARAUJO,2512002,Pocinhos,1,3,0.0,0.0,0.0,0.0,1.0,1.0,1.0,1.0,0.0,0.0,0.0,0.0,14.0,0
25057332,EMEF JOAO XXIII,2512002,Pocinhos,2,3,0.0,0.0,0.0,0.0,1.0,1.0,1.0,1.0,0.0,0.0,0.0,0.0,11.0,0
25057340,EMEF JOSE AVELINO DA SILVA,2512002,Pocinhos,2,3,0.0,0.0,0.0,0.0,1.0,1.0,1.0,1.0,1.0,0.0,1.0,0.0,3.0,0
25057375,EMEIEF JOSE TOME,2512002,Pocinhos,1,3,0.0,0.0,0.0,0.0,1.0,1.0,1.0,1.0,1.0,0.0,0.0,0.0,6.0,0
25057391,EMEF MANOEL AGOSTINHO DA SILVA,2512002,Pocinhos,1,3,0.0,0.0,0.0,0.0,1.0,1.0,1.0,1.0,0.0,0.0,0.0,0.0,5.0,0
25057413,EMEF OSMAN CAVALCANTI LEAL,2512002,Pocinhos,1,3,0.0,0.0,0.0,0.0,1.0,1.0,1.0,1.0,0.0,0.0,0.0,0.0,5.0,0
25057448,EMEF RUI BARBOSA,2512002,Pocinhos,2,3,0.0,0.0,0.0,0.0,1.0,1.0,1.0,1.0,0.0,0.0,0.0,0.0,8.0,0
25057499,EMEF MARIA DA GUIA SALES,2512002,Pocinhos,1,3,0.0,0.0,0.0,0.0,1.0,1.0,1.0,1.0,0.0,0.0,0.0,0.0,6.0,0
25128841,CENTRO EDUCACIONAL AQUARELA DO SABER,2512002,Pocinhos,1,4,0.0,0.0,0.0,0.0,1.0,0.0,1.0,1.0,1.0,0.0,0.0,0.0,0.0,0
25187805,EMEIF SANTA TEREZINHA,2512002,Pocinhos,1,3,0.0,0.0,0.0,0.0,1.0,1.0,1.0,1.0,0.0,0.0,0.0,0.0,5.0,0
25057774,EMEF CASTRO ALVES,2512002,Pocinhos,2,3,0.0,0.0,0.0,0.0,1.0,1.0,1.0,1.0,1.0,0.0,0.0,0.0,7.0,0
25012940,ECI JOSE NILSON SANTIAGO,2512036,Poço Dantas,1,2,0.0,0.0,0.0,0.0,1.0,1.0,1.0,1.0,1.0,0.0,1.0,0.0,0.0,--
25013190,EMEIF MARIA JULIA DA CONCEICAO,2512036,Poço Dantas,2,3,0.0,0.0,0.0,0.0,1.0,1.0,1.0,1.0,1.0,0.0,0.0,0.0,4.0,0
25013297,EMEIF JOSE PEREIRA DE QUEIROZ,2512036,Poço Dantas,2,3,0.0,0.0,0.0,0.0,1.0,1.0,1.0,1.0,1.0,0.0,1.0,0.0,6.0,0
25013360,EMEIF AGRIMAR PEIXOTO,2512036,Poço Dantas,2,3,0.0,0.0,0.0,0.0,1.0,1.0,1.0,1.0,0.0,0.0,0.0,0.0,5.0,0
25013386,EMEIF JOAO CESARIO,2512036,Poço Dantas,2,3,0.0,0.0,0.0,0.0,1.0,1.0,1.0,1.0,1.0,0.0,0.0,0.0,2.0,0
25013491,EMEIF JOSE CORREIA DE ARAUJO,2512036,Poço Dantas,2,3,0.0,0.0,0.0,0.0,1.0,1.0,1.0,1.0,0.0,0.0,0.0,0.0,3.0,0
25013530,EMEIF LIBANIO DE FRANCA MACIEL,2512036,Poço Dantas,2,3,0.0,0.0,0.0,0.0,1.0,1.0,1.0,1.0,0.0,0.0,0.0,0.0,2.0,0
25013645,EMEIFM ROSA DIAS DO NASCIMENTO,2512036,Poço Dantas,1,3,0.0,0.0,0.0,0.0,1.0,1.0,1.0,1.0,1.0,0.0,0.0,0.0,12.0,0
25013742,EMEIF FRANCISCO FERREIRA SANTIAGO,2512036,Poço Dantas,2,3,0.0,0.0,0.0,0.0,1.0,1.0,1.0,1.0,0.0,0.0,0.0,0.0,4.0,0
25013777,EMEIF BULANDEIRA I,2512036,Poço Dantas,2,3,0.0,0.0,0.0,0.0,1.0,1.0,1.0,1.0,0.0,0.0,0.0,0.0,1.0,0
25005405,EMEIF ANTONIO OLIMPIO DE ALMEIDA,2512077,Poço de José de Moura,2,3,0.0,0.0,0.0,0.0,1.0,1.0,1.0,1.0,0.0,0.0,0.0,0.0,0.0,0
25005812,EMEIF MANOEL CLEMENTINO NETO,2512077,Poço de José de Moura,2,3,0.0,0.0,0.0,0.0,1.0,1.0,1.0,1.0,1.0,0.0,0.0,1.0,6.0,0
25005995,ECIT PROFESSORA FRANCISCA FONSECA MATIAS,2512077,Poço de José de Moura,1,2,0.0,0.0,0.0,0.0,1.0,1.0,1.0,1.0,1.0,1.0,1.0,0.0,6.0,--
25006010,EMEIF PROFESSOR FRANCISCO CASSIANO SOBRINHO,2512077,Poço de José de Moura,1,3,0.0,0.0,0.0,0.0,1.0,1.0,1.0,1.0,1.0,0.0,0.0,0.0,7.0,--
25119982,EMEIF PEDRO EVANGELISTA DE ANDRADE,2512077,Poço de José de Moura,2,3,0.0,0.0,0.0,0.0,1.0,1.0,1.0,1.0,1.0,0.0,0.0,1.0,3.0,0
25132075,ESCOLA MUNICIPAL DE ENSINO FUNDAMENTAL INTEGRAL JUAREZ ALVES TAVARES,2512077,Poço de José de Moura,1,3,0.0,0.0,0.0,0.0,1.0,1.0,1.0,1.0,0.0,0.0,0.0,0.0,5.0,0
25015869,ECITEEFM MONSENHOR VICENTE FREITAS,2512101,Pombal,1,2,0.0,0.0,0.0,0.0,1.0,1.0,1.0,1.0,1.0,1.0,1.0,0.0,9.0,--
25015885,EEEFM JOAO DA MATA,2512101,Pombal,1,2,0.0,0.0,0.0,0.0,1.0,1.0,1.0,1.0,1.0,1.0,1.0,0.0,0.0,--
25015893,EEEFM ARRUDA CAMARA,2512101,Pombal,1,2,0.0,0.0,0.0,0.0,1.0,1.0,1.0,1.0,1.0,1.0,1.0,0.0,18.0,--
25016032,EEEFM AMELIA MARIA DA LUZ,2512101,Pombal,1,2,3.0,0.0,0.0,0.0,1.0,1.0,1.0,1.0,1.0,1.0,1.0,0.0,3.0,--
25016075,EEEF DE ESTRELO,2512101,Pombal,2,2,0.0,0.0,0.0,1.0,1.0,1.0,1.0,1.0,0.0,0.0,0.0,1.0,2.0,0
25016172,COLEGIO MENINO JESUS,2512101,Pombal,1,4,0.0,0.0,0.0,0.0,1.0,0.0,1.0,1.0,1.0,1.0,1.0,0.0,21.0,0
25016318,GR ESC MUL CAJAZEIRAS DOS BATISTA,2512101,Pombal,2,3,0.0,0.0,0.0,1.0,1.0,1.0,1.0,1.0,0.0,0.0,0.0,0.0,1.0,0
25016334,GR ESC MUL COATIBA,2512101,Pombal,2,3,0.0,0.0,0.0,0.0,1.0,1.0,1.0,1.0,1.0,0.0,0.0,0.0,2.0,0
25016393,EMEF DE TRINCHEIRAS,2512101,Pombal,2,3,0.0,0.0,0.0,0.0,1.0,1.0,1.0,1.0,1.0,0.0,0.0,0.0,2.0,0
25016407,GR ESC MUL HUMARI,2512101,Pombal,2,3,0.0,0.0,0.0,0.0,1.0,1.0,1.0,1.0,1.0,0.0,0.0,0.0,1.0,0
25016440,EMEF PROFESSOR NEWTON SEIXAS,2512101,Pombal,1,3,0.0,0.0,0.0,0.0,1.0,1.0,1.0,1.0,1.0,1.0,1.0,0.0,21.0,0
25016458,GR ESC MUL PITOMBEIRA,2512101,Pombal,2,3,0.0,0.0,0.0,0.0,1.0,1.0,1.0,1.0,1.0,0.0,0.0,0.0,1.0,0
25016466,ESC MUN ENS FUND POETA BELARMINO DE FRANCA,2512101,Pombal,1,3,0.0,0.0,0.0,0.0,1.0,1.0,1.0,1.0,1.0,0.0,1.0,0.0,7.0,0
25016482,GR ESC MUL SAO JOAO,2512101,Pombal,2,3,3.0,0.0,0.0,0.0,1.0,1.0,1.0,1.0,1.0,0.0,0.0,0.0,1.0,0
25016539,EMEF FRANCISCO JOSE DE SANTANA,2512101,Pombal,1,3,0.0,0.0,0.0,0.0,1.0,1.0,1.0,1.0,1.0,0.0,1.0,0.0,8.0,0
25016555,GR ESC MUL DE CACHOEIRA DE BAIXO,2512101,Pombal,2,3,0.0,0.0,0.0,0.0,1.0,1.0,1.0,1.0,1.0,0.0,0.0,0.0,2.0,0
25016563,GR ESC MUL VARZEA COMPRIDA DOS OLIVEIRAS,2512101,Pombal,2,3,0.0,0.0,0.0,0.0,1.0,1.0,1.0,1.0,1.0,0.0,0.0,0.0,1.0,0
25016598,GR ESC MUL VARZEA COMPRIDA DOS LEITES,2512101,Pombal,2,3,0.0,0.0,0.0,0.0,1.0,1.0,1.0,1.0,1.0,0.0,0.0,0.0,2.0,0
25016679,GR ESC MUL DE FLORES,2512101,Pombal,2,3,0.0,0.0,0.0,0.0,1.0,1.0,1.0,1.0,1.0,0.0,0.0,0.0,1.0,0
25016695,GR ESC MUL DE SAO PEDRO,2512101,Pombal,2,3,0.0,0.0,0.0,0.0,1.0,1.0,1.0,1.0,1.0,0.0,0.0,0.0,2.0,0
25016989,EMEF MATILDE DE CASTRO BANDEIRA,2512101,Pombal,1,3,0.0,0.0,0.0,0.0,1.0,1.0,1.0,1.0,1.0,0.0,0.0,0.0,9.0,0
25016997,INSTITUTO ROBERTA FERNANDES,2512101,Pombal,1,4,0.0,0.0,0.0,0.0,1.0,0.0,1.0,1.0,1.0,0.0,0.0,0.0,13.0,0
25017039,GR ESC MUL GAMELEIRA,2512101,Pombal,2,3,0.0,0.0,0.0,0.0,1.0,1.0,1.0,1.0,1.0,0.0,0.0,0.0,2.0,0
25106287,GR ESC MUL CANOAS,2512101,Pombal,2,3,0.0,0.0,0.0,0.0,1.0,1.0,1.0,1.0,0.0,0.0,0.0,0.0,1.0,0
25111213,GR ESC MUL VIDA NOVA,2512101,Pombal,1,3,0.0,0.0,0.0,0.0,1.0,1.0,1.0,1.0,1.0,0.0,0.0,0.0,7.0,0
25112104,GR ESC MUL SAO JOAO II,2512101,Pombal,2,3,0.0,0.0,0.0,0.0,1.0,1.0,1.0,1.0,1.0,0.0,0.0,0.0,2.0,0
25112937,EMEF MAE D AGUA,2512101,Pombal,2,3,0.0,0.0,0.0,0.0,1.0,1.0,1.0,1.0,1.0,0.0,0.0,0.0,2.0,0
25113801,EMEF DECISAO,2512101,Pombal,1,3,0.0,0.0,0.0,0.0,1.0,1.0,1.0,1.0,1.0,0.0,1.0,0.0,22.0,0
25113984,EMEF SAO BRAZ III,2512101,Pombal,2,3,0.0,0.0,0.0,0.0,1.0,1.0,1.0,1.0,1.0,0.0,0.0,1.0,2.0,0
25117513,ESPACO EDUCACIONAL ARCO IRIS,2512101,Pombal,1,4,0.0,0.0,0.0,0.0,1.0,0.0,1.0,1.0,1.0,0.0,0.0,0.0,20.0,0
25118560,EEEFM JOANA IVONILDES BANDEIRA,2512101,Pombal,1,2,0.0,0.0,0.0,0.0,1.0,1.0,1.0,1.0,1.0,1.0,0.0,0.0,1.0,--
25118668,EMEF MINISTRO CELSO FURTADO,2512101,Pombal,1,3,0.0,0.0,0.0,0.0,1.0,1.0,1.0,1.0,1.0,0.0,1.0,0.0,18.0,--
25125362,ESCOLA PRINCIPIO DO SABER,2512101,Pombal,1,4,0.0,0.0,0.0,0.0,1.0,0.0,1.0,1.0,1.0,0.0,0.0,0.0,3.0,0
25046950,ECIT FRANCISCO DE ASSIS GONZAGA,2512200,Prata,1,2,0.0,0.0,0.0,0.0,1.0,1.0,1.0,1.0,1.0,1.0,1.0,0.0,8.0,--
25046985,EMEIF PROFª MARIA DE LOURDES NUNES DE MENEZES,2512200,Prata,1,3,0.0,0.0,0.0,0.0,1.0,1.0,1.0,1.0,1.0,0.0,1.0,0.0,14.0,0
25130021,EMEF PROFESSORA IRENE DE SOUSA RAMOS,2512200,Prata,1,3,0.0,0.0,0.0,0.0,1.0,1.0,1.0,1.0,1.0,0.0,0.0,0.0,5.0,0
25036297,EEEF PROFESSORA IRACEMA MARQUES DE LIMA,2512309,Princesa Isabel,1,2,0.0,0.0,0.0,0.0,1.0,1.0,1.0,1.0,1.0,0.0,0.0,0.0,0.0,0
25036300,EEEFM GAMA E MELO,2512309,Princesa Isabel,1,2,0.0,0.0,0.0,0.0,1.0,1.0,1.0,1.0,1.0,0.0,1.0,0.0,2.0,--
25036335,ECIT NOSSA SENHORA DO BOM CONSELHO,2512309,Princesa Isabel,1,2,0.0,0.0,0.0,0.0,1.0,1.0,1.0,1.0,1.0,0.0,1.0,0.0,12.0,--
25036670,EMEF ANTONIO RODRIGUES DE MEDEIROS,2512309,Princesa Isabel,2,3,0.0,0.0,0.0,0.0,1.0,1.0,1.0,1.0,0.0,0.0,0.0,1.0,0.0,0
25036700,EMEF JOSE RODRIGUES MAIA,2512309,Princesa Isabel,2,3,0.0,0.0,0.0,0.0,1.0,1.0,1.0,1.0,0.0,0.0,0.0,0.0,7.0,0
25036823,EMEF JOAO MADEIRO,2512309,Princesa Isabel,2,3,0.0,0.0,0.0,0.0,1.0,1.0,1.0,1.0,0.0,0.0,0.0,0.0,6.0,0
25037072,EMEF NOSSA SENHORA DO ROSARIO,2512309,Princesa Isabel,1,3,0.0,0.0,0.0,0.0,1.0,1.0,1.0,1.0,0.0,0.0,0.0,0.0,10.0,0
25037099,EMEF CARLOS ALBERTO MEDEIROS DUARTE SOBREIRA,2512309,Princesa Isabel,1,3,0.0,0.0,0.0,0.0,1.0,1.0,1.0,1.0,1.0,0.0,0.0,0.0,6.0,--
25119958,COLEGIO E CURSO MUNDO MAGICO E INFOR SOFT,2512309,Princesa Isabel,1,4,0.0,0.0,0.0,0.0,1.0,0.0,1.0,1.0,1.0,0.0,1.0,0.0,7.0,--
25128655,ESCOLA DE EDUCACAO INFANTIL E FUNDAMENTAL TIA MAZE,2512309,Princesa Isabel,1,4,0.0,0.0,0.0,0.0,1.0,0.0,1.0,1.0,1.0,0.0,0.0,0.0,0.0,0
25131389,EMEF PROFESSORA LUIZA FERREIRA DOS SANTOS,2512309,Princesa Isabel,1,3,0.0,0.0,0.0,0.0,1.0,1.0,1.0,1.0,0.0,0.0,0.0,0.0,7.0,0
25282930,IFPB - CAMPUS PRINCESA ISABEL,2512309,Princesa Isabel,1,1,0.0,0.0,0.0,0.0,1.0,1.0,1.0,1.0,1.0,1.0,1.0,0.0,13.0,--
25078550,ECIT PLINIO LEMOS,2512408,Puxinanã,1,2,0.0,0.0,0.0,0.0,1.0,1.0,1.0,1.0,1.0,1.0,1.0,0.0,6.0,--
25078569,EEEM SEVERIANO PEDRO DO NASCIMENTO,2512408,Puxinanã,2,2,0.0,0.0,0.0,0.0,1.0,1.0,1.0,1.0,1.0,0.0,0.0,0.0,0.0,--
25078577,EEEM CONEGO ANTONIO GALDINO,2512408,Puxinanã,1,2,0.0,0.0,0.0,0.0,1.0,1.0,1.0,1.0,1.0,0.0,0.0,0.0,3.0,--
25078607,ESC MUL MARIZETE RAPOSO NASCIMENTO,2512408,Puxinanã,2,3,0.0,0.0,0.0,0.0,1.0,1.0,1.0,1.0,1.0,0.0,0.0,0.0,0.0,0
25078666,GR ESC MUL DE LAGOA DE DENTRO,2512408,Puxinanã,2,3,0.0,0.0,0.0,0.0,1.0,1.0,1.0,1.0,1.0,0.0,0.0,0.0,0.0,0
25078674,ESC MUL MARIA JOSE GOMES DE MELO,2512408,Puxinanã,2,3,0.0,0.0,0.0,0.0,1.0,1.0,1.0,1.0,0.0,0.0,0.0,1.0,0.0,0
25078682,GR ESC QUINTINO LEONCIO,2512408,Puxinanã,1,3,0.0,0.0,0.0,0.0,1.0,1.0,1.0,1.0,1.0,0.0,0.0,0.0,6.0,0
25078712,ESC MUL GREGORIO ALBERTO DANTAS,2512408,Puxinanã,2,3,0.0,0.0,0.0,0.0,1.0,1.0,1.0,1.0,0.0,0.0,0.0,0.0,0.0,0
25078720,GR ESC CICERO GONCALVES DOS SANTOS,2512408,Puxinanã,2,3,0.0,0.0,0.0,0.0,1.0,1.0,1.0,1.0,1.0,0.0,0.0,0.0,0.0,0
25078747,ESC MUNICIPAL JOSE INACIO DA SILVA,2512408,Puxinanã,2,3,0.0,0.0,0.0,0.0,1.0,1.0,1.0,1.0,1.0,0.0,0.0,1.0,0.0,0
25078771,GR ESC FIRMINO GALDINO PEREIRA,2512408,Puxinanã,2,3,0.0,0.0,0.0,0.0,1.0,1.0,1.0,1.0,0.0,0.0,0.0,1.0,0.0,0
25078925,GR ESC PRES COSTA E SILVA,2512408,Puxinanã,1,3,0.0,0.0,0.0,0.0,1.0,1.0,1.0,1.0,1.0,0.0,0.0,0.0,0.0,0
25078933,ESM MUL ISIDRO JOAQUIM DO SANTOS,2512408,Puxinanã,2,3,0.0,0.0,0.0,0.0,1.0,1.0,1.0,1.0,1.0,0.0,0.0,1.0,0.0,0
25111205,ESC TEC AGRICOLA JOAQUIM L DE QUEIROZ,2512408,Puxinanã,2,3,0.0,0.0,0.0,0.0,1.0,1.0,1.0,1.0,1.0,0.0,0.0,0.0,0.0,--
25078976,EMEF BEATRIZ ERNESTO DE MELO,2512507,Queimadas,1,3,0.0,0.0,0.0,0.0,1.0,1.0,1.0,1.0,1.0,0.0,0.0,0.0,3.0,0
25078992,ECIT FRANCISCO ERNESTO DO REGO,2512507,Queimadas,1,2,0.0,0.0,0.0,0.0,1.0,1.0,1.0,1.0,1.0,1.0,1.0,0.0,0.0,--
25079115,EEEFM JOSE TAVARES,2512507,Queimadas,1,2,0.0,0.0,0.0,0.0,1.0,1.0,1.0,1.0,0.0,0.0,0.0,0.0,0.0,--
25079280,ESCOLA SANTA MARIA,2512507,Queimadas,1,4,0.0,0.0,0.0,0.0,1.0,0.0,1.0,1.0,1.0,1.0,0.0,0.0,0.0,0
25079298,EMEIF PROFESSOR JOSE MIRANDA,2512507,Queimadas,1,3,0.0,0.0,0.0,0.0,1.0,1.0,1.0,1.0,1.0,0.0,0.0,0.0,9.0,0
25079360,EMEIF JOAO FERRAZ,2512507,Queimadas,2,3,0.0,0.0,0.0,0.0,1.0,1.0,1.0,1.0,1.0,0.0,0.0,0.0,0.0,0
25079409,EMEIF JOSE PEREIRA DE SOUZA,2512507,Queimadas,2,3,0.0,0.0,0.0,0.0,1.0,1.0,1.0,1.0,1.0,0.0,0.0,0.0,0.0,0
25079417,EMEIF JOVENTINO ERNESTO DO REGO,2512507,Queimadas,2,3,0.0,0.0,0.0,0.0,1.0,1.0,1.0,1.0,1.0,0.0,0.0,0.0,0.0,0
25079441,EMEIF MARIA CARDOSO,2512507,Queimadas,2,3,0.0,0.0,0.0,0.0,1.0,1.0,1.0,1.0,1.0,0.0,0.0,0.0,0.0,0
25079638,EMEIF ALZIRA MAIA,2512507,Queimadas,2,3,0.0,0.0,0.0,0.0,1.0,1.0,1.0,1.0,1.0,0.0,0.0,0.0,11.0,0
25079646,EMEIF ANTONIO AMARO,2512507,Queimadas,2,3,0.0,0.0,0.0,0.0,1.0,1.0,1.0,1.0,1.0,0.0,0.0,0.0,2.0,0
25079689,EMEF CAPITAO ANTONIO MUNIZ,2512507,Queimadas,2,3,0.0,0.0,0.0,0.0,1.0,1.0,1.0,1.0,1.0,0.0,0.0,0.0,1.0,0
25079743,EMEIF IRMAOS ALEXANDRINO,2512507,Queimadas,2,3,0.0,0.0,0.0,0.0,1.0,1.0,1.0,1.0,1.0,0.0,0.0,0.0,0.0,0
25079794,EMEIF JOSE FRANCISCO BEZERRA,2512507,Queimadas,2,3,0.0,0.0,0.0,0.0,1.0,1.0,1.0,1.0,1.0,0.0,0.0,0.0,0.0,0
25079859,EMEIF LEONILDO MACIEL,2512507,Queimadas,2,3,0.0,0.0,0.0,0.0,1.0,1.0,1.0,1.0,1.0,0.0,0.0,0.0,0.0,0
25079905,EMEIF SANTINO PACHU DOS SANTOS,2512507,Queimadas,2,3,0.0,0.0,0.0,0.0,1.0,1.0,1.0,1.0,1.0,0.0,0.0,0.0,0.0,0
25079956,COLEGIO MENINO JESUS,2512507,Queimadas,1,4,0.0,0.0,0.0,0.0,1.0,0.0,1.0,1.0,1.0,0.0,0.0,0.0,14.0,0
25106384,EMEF TERTULIANO MACIEL,2512507,Queimadas,2,3,0.0,0.0,0.0,0.0,1.0,1.0,1.0,1.0,1.0,0.0,1.0,0.0,3.0,0
25110888,EMEF ANTONIO VITAL DO REGO,2512507,Queimadas,1,3,0.0,0.0,0.0,0.0,1.0,1.0,1.0,1.0,1.0,0.0,1.0,0.0,0.0,--
25115278,CENTRO EDUCACIONAL TURMINHA DO ABC,2512507,Queimadas,1,4,0.0,0.0,0.0,0.0,1.0,0.0,1.0,1.0,1.0,0.0,1.0,0.0,0.0,0
25119770,ESC NOSSA SENHORA DO CARMO,2512507,Queimadas,1,4,0.0,0.0,0.0,0.0,1.0,0.0,1.0,1.0,1.0,0.0,0.0,0.0,0.0,0
25121103,EMEIF CARLOS ERNESTO,2512507,Queimadas,2,3,0.0,0.0,0.0,0.0,1.0,1.0,1.0,1.0,1.0,0.0,0.0,0.0,0.0,0
25122959,ESCOLA IMACULADA CONCEICAO,2512507,Queimadas,1,4,0.0,0.0,0.0,0.0,1.0,0.0,1.0,1.0,1.0,0.0,0.0,0.0,17.0,0
25122967,ESCOLA APRENDER COM ALEGRIA,2512507,Queimadas,1,4,0.0,0.0,0.0,0.0,1.0,0.0,1.0,1.0,1.0,0.0,0.0,0.0,0.0,0
25123009,ESCOLA PEQUENO GENIO MARIA JOSE DUARTE DA COSTA,2512507,Queimadas,1,4,0.0,0.0,0.0,0.0,1.0,0.0,1.0,1.0,1.0,0.0,0.0,0.0,0.0,0
25125648,EMEF JUDITH BARBOSA DE PAULA REGO,2512507,Queimadas,1,3,0.0,0.0,0.0,0.0,1.0,1.0,1.0,1.0,1.0,0.0,0.0,0.0,21.0,--
25126415,EEEM TEREZA ALVES DE MOURA,2512507,Queimadas,2,2,0.0,0.0,0.0,0.0,1.0,1.0,1.0,1.0,1.0,1.0,1.0,0.0,0.0,--
25127233,ESCOLA PINGO DE GENTE LUIZ TOMAS DE MEDEIROS,2512507,Queimadas,1,4,0.0,0.0,0.0,0.0,1.0,0.0,1.0,1.0,0.0,0.0,0.0,0.0,0.0,0
25132440,EMEF VIRGINIA MIRANDA DA SILVA,2512507,Queimadas,1,3,0.0,0.0,0.0,0.0,1.0,1.0,1.0,1.0,1.0,0.0,0.0,0.0,5.0,0
25132458,EMEF GERALDA BARBOSA SA SILVA,2512507,Queimadas,2,3,0.0,0.0,0.0,0.0,1.0,1.0,1.0,1.0,1.0,0.0,0.0,0.0,0.0,0
25133691,EMEIF PROFESSORA EVA VILMA DA SILVA PEREIRA,2512507,Queimadas,2,3,0.0,0.0,0.0,0.0,1.0,1.0,1.0,1.0,1.0,0.0,0.0,0.0,0.0,0
25133705,ESCOLA MUNICIPAL DE ENSINO FUNDAMENTAL MIGUEL ALEXANDRINO DE AGUIAR,2512507,Queimadas,2,3,0.0,0.0,0.0,0.0,1.0,1.0,1.0,1.0,1.0,0.0,0.0,0.0,0.0,0
25154800,ESCOLA EDUCANDARIO FACULDADE DAS CRIANCAS,2512507,Queimadas,1,4,0.0,0.0,0.0,0.0,1.0,0.0,1.0,1.0,0.0,0.0,0.0,0.0,0.0,0
25215809,ESCOLA HORA DA ALEGRIA,2512507,Queimadas,1,4,0.0,0.0,0.0,0.0,1.0,0.0,1.0,1.0,0.0,0.0,0.0,0.0,0.0,0
25246925,EDUCANDARIO SANTA TEREZINHA,2512507,Queimadas,1,4,0.0,0.0,0.0,0.0,1.0,0.0,1.0,1.0,1.0,0.0,0.0,0.0,0.0,0
25258931,ESPACO EDUCACIONAL DA CRIANCA,2512507,Queimadas,1,4,0.0,0.0,0.0,0.0,1.0,0.0,1.0,1.0,1.0,0.0,0.0,0.0,0.0,0
25022059,ECIEEM HERCULANO PEREIRA,2512606,Quixaba,1,2,0.0,0.0,0.0,0.0,1.0,1.0,1.0,1.0,0.0,0.0,0.0,1.0,3.0,--
25022237,EMEIEF NOBELINO LEITE,2512606,Quixaba,2,3,0.0,0.0,0.0,0.0,1.0,1.0,1.0,1.0,1.0,0.0,0.0,0.0,2.0,0
25116835,EMEF CICERO SULPINO DOS SANTOS,2512606,Quixaba,1,3,0.0,0.0,0.0,0.0,1.0,1.0,1.0,1.0,1.0,0.0,1.0,0.0,12.0,0
25057812,EDUCANDARIO NOSSA SENHORA APARECIDA,2512705,Remígio,1,4,0.0,0.0,0.0,0.0,1.0,0.0,1.0,1.0,1.0,1.0,0.0,0.0,11.0,0
25057820,ECIT JOSE BRONZEADO SOBRINHO,2512705,Remígio,1,2,0.0,0.0,0.0,0.0,1.0,1.0,1.0,1.0,1.0,1.0,1.0,0.0,9.0,--
25057839,EEEFM DOUTOR CUNHA LIMA,2512705,Remígio,1,2,0.0,0.0,0.0,0.0,1.0,1.0,1.0,1.0,1.0,0.0,1.0,0.0,0.0,--
25057871,EMEFCI PROFESSORA MARGARIDA DE ALMEIDA SANTOS,2512705,Remígio,1,3,0.0,0.0,0.0,0.0,1.0,1.0,1.0,1.0,1.0,0.0,0.0,0.0,1.0,--
25057952,EMEF PROFESSORA GERCINA ELOY FREIRE,2512705,Remígio,1,3,0.0,0.0,0.0,0.0,1.0,1.0,1.0,1.0,0.0,0.0,0.0,0.0,1.0,0
25057987,EMEF ANTONIO CARNEIRO FILHO,2512705,Remígio,1,3,0.0,0.0,0.0,0.0,1.0,1.0,1.0,1.0,1.0,0.0,0.0,0.0,5.0,0
25058002,EMEFCI JULIA VITORIO,2512705,Remígio,1,3,0.0,0.0,0.0,0.0,1.0,1.0,1.0,1.0,1.0,0.0,1.0,0.0,0.0,0
25058029,EMEFCI E BILINGUE PEDRO BATISTA FILHO,2512705,Remígio,1,3,0.0,0.0,0.0,0.0,1.0,1.0,1.0,0.0,0.0,0.0,0.0,0.0,1.0,0
25058053,EMEF ESTANISLAU ELOY,2512705,Remígio,1,3,0.0,0.0,0.0,0.0,1.0,1.0,1.0,1.0,0.0,1.0,0.0,0.0,0.0,--
25058070,ESCOLA MUNICIPAL DE ENSINO FUNDAMENTAL MANOEL JOCA,2512705,Remígio,2,3,0.0,0.0,0.0,0.0,1.0,1.0,1.0,1.0,0.0,0.0,0.0,0.0,0.0,0
25058126,EMEFCI MARIA BATISTA DE LIMA,2512705,Remígio,1,3,0.0,0.0,0.0,0.0,1.0,1.0,1.0,1.0,0.0,0.0,0.0,0.0,0.0,0
25058185,ESCOLA MUNICIPAL DE ENSINO FUNDAMENTAL JOSE CAZUZA FREIRE,2512705,Remígio,2,3,0.0,0.0,0.0,0.0,1.0,1.0,1.0,1.0,0.0,0.0,0.0,1.0,0.0,0
25058193,EMEFCI E BILINGUE JOSE DELFINO DE SOUTO,2512705,Remígio,2,3,0.0,0.0,0.0,0.0,1.0,1.0,1.0,1.0,0.0,0.0,0.0,0.0,0.0,0
25058231,ESCOLA MUNICIPAL DE ENSINO FUNDAMENTAL SEVERINO BRONZEADO,2512705,Remígio,2,3,0.0,0.0,0.0,0.0,1.0,1.0,1.0,1.0,0.0,0.0,0.0,1.0,0.0,0
25129708,EMEF CIDADA INTEGRAL PAULO FREIRE,2512705,Remígio,2,3,1.0,0.0,0.0,0.0,1.0,1.0,1.0,1.0,1.0,0.0,0.0,0.0,0.0,--
25132040,CENTRO DE REFERENCIA EM EDUCACAO DO CAMPO CIDADA INTEGRAL RAFAEL CLEMENTINO DE LIMA,2512705,Remígio,2,3,0.0,0.0,0.0,0.0,1.0,1.0,1.0,1.0,1.0,0.0,0.0,0.0,0.0,0
25132210,CENTRO DE REFERENCIA EM EDUCACAO INFANTIL E CICLO DE ALFABETIZACAO CELSO CARNEIRO LEAL,2512705,Remígio,1,3,0.0,0.0,0.0,0.0,1.0,1.0,1.0,1.0,1.0,0.0,0.0,0.0,0.0,0
25266934,ESCOLA SONHO DE CRIANCA,2512705,Remígio,1,4,0.0,0.0,0.0,0.0,1.0,0.0,1.0,1.0,1.0,0.0,1.0,0.0,14.0,0
25086324,ECI MARGARIDA DIAS,2512721,Pedro Régis,1,2,0.0,0.0,0.0,0.0,1.0,1.0,1.0,1.0,1.0,1.0,1.0,0.0,5.0,--
25086421,EMEF DAURA RIBEIRO DA SILVA,2512721,Pedro Régis,1,3,0.0,0.0,0.0,0.0,1.0,1.0,1.0,1.0,1.0,0.0,0.0,0.0,5.0,0
25086502,EMEIF MANOEL FIDELIS SOBRINHO,2512721,Pedro Régis,2,3,0.0,0.0,0.0,0.0,1.0,1.0,1.0,1.0,0.0,0.0,0.0,0.0,3.0,0
25086626,EMEIF VIRGILIO RIBEIRO DA SILVA,2512721,Pedro Régis,2,3,0.0,0.0,0.0,0.0,1.0,1.0,1.0,1.0,0.0,0.0,0.0,0.0,0.0,0
25086634,EMEIF ANTONIO FERNANDES DE FARIAS,2512721,Pedro Régis,2,3,0.0,0.0,0.0,0.0,1.0,1.0,1.0,1.0,0.0,0.0,0.0,0.0,0.0,0
25086693,EMEIF IDALINA ROSA,2512721,Pedro Régis,2,3,0.0,0.0,0.0,0.0,1.0,1.0,1.0,1.0,0.0,0.0,0.0,0.0,0.0,0
25086715,EMEIF OZEIAS ARANHAS DE VASCONCELOS,2512721,Pedro Régis,2,3,0.0,0.0,0.0,0.0,1.0,1.0,1.0,1.0,0.0,0.0,0.0,0.0,2.0,0
25086812,EMEIF FRANCISCO MIGUEL BATISTA,2512721,Pedro Régis,2,3,0.0,0.0,0.0,0.0,1.0,1.0,1.0,1.0,0.0,0.0,0.0,0.0,0.0,0
25058991,ECI PEDRO RIBEIRO DE LIMA,2512747,Riachão,1,2,0.0,0.0,0.0,0.0,1.0,1.0,1.0,0.0,0.0,0.0,0.0,0.0,4.0,--
25059068,EMEF MENINO JESUS,2512747,Riachão,1,3,0.0,0.0,0.0,0.0,1.0,1.0,1.0,1.0,1.0,1.0,1.0,0.0,10.0,0
25059190,EMEF DO BAIXIO,2512747,Riachão,2,3,1.0,0.0,0.0,0.0,1.0,1.0,1.0,1.0,0.0,0.0,0.0,0.0,2.0,0
25108786,EMEF DO SEIXO,2512747,Riachão,2,3,1.0,0.0,0.0,0.0,1.0,1.0,1.0,1.0,0.0,0.0,0.0,1.0,2.0,0
25113763,EMEF DE VARZEA GRANDE,2512747,Riachão,2,3,1.0,0.0,0.0,0.0,1.0,1.0,1.0,1.0,0.0,0.0,0.0,0.0,2.0,0
25141201,EMEF DO BARRO VERMELHO,2512747,Riachão,2,3,0.0,0.0,0.0,0.0,1.0,1.0,1.0,1.0,0.0,0.0,0.0,1.0,1.0,0
25081047,EMEIEF FRANCISCO GALDINO DA SILVA,2512754,Riachão do Bacamarte,2,3,0.0,0.0,0.0,0.0,1.0,1.0,1.0,1.0,1.0,0.0,1.0,0.0,2.0,0
25081080,EMEIF MANOEL JOAQUIM DE ARAUJO,2512754,Riachão do Bacamarte,2,3,0.0,0.0,0.0,0.0,1.0,1.0,1.0,1.0,1.0,0.0,1.0,0.0,7.0,0
25081098,ESCOLA MUNICIPAL JOSE TITO FILHO,2512754,Riachão do Bacamarte,1,3,0.0,0.0,0.0,0.0,1.0,1.0,1.0,1.0,1.0,0.0,1.0,0.0,8.0,0
25081152,EMEF DEOLINDA MARIA DO AMARAL,2512754,Riachão do Bacamarte,1,3,0.0,0.0,0.0,0.0,1.0,1.0,1.0,1.0,1.0,0.0,1.0,0.0,12.0,0
25081349,ECI ADAUTO CABRAL DE VASCONCELOS,2512754,Riachão do Bacamarte,1,2,0.0,0.0,0.0,0.0,1.0,1.0,1.0,1.0,0.0,0.0,1.0,0.0,0.0,--
25104756,EMEIF MANOEL CANDIDO TENORIO,2512754,Riachão do Bacamarte,2,3,3.0,0.0,0.0,0.0,1.0,1.0,1.0,1.0,0.0,0.0,0.0,0.0,0.0,0
25143204,EMEIEF HELENA CAMPOS,2512754,Riachão do Bacamarte,2,3,0.0,0.0,0.0,0.0,1.0,1.0,1.0,1.0,1.0,0.0,1.0,0.0,4.0,0
25089838,ECIT RIACHAO DO POCO,2512762,Riachão do Poço,1,2,0.0,0.0,0.0,0.0,1.0,1.0,1.0,1.0,1.0,0.0,1.0,0.0,7.0,--
25090275,EMEIEF PROFª MARINALVA PEREIRA DA SILVA,2512762,Riachão do Poço,2,3,0.0,0.0,0.0,0.0,1.0,1.0,1.0,1.0,1.0,0.0,0.0,0.0,2.0,0
25090364,EMEIEF LAGOA DO PADRE,2512762,Riachão do Poço,2,3,0.0,0.0,0.0,0.0,1.0,1.0,1.0,1.0,1.0,0.0,0.0,0.0,5.0,0
25090542,EMEIEF JOAO FERREIRA ALVES,2512762,Riachão do Poço,1,3,0.0,0.0,0.0,0.0,1.0,1.0,1.0,1.0,1.0,0.0,0.0,0.0,10.0,0
25090674,EMEIEF JOAO BERNARDO SEMEAO,2512762,Riachão do Poço,2,3,0.0,0.0,0.0,0.0,1.0,1.0,1.0,1.0,0.0,0.0,0.0,0.0,3.0,0
25109006,EMEIEF AGRIPINO PEREIRA DA SILVA,2512762,Riachão do Poço,2,3,0.0,0.0,0.0,0.0,1.0,1.0,1.0,1.0,1.0,0.0,0.0,0.0,2.0,0
25113240,EMEIEF MARIA DE LOURDES PEREIRA,2512762,Riachão do Poço,2,3,0.0,0.0,0.0,0.0,1.0,1.0,1.0,1.0,0.0,0.0,0.0,0.0,3.0,0
25115944,EMEIEF FRANCISCO MENDES,2512762,Riachão do Poço,2,3,1.0,0.0,0.0,0.0,1.0,1.0,1.0,1.0,0.0,0.0,0.0,1.0,3.0,0
25127667,INSTITUTO EDUCACIONAL VITORIA REGIA,2512762,Riachão do Poço,1,4,0.0,0.0,0.0,0.0,1.0,0.0,1.0,1.0,1.0,0.0,0.0,0.0,4.0,0
25135759,ESCOLA MUNICIPAL DE EDUCACAO INFANTIL E ENSINO FUNDAMENTAL JOSE PEDRO DA SILVA,2512762,Riachão do Poço,2,3,1.0,0.0,0.0,0.0,0.0,1.0,1.0,0.0,0.0,0.0,0.0,1.0,2.0,0
25051660,ECI ANA FERREIRA DA COSTA,2512788,Riacho de Santo Antônio,1,2,0.0,0.0,0.0,0.0,1.0,1.0,1.0,1.0,0.0,0.0,1.0,0.0,0.0,--
25053000,ESCOLA MUNICIPAL AGOSTINHO PEREIRA DA COSTA,2512788,Riacho de Santo Antônio,2,3,0.0,0.0,0.0,0.0,1.0,1.0,1.0,1.0,0.0,0.0,0.0,0.0,2.0,0
25053051,ESCOLA MUNICIPAL DE ENSINO FUNDAMENTAL JOAO BRAZ DE LUCENA,2512788,Riacho de Santo Antônio,2,3,0.0,0.0,0.0,0.0,1.0,1.0,1.0,1.0,1.0,0.0,0.0,0.0,3.0,0
25053078,ESCOLA MUNICIPAL JOSEFA LIDIA DA SILVA,2512788,Riacho de Santo Antônio,1,3,0.0,0.0,0.0,0.0,1.0,1.0,1.0,1.0,1.0,0.0,0.0,0.0,17.0,0
25003410,ECIT DANIEL CARNEIRO,2512804,Riacho dos Cavalos,1,2,0.0,0.0,0.0,0.0,0.0,1.0,1.0,1.0,0.0,0.0,0.0,0.0,6.0,--
25003518,ESC MUL FAUSTO ANDRADE DE SOUSA,2512804,Riacho dos Cavalos,2,3,0.0,0.0,0.0,0.0,1.0,1.0,1.0,1.0,0.0,0.0,0.0,1.0,2.0,0
25003534,ESC MUL JOSE PEREIRA DA SILVA,2512804,Riacho dos Cavalos,2,3,0.0,0.0,0.0,0.0,1.0,1.0,1.0,1.0,0.0,0.0,0.0,1.0,2.0,0
25003550,ESCOLA MUNICIPAL MANOEL CARDOSO FILHO,2512804,Riacho dos Cavalos,1,3,0.0,0.0,0.0,0.0,1.0,1.0,1.0,1.0,1.0,0.0,0.0,0.0,7.0,2.7
25003577,ESCOLA MUNICIPAL DE ENSINO FUNDAMENTAL E EJA JOVELINA DE ALMEIDA,2512804,Riacho dos Cavalos,2,3,0.0,0.0,0.0,0.0,1.0,1.0,1.0,1.0,0.0,0.0,0.0,0.0,2.0,0
25003593,ESC MUL PORFIRIO ALVES BATISTA,2512804,Riacho dos Cavalos,2,3,0.0,0.0,0.0,0.0,1.0,1.0,1.0,1.0,0.0,0.0,0.0,0.0,2.0,0
25003615,ESC MUL SEVERINO VIEIRA DE ANDRADE,2512804,Riacho dos Cavalos,2,3,0.0,0.0,0.0,0.0,1.0,1.0,1.0,1.0,0.0,0.0,0.0,1.0,1.0,0
25003631,ESC MUN VIRGINIA PEREIRA DA SILVA,2512804,Riacho dos Cavalos,2,3,0.0,0.0,0.0,0.0,1.0,1.0,1.0,1.0,0.0,0.0,0.0,0.0,1.0,0
25003658,ESC MUL FRANCISCO DE ANDRADE MACIEL,2512804,Riacho dos Cavalos,2,3,0.0,0.0,0.0,0.0,1.0,1.0,1.0,1.0,0.0,0.0,0.0,0.0,3.0,0
25003674,ESC MUL JOAO ROZENDO DA COSTA,2512804,Riacho dos Cavalos,2,3,0.0,0.0,0.0,0.0,1.0,1.0,1.0,1.0,0.0,0.0,0.0,0.0,2.0,0
25003682,ESC MUL JOSE VAZ CARNEIRO,2512804,Riacho dos Cavalos,2,3,0.0,0.0,0.0,0.0,1.0,1.0,1.0,1.0,0.0,0.0,0.0,1.0,2.0,0
25003704,ESC MUL MARIA CANDIDA DO AMOR DIVINO,2512804,Riacho dos Cavalos,2,3,0.0,0.0,0.0,0.0,1.0,1.0,1.0,1.0,0.0,0.0,0.0,1.0,2.0,0
25003712,ESC MUL SEBASTIAO DE SOUSA SANTIAGO,2512804,Riacho dos Cavalos,2,3,0.0,0.0,0.0,0.0,1.0,1.0,1.0,1.0,0.0,0.0,0.0,1.0,1.0,0
25003747,ESC MUL CICERO MARTINS DE OLIVEIRA,2512804,Riacho dos Cavalos,2,3,0.0,0.0,0.0,0.0,1.0,1.0,1.0,1.0,0.0,0.0,0.0,1.0,1.0,0
25003755,ESC MUL FRANCISCO JOSE VIEIRA,2512804,Riacho dos Cavalos,2,3,0.0,0.0,0.0,0.0,1.0,1.0,1.0,1.0,0.0,0.0,0.0,1.0,2.0,0
25003771,ESCOLA MUNICIPAL DE ENSINO FUNDAMENTAL EJA JOSE VIEIRA CARNEIRO,2512804,Riacho dos Cavalos,2,3,0.0,0.0,0.0,0.0,1.0,1.0,1.0,1.0,0.0,0.0,0.0,0.0,2.0,16.7
25003798,ESC MUL MARIA DELFINA GALDINO,2512804,Riacho dos Cavalos,2,3,0.0,0.0,0.0,0.0,1.0,1.0,1.0,1.0,0.0,0.0,0.0,0.0,3.0,0
25125656,ESCOLA MUNICIPAL JOSEFA OLINDINA DA CONCEICAO,2512804,Riacho dos Cavalos,1,3,0.0,0.0,0.0,0.0,1.0,1.0,1.0,1.0,1.0,0.0,0.0,0.0,6.0,0
25130692,EMEF MARIA VAZ VIEIRA,2512804,Riacho dos Cavalos,1,3,0.0,0.0,0.0,0.0,1.0,1.0,1.0,1.0,1.0,0.0,0.0,0.0,7.0,--
25087860,ECIT PROFESSOR LUIZ GONZAGA BURITY,2512903,Rio Tinto,1,2,0.0,0.0,0.0,0.0,1.0,1.0,1.0,1.0,1.0,1.0,1.0,0.0,7.0,--
25087878,EEEIFM GUILHERME DA SILVEIRA,2512903,Rio Tinto,1,2,2.0,0.0,0.0,0.0,1.0,1.0,1.0,1.0,0.0,0.0,0.0,1.0,0.0,0
25087894,EEEIFM DOUTOR JOSE LOPES RIBEIRO,2512903,Rio Tinto,1,2,2.0,0.0,0.0,0.0,1.0,1.0,1.0,1.0,1.0,1.0,1.0,0.0,3.0,0
25087908,EEEM FREDERICO LUNDGREN,2512903,Rio Tinto,1,2,0.0,0.0,0.0,0.0,1.0,1.0,1.0,1.0,1.0,0.0,0.0,0.0,12.0,--
25087940,INST INFANTIL EDUC,2512903,Rio Tinto,1,4,0.0,0.0,0.0,0.0,1.0,0.0,1.0,1.0,0.0,0.0,0.0,1.0,0.0,0
25087991,EMEF HERMAN LUNDGREN,2512903,Rio Tinto,1,3,0.0,0.0,0.0,0.0,1.0,1.0,1.0,1.0,1.0,0.0,0.0,0.0,11.0,0
25088017,EMEFM ANTONIA LUNA LISBOA,2512903,Rio Tinto,1,3,0.0,0.0,0.0,0.0,1.0,1.0,1.0,1.0,1.0,1.0,1.0,0.0,26.0,--
25088025,EEEIFM PROFESSORA ANGELITA BEZERRA DE ASSIS,2512903,Rio Tinto,2,2,2.0,0.0,0.0,0.0,0.0,1.0,1.0,1.0,0.0,0.0,0.0,1.0,4.0,0
25088050,EMEF PROFA JOSINA DE A CAMARA,2512903,Rio Tinto,2,3,0.0,0.0,0.0,0.0,1.0,1.0,1.0,1.0,0.0,0.0,0.0,0.0,0.0,0
25088076,ESC MUL DE ENS FUND TEREZINHA DA COSTA AGRIPINO,2512903,Rio Tinto,2,3,1.0,0.0,0.0,0.0,1.0,1.0,1.0,1.0,0.0,0.0,0.0,0.0,0.0,0
25088122,ESC MUN DE 1º GRAU ELIAS DE SOUZA BARROS,2512903,Rio Tinto,1,3,2.0,0.0,0.0,0.0,1.0,1.0,1.0,1.0,1.0,0.0,0.0,1.0,5.0,3
25088130,EMPG EMILIA CAVALCANTE DE MORAIS,2512903,Rio Tinto,2,3,0.0,0.0,0.0,0.0,1.0,1.0,1.0,1.0,0.0,0.0,0.0,0.0,0.0,0
25088157,ESC MUL PROFESSORA IVANILDA MARIA DOS SANTOS,2512903,Rio Tinto,2,3,0.0,0.0,0.0,0.0,1.0,1.0,1.0,1.0,1.0,0.0,0.0,0.0,4.0,0
25088211,EMPG JOSE LOURENCO CALIXTO,2512903,Rio Tinto,2,3,0.0,0.0,0.0,0.0,1.0,1.0,1.0,1.0,0.0,0.0,0.0,0.0,5.0,1
25088220,EEIEFM CACIQUE DOMINGOS BARBOSA DOS SANTOS,2512903,Rio Tinto,2,2,2.0,0.0,0.0,0.0,1.0,1.0,1.0,1.0,1.0,0.0,1.0,0.0,10.0,2.6
25088238,ESC MUL PRES GETULIO VARGAS,2512903,Rio Tinto,2,3,1.0,0.0,0.0,0.0,1.0,1.0,1.0,1.0,1.0,0.0,0.0,0.0,3.0,0
25088246,EM PRES RODRIGUES ALVES,2512903,Rio Tinto,2,3,0.0,0.0,0.0,0.0,1.0,1.0,1.0,1.0,0.0,0.0,0.0,0.0,3.0,0
25088254,EMPG PRESIDENTE NILO PECANHA,2512903,Rio Tinto,2,3,0.0,0.0,0.0,0.0,1.0,1.0,1.0,1.0,0.0,0.0,0.0,0.0,3.0,0
25088262,EMPG PROF SEVERINO JOAQUIM DA SILVA,2512903,Rio Tinto,2,3,0.0,0.0,0.0,0.0,1.0,1.0,1.0,1.0,0.0,0.0,0.0,0.0,0.0,10
25088270,E M E F RAIMUNDO ZOZIMO DE CARVALHO,2512903,Rio Tinto,2,3,0.0,0.0,0.0,0.0,1.0,1.0,1.0,1.0,1.0,0.0,0.0,0.0,0.0,0
25088289,ESC MUL DE ENS FUND ROSALIA MENEZES DE MENDONCA,2512903,Rio Tinto,2,3,0.0,0.0,0.0,0.0,1.0,1.0,1.0,1.0,0.0,0.0,0.0,1.0,3.0,0
25088297,E M E F WASHINGTON LUIZ,2512903,Rio Tinto,2,3,0.0,0.0,0.0,0.0,1.0,1.0,1.0,1.0,0.0,0.0,0.0,0.0,2.0,0
25088335,ESC MUL DE 1G JOAO XXIII,2512903,Rio Tinto,2,3,0.0,0.0,0.0,0.0,1.0,1.0,1.0,1.0,0.0,0.0,0.0,0.0,0.0,0
25088378,GR ESC PROFA SEVERINA COUTINHO,2512903,Rio Tinto,1,3,2.0,0.0,0.0,0.0,1.0,1.0,1.0,1.0,1.0,0.0,1.0,0.0,10.0,1.5
25088386,ESCOLA SANTA RITA DE CASSIA,2512903,Rio Tinto,1,4,0.0,0.0,0.0,0.0,1.0,0.0,1.0,1.0,0.0,0.0,0.0,0.0,0.0,0
25105728,ESC MUL DE ENS FUND MARIA MILTA BERNARDO LEANDRO,2512903,Rio Tinto,2,3,0.0,0.0,0.0,0.0,1.0,1.0,1.0,1.0,0.0,0.0,0.0,1.0,0.0,0
25115006,CERTO-COLEGIO DE ENSINO FENDAMENTAL E MEDIO,2512903,Rio Tinto,1,4,0.0,0.0,0.0,0.0,1.0,0.0,1.0,1.0,1.0,0.0,0.0,0.0,8.0,0
25126288,EDUCANDARIO OBDC,2512903,Rio Tinto,1,4,2.0,0.0,0.0,0.0,1.0,0.0,1.0,1.0,0.0,0.0,0.0,0.0,0.0,0
25131494,EMEF FRANCISCO FIRMINO DA SILVA,2512903,Rio Tinto,2,3,0.0,0.0,0.0,0.0,1.0,1.0,1.0,1.0,1.0,0.0,0.0,0.0,0.0,--
25088491,ESC MUL PREFEITO GERBASI,2512903,Rio Tinto,2,3,0.0,0.0,0.0,0.0,1.0,1.0,1.0,1.0,0.0,0.0,0.0,0.0,6.0,0
25038796,ECI FENELON NOBREGA,2513000,Salgadinho,1,2,0.0,0.0,0.0,0.0,1.0,1.0,1.0,1.0,0.0,0.0,0.0,1.0,0.0,--
25038834,ESC MUL DJALMA MORAIS DA SILVA,2513000,Salgadinho,2,3,0.0,0.0,0.0,0.0,1.0,1.0,1.0,1.0,0.0,0.0,0.0,1.0,0.0,0
25038869,ESC MUL MARIA DAS DORES,2513000,Salgadinho,2,3,0.0,0.0,0.0,0.0,1.0,1.0,1.0,1.0,0.0,0.0,0.0,1.0,0.0,0
25038877,ESC MUL SAO JOSE DA BATALHA,2513000,Salgadinho,2,3,0.0,0.0,0.0,0.0,1.0,1.0,1.0,1.0,0.0,0.0,0.0,1.0,7.0,0
25038940,ESC MUL DE ENSINO FUNDAMENTAL MONSENHOR MANOEL VIEIRA,2513000,Salgadinho,1,3,0.0,0.0,0.0,0.0,1.0,1.0,1.0,1.0,0.0,0.0,0.0,0.0,9.0,2.9
25038982,GR ESC MUL INACIA JACINTO DE MORAIS,2513000,Salgadinho,2,3,0.0,0.0,0.0,0.0,1.0,1.0,1.0,1.0,0.0,0.0,0.0,1.0,0.0,0
25129392,EMEF JOAO PEREIRA DE LIMA,2513000,Salgadinho,2,3,0.0,0.0,0.0,0.0,1.0,1.0,1.0,1.0,1.0,0.0,0.0,1.0,0.0,0
25082850,EMEIFM EUNICE BARBOSA,2513109,Salgado de São Félix,1,3,0.0,0.0,0.0,0.0,1.0,1.0,1.0,1.0,1.0,0.0,1.0,0.0,0.0,0
25082922,ECIT ANA RIBEIRO,2513109,Salgado de São Félix,1,2,0.0,0.0,0.0,0.0,1.0,1.0,1.0,1.0,0.0,0.0,1.0,0.0,0.0,--
25082949,EEEFM ARNALDO MAROJA,2513109,Salgado de São Félix,2,2,0.0,0.0,0.0,0.0,1.0,1.0,1.0,1.0,0.0,0.0,0.0,0.0,3.0,--
25083104,EMEIEF JOSE DE ALENCAR,2513109,Salgado de São Félix,2,3,0.0,0.0,0.0,0.0,1.0,1.0,1.0,1.0,0.0,0.0,0.0,0.0,0.0,0
25083317,EMEIEF MANOEL FERREIRA BARBOSA,2513109,Salgado de São Félix,2,3,0.0,0.0,0.0,0.0,1.0,1.0,1.0,1.0,0.0,0.0,0.0,0.0,0.0,0
25083325,EMEIEF ANTONIO BARBOSA DE OLIVEIRA,2513109,Salgado de São Félix,2,3,0.0,0.0,0.0,0.0,1.0,1.0,1.0,1.0,0.0,0.0,0.0,0.0,0.0,0
25083333,EMEIEF ANTONIO FRANCISCO DE AMORIM,2513109,Salgado de São Félix,2,3,0.0,0.0,0.0,0.0,1.0,1.0,1.0,1.0,0.0,0.0,0.0,0.0,0.0,0
25083341,EMEIEF APOLINARIO SERAFIM ANJOS,2513109,Salgado de São Félix,1,3,0.0,0.0,0.0,0.0,1.0,1.0,1.0,1.0,0.0,0.0,0.0,0.0,0.0,0
25083350,ESC MUL BENEDITO GOMES DA SILVA,2513109,Salgado de São Félix,2,3,0.0,0.0,0.0,0.0,1.0,1.0,1.0,1.0,0.0,0.0,0.0,0.0,0.0,0
25083376,EMEIEF FELIX RODRIGUES DO NASCIMENTO,2513109,Salgado de São Félix,2,3,0.0,0.0,0.0,0.0,1.0,1.0,1.0,1.0,0.0,0.0,0.0,0.0,0.0,0
25083384,EMEIEF FRANCISCA MARCELINO DE SALES,2513109,Salgado de São Félix,2,3,0.0,0.0,0.0,0.0,1.0,1.0,1.0,1.0,0.0,0.0,0.0,0.0,0.0,0
25083392,EMEF JAIME GOMES DE OLIVEIRA,2513109,Salgado de São Félix,2,3,0.0,0.0,0.0,0.0,1.0,1.0,1.0,1.0,0.0,0.0,0.0,0.0,0.0,0
25083406,EMEIEF JOSE HERMINIO DA SILVA,2513109,Salgado de São Félix,2,3,0.0,0.0,0.0,0.0,1.0,1.0,1.0,1.0,0.0,0.0,0.0,0.0,0.0,0
25083414,EMEIEF MARIANO TOMAZ,2513109,Salgado de São Félix,2,3,0.0,0.0,0.0,0.0,1.0,1.0,1.0,1.0,1.0,0.0,0.0,0.0,0.0,0
25083457,EMEIEF SILVINA SERGIA,2513109,Salgado de São Félix,2,3,0.0,0.0,0.0,0.0,1.0,1.0,1.0,1.0,0.0,0.0,0.0,0.0,0.0,0
25110071,EMEIEF DOS CAMPOS,2513109,Salgado de São Félix,2,3,0.0,0.0,0.0,0.0,1.0,1.0,1.0,1.0,0.0,0.0,1.0,0.0,0.0,0
25114670,EDUCANDARIO CANTINHO FELIZ,2513109,Salgado de São Félix,2,4,0.0,0.0,0.0,0.0,1.0,0.0,1.0,1.0,1.0,0.0,1.0,0.0,0.0,1.2
25121944,EMEIEF PROFESSOR JOSE MATIAS,2513109,Salgado de São Félix,2,3,0.0,0.0,0.0,0.0,1.0,1.0,1.0,1.0,1.0,0.0,0.0,0.0,0.0,0
25082957,EEEF DE DOIS RIACHOS,2513109,Salgado de São Félix,2,2,0.0,0.0,0.0,0.0,1.0,1.0,1.0,1.0,1.0,0.0,1.0,0.0,0.0,--
25084992,ECI ANTONIO FRANCISCO GOMES,2513158,Santa Cecília,1,2,0.0,0.0,0.0,0.0,1.0,1.0,1.0,1.0,1.0,1.0,1.0,0.0,0.0,--
25085107,ESC MUL ANTONIO GOMES DA SILVA,2513158,Santa Cecília,2,3,0.0,0.0,0.0,0.0,1.0,1.0,1.0,1.0,0.0,0.0,1.0,0.0,0.0,0
25085190,ESC MUL JOSE GOMES SOARES,2513158,Santa Cecília,2,3,0.0,0.0,0.0,0.0,1.0,1.0,1.0,1.0,0.0,0.0,0.0,0.0,0.0,0
25085360,EMEF SAO JOSE,2513158,Santa Cecília,2,3,0.0,0.0,0.0,0.0,1.0,1.0,1.0,1.0,0.0,0.0,0.0,0.0,0.0,0
25085468,GR MUL SAO MIGUEL,2513158,Santa Cecília,2,3,0.0,0.0,0.0,0.0,1.0,1.0,1.0,1.0,0.0,0.0,1.0,0.0,0.0,0
25085514,GR MUL MANOEL GOMES BARBOSA,2513158,Santa Cecília,2,3,0.0,0.0,0.0,0.0,1.0,1.0,1.0,1.0,0.0,0.0,0.0,0.0,0.0,0
25085530,GR MUL NOSSA SRA DA GUIA,2513158,Santa Cecília,2,3,0.0,0.0,0.0,0.0,1.0,1.0,1.0,1.0,0.0,0.0,1.0,0.0,0.0,0
25085557,ESC MUL ANTONIO DA COSTA GOMES,2513158,Santa Cecília,1,3,0.0,0.0,0.0,0.0,1.0,1.0,1.0,1.0,1.0,0.0,0.0,0.0,4.0,0
25085646,GR MUL CASIMIRO PIRES DA SILVA,2513158,Santa Cecília,2,3,0.0,0.0,0.0,0.0,1.0,1.0,1.0,1.0,0.0,0.0,0.0,0.0,0.0,0
25085743,GR MUL MANOEL CALIXTO DA SILVA,2513158,Santa Cecília,2,3,0.0,0.0,0.0,0.0,1.0,1.0,1.0,1.0,0.0,0.0,1.0,0.0,0.0,0
25085816,GR MUN SEVERINO JOSE SARAIVA,2513158,Santa Cecília,2,3,0.0,0.0,0.0,0.0,1.0,1.0,1.0,1.0,0.0,0.0,0.0,0.0,0.0,0
25106449,GR MUL JOSE BIA,2513158,Santa Cecília,2,3,0.0,0.0,0.0,0.0,1.0,1.0,1.0,1.0,0.0,0.0,0.0,0.0,0.0,0
25114336,EMEF JOANA MARIA DA CONCEICAO,2513158,Santa Cecília,2,3,0.0,0.0,0.0,0.0,1.0,1.0,1.0,1.0,0.0,0.0,0.0,0.0,0.0,0
25124862,ESCOLA NOSSA SENHORA APARECIDA,2513158,Santa Cecília,1,4,0.0,0.0,0.0,0.0,1.0,0.0,1.0,1.0,1.0,0.0,0.0,1.0,0.0,0
25126687,EMEFEI PEDRO INACIO DA SILVA,2513158,Santa Cecília,2,3,0.0,0.0,0.0,0.0,1.0,1.0,1.0,1.0,1.0,0.0,0.0,0.0,0.0,0
25017071,EEEF PROFESSOR NESTOR ANTUNES,2513208,Santa Cruz,1,2,0.0,0.0,0.0,0.0,1.0,1.0,1.0,1.0,1.0,0.0,0.0,0.0,0.0,--
25017080,ECIT VALDEMIRO WANDERLEY DE OLIVEIRA,2513208,Santa Cruz,1,2,0.0,0.0,0.0,0.0,1.0,1.0,1.0,1.0,1.0,1.0,1.0,0.0,0.0,--
25017179,EMEF ADAUTO FERREIRA DE ANDRADE,2513208,Santa Cruz,1,3,0.0,0.0,0.0,0.0,1.0,1.0,1.0,1.0,1.0,0.0,1.0,0.0,9.0,0
25017276,EMEIF JOSE JOAQUIM DA SILVA,2513208,Santa Cruz,2,3,0.0,0.0,0.0,0.0,1.0,1.0,1.0,1.0,0.0,0.0,0.0,0.0,0.0,0
25017306,EMEIF MARIA MARTINS LOPES,2513208,Santa Cruz,2,3,0.0,0.0,0.0,0.0,1.0,1.0,1.0,1.0,0.0,0.0,0.0,0.0,5.0,1.4
25017357,EMEIF JANUARIO AVELINO DE SOUSA,2513208,Santa Cruz,2,3,0.0,0.0,0.0,0.0,1.0,1.0,1.0,1.0,1.0,0.0,0.0,0.0,4.0,0
25009877,EMEFNNM PE JOSE DE ANCHIETA,2513307,Santa Helena,1,3,0.0,0.0,0.0,0.0,1.0,1.0,1.0,1.0,1.0,0.0,1.0,0.0,5.0,--
25009923,EEEM PROFESSOR JOSE BENTO,2513307,Santa Helena,1,2,0.0,0.0,0.0,0.0,1.0,1.0,1.0,1.0,1.0,1.0,0.0,0.0,3.0,--
25009931,ECI ELAINE SOARES BRASILEIRO,2513307,Santa Helena,1,2,0.0,0.0,0.0,0.0,1.0,1.0,1.0,1.0,1.0,1.0,1.0,0.0,0.0,--
25009990,EMEIEF TIBURTINO V DANTAS,2513307,Santa Helena,2,3,0.0,0.0,0.0,0.0,1.0,1.0,1.0,1.0,1.0,0.0,0.0,0.0,9.0,0
25010379,EMEIF LUIZ CARTAXO ROLIM,2513307,Santa Helena,1,3,0.0,0.0,0.0,0.0,1.0,1.0,1.0,1.0,1.0,0.0,1.0,0.0,7.0,0
25151606,COLEGIO DE EDUCACAO INFANTIL ENSINO FUNDAMENTAL EQUIPE,2513307,Santa Helena,1,4,0.0,0.0,0.0,0.0,1.0,0.0,1.0,1.0,1.0,0.0,0.0,0.0,3.0,0
25028103,ECI ENEAS LEITE,2513356,Santa Inês,1,2,0.0,0.0,0.0,0.0,1.0,1.0,1.0,1.0,0.0,0.0,0.0,1.0,0.0,--
25028324,EMEF FELIX PEREIRA DOS REIS,2513356,Santa Inês,1,3,0.0,0.0,0.0,0.0,1.0,1.0,1.0,1.0,1.0,0.0,0.0,0.0,9.0,0
25029436,EMEF JOSE PEREIRA,2513356,Santa Inês,2,3,0.0,0.0,0.0,0.0,1.0,1.0,1.0,0.0,0.0,0.0,0.0,1.0,0.0,0
25029525,EMEF CAPITAO JOAO MIGUEL DE FIGUEIREDO,2513356,Santa Inês,2,3,0.0,0.0,0.0,1.0,1.0,1.0,1.0,1.0,0.0,0.0,0.0,1.0,2.0,0
25029533,EMEF JOSE PEREIRA FRADE,2513356,Santa Inês,2,3,0.0,0.0,0.0,0.0,1.0,1.0,1.0,1.0,0.0,0.0,0.0,0.0,5.0,0
25102997,EMEF PAULINO JOSE DE FIGUEIREDO,2513356,Santa Inês,2,3,0.0,0.0,0.0,0.0,1.0,1.0,1.0,1.0,0.0,0.0,0.0,1.0,0.0,0
25105523,EMEF MANOEL FELIX BARBOSA,2513356,Santa Inês,2,3,0.0,0.0,0.0,0.0,1.0,1.0,1.0,1.0,0.0,0.0,0.0,1.0,0.0,0
25039032,ECIT PADRE JERONIMO LAUWEN,2513406,Santa Luzia,1,2,0.0,0.0,0.0,0.0,1.0,1.0,1.0,1.0,1.0,1.0,1.0,0.0,16.0,--
25039075,EEEFM ARLINDO BENTO DE MORAIS,2513406,Santa Luzia,1,2,3.0,0.0,0.0,0.0,1.0,1.0,1.0,1.0,1.0,0.0,0.0,1.0,1.0,--
25039083,ECIEEF COELHO LISBOA,2513406,Santa Luzia,1,2,0.0,0.0,0.0,0.0,1.0,1.0,1.0,1.0,1.0,0.0,1.0,0.0,6.0,--
25039113,EMEIEF ANA BRITO FIGUEIREDO,2513406,Santa Luzia,1,3,0.0,0.0,0.0,0.0,1.0,1.0,1.0,1.0,1.0,0.0,1.0,0.0,13.0,0
25039121,EMEIEF ARISTARCO DA SILVA MACHADO,2513406,Santa Luzia,1,3,0.0,0.0,0.0,0.0,1.0,1.0,1.0,1.0,1.0,0.0,1.0,0.0,5.0,0
25039237,E M E I E F PROF TRINDADE VERNA,2513406,Santa Luzia,1,3,0.0,0.0,0.0,0.0,1.0,1.0,1.0,1.0,0.0,0.0,1.0,0.0,6.0,--
25039261,E M E I E F MARIA DO CARMO MARINHO GOMES,2513406,Santa Luzia,1,3,0.0,0.0,0.0,0.0,1.0,1.0,1.0,1.0,0.0,0.0,0.0,0.0,8.0,0
25039288,EMEIEF JOVINO MACHADO DA NOBREGA,2513406,Santa Luzia,1,3,0.0,0.0,0.0,0.0,1.0,1.0,1.0,1.0,1.0,0.0,1.0,0.0,10.0,0
25039393,EMEF MIQUILINA SR DAS NEVES,2513406,Santa Luzia,2,3,0.0,0.0,0.0,0.0,1.0,1.0,1.0,1.0,0.0,0.0,0.0,0.0,1.0,0
25116746,CEDUC SANTA LUZIA - CENTRO EDUCACIONAL SANTA LUZIA,2513406,Santa Luzia,1,4,0.0,0.0,0.0,0.0,1.0,0.0,1.0,1.0,1.0,1.0,0.0,0.0,14.0,0
25130552,IFPB - CAMPUS SANTA LUZIA,2513406,Santa Luzia,1,1,0.0,0.0,0.0,0.0,1.0,1.0,1.0,1.0,1.0,0.0,1.0,0.0,12.0,--
25275933,RECANTO DE EDUCACAO INFANTIL E ENSINO FUNDAMENTAL CARROSSEL,2513406,Santa Luzia,1,4,0.0,0.0,0.0,0.0,1.0,1.0,1.0,1.0,0.0,0.0,0.0,0.0,10.0,0
25031767,EMPSG PREF FCº BRAGA,2513505,Santana de Mangueira,1,3,0.0,0.0,0.0,0.0,1.0,1.0,1.0,1.0,1.0,0.0,0.0,1.0,8.0,--
25031783,ECIT PRESIDENTE KENNEDY,2513505,Santana de Mangueira,1,2,0.0,0.0,0.0,0.0,0.0,1.0,1.0,1.0,0.0,0.0,0.0,0.0,7.0,--
25031821,EMEF JOSE RODRIGUES SILVA,2513505,Santana de Mangueira,2,3,0.0,0.0,0.0,0.0,1.0,1.0,1.0,1.0,0.0,0.0,0.0,0.0,0.0,0
25031953,EMPG PREF LUIZ MANGUEIRA SOUSA,2513505,Santana de Mangueira,1,3,0.0,0.0,0.0,0.0,1.0,1.0,1.0,1.0,0.0,0.0,0.0,0.0,7.0,0
25032437,GR ESC JOSE RICARDO DOS SANTOS,2513505,Santana de Mangueira,2,3,0.0,0.0,0.0,0.0,1.0,1.0,1.0,1.0,0.0,0.0,0.0,0.0,0.0,0
25032445,GR ESC JOSE TAVARES DA SILVA,2513505,Santana de Mangueira,2,3,0.0,0.0,0.0,0.0,1.0,1.0,1.0,1.0,0.0,0.0,0.0,1.0,0.0,0
25027190,ECI DOUTOR FELIZARDO LEITE,2513604,Santana dos Garrotes,1,2,0.0,0.0,0.0,0.0,1.0,1.0,1.0,1.0,1.0,1.0,0.0,0.0,9.0,--
25027280,EMEIEF JULIO L DE ALMEIDA,2513604,Santana dos Garrotes,2,3,0.0,0.0,0.0,0.0,1.0,1.0,1.0,1.0,1.0,0.0,1.0,0.0,0.0,0
25027310,EM EDUC INFANTIL ENSINO FUNDAMENTAL BALSAMO,2513604,Santana dos Garrotes,2,3,0.0,0.0,0.0,0.0,1.0,1.0,1.0,1.0,0.0,0.0,0.0,1.0,3.0,0
25027344,ESC MUL PROFº ANTONIO JUVINO DOS SANTOS,2513604,Santana dos Garrotes,2,3,0.0,0.0,0.0,1.0,1.0,1.0,1.0,0.0,0.0,0.0,0.0,0.0,5.0,0
25027379,EM CASTELO BRANCO,2513604,Santana dos Garrotes,2,3,0.0,0.0,0.0,0.0,1.0,1.0,1.0,1.0,0.0,0.0,0.0,0.0,3.0,0
25027441,EM PE ANCHIETA,2513604,Santana dos Garrotes,2,3,0.0,0.0,0.0,0.0,1.0,1.0,1.0,1.0,1.0,0.0,0.0,0.0,7.0,0
25118994,ESCOLA MUNICIPAL MARIA SINHARINHA DE AZEVEDO,2513604,Santana dos Garrotes,1,3,0.0,0.0,0.0,0.0,1.0,1.0,1.0,1.0,1.0,0.0,0.0,0.0,18.0,0
25132229,COLEGIO MARIA LENI DE OLIVEIRA,2513604,Santana dos Garrotes,1,4,0.0,0.0,0.0,0.0,1.0,0.0,1.0,1.0,0.0,0.0,0.0,0.0,7.0,0
25012932,ECI SAO JOSE OPERARIO,2513653,Joca Claudino,1,2,0.0,0.0,0.0,0.0,1.0,1.0,1.0,1.0,0.0,0.0,0.0,0.0,3.0,--
25013513,EMEIF JOSE GUALBERTO DE ANDRADE,2513653,Joca Claudino,1,3,0.0,0.0,0.0,0.0,1.0,1.0,1.0,1.0,1.0,0.0,0.0,0.0,9.0,--
25129953,EMEIEF PADRE ANTONIO JOSE DUARTE,2513653,Joca Claudino,1,3,0.0,0.0,0.0,0.0,1.0,1.0,1.0,1.0,1.0,0.0,0.0,0.0,8.0,0
25098780,EMEF FLAVIANO RIBEIRO COUTINHO,2513703,Santa Rita,2,3,0.0,0.0,0.0,0.0,1.0,1.0,1.0,1.0,1.0,0.0,0.0,0.0,0.0,0
25098829,CENTRO EDUCACIONAL SANTA TEREZINHA,2513703,Santa Rita,1,4,0.0,0.0,0.0,0.0,1.0,1.0,1.0,1.0,1.0,1.0,1.0,0.0,15.0,0
25098896,COFRAG - COLEGIO DR FRANCISCO AGUIAR,2513703,Santa Rita,1,4,0.0,0.0,0.0,0.0,1.0,0.0,1.0,1.0,1.0,1.0,1.0,0.0,10.0,--
25099027,EDUCANDARIO SANTA LUCIA,2513703,Santa Rita,1,4,0.0,0.0,0.0,0.0,1.0,0.0,1.0,1.0,0.0,0.0,0.0,1.0,0.0,0
25099078,EMEF JAPUNGU,2513703,Santa Rita,2,3,0.0,0.0,0.0,0.0,1.0,1.0,1.0,1.0,1.0,0.0,0.0,1.0,0.0,0
25099086,EMEF SEVERINO BEZERRA CABRAL,2513703,Santa Rita,1,3,0.0,0.0,0.0,0.0,1.0,1.0,1.0,1.0,1.0,0.0,0.0,0.0,2.0,0.8
25099116,ECIT PROFESSOR LUIS DE AZEVEDO SOARES,2513703,Santa Rita,1,2,0.0,0.0,0.0,0.0,1.0,1.0,1.0,1.0,1.0,1.0,1.0,0.0,18.0,--
25099124,EEEFM FRANCISCO LEOCADIO RIBEIRO COUTINHO,2513703,Santa Rita,1,2,0.0,0.0,0.0,0.0,1.0,1.0,1.0,1.0,0.0,0.0,0.0,0.0,0.0,--
25099132,EEEF ALINE SILVA MADRUGA,2513703,Santa Rita,1,2,0.0,0.0,0.0,0.0,0.0,1.0,1.0,1.0,0.0,0.0,0.0,1.0,0.0,--
25099159,ECIT ENEAS CARVALHO,2513703,Santa Rita,1,2,0.0,0.0,0.0,0.0,1.0,1.0,1.0,1.0,1.0,0.0,1.0,0.0,0.0,--
25099167,EEEF JOSE MARIANO,2513703,Santa Rita,1,2,0.0,0.0,0.0,0.0,1.0,1.0,1.0,1.0,1.0,0.0,0.0,0.0,1.0,--
25099175,ECIT MARIA HONORINA SANTIAGO,2513703,Santa Rita,1,2,0.0,0.0,0.0,0.0,0.0,1.0,1.0,0.0,0.0,0.0,0.0,1.0,1.0,--
25099183,EEEF ANDRE VIDAL DE NEGREIROS,2513703,Santa Rita,1,2,0.0,0.0,0.0,0.0,1.0,1.0,1.0,1.0,0.0,0.0,0.0,0.0,0.0,0
25099205,EEEF PREFEITO ANTONIO TEIXEIRA,2513703,Santa Rita,1,2,0.0,0.0,0.0,0.0,1.0,1.0,1.0,1.0,1.0,0.0,0.0,0.0,7.0,4.3
25099221,EMEIF FAZENDA SOCORRO,2513703,Santa Rita,2,3,0.0,0.0,0.0,0.0,1.0,1.0,1.0,1.0,0.0,0.0,0.0,1.0,0.0,0
25099230,EEEF JOAO URSULO,2513703,Santa Rita,1,2,0.0,0.0,0.0,0.0,0.0,1.0,1.0,0.0,0.0,0.0,0.0,1.0,6.0,--
25099248,EEEF MACHADO DE ASSIS,2513703,Santa Rita,1,2,0.0,0.0,0.0,0.0,1.0,1.0,1.0,1.0,0.0,0.0,0.0,0.0,1.0,0
25099256,ECI MARIA DE LOURDES ARAUJO,2513703,Santa Rita,1,2,0.0,0.0,0.0,0.0,0.0,1.0,1.0,0.0,0.0,0.0,0.0,1.0,0.0,--
25099264,EEEF DE VARZEA NOVA,2513703,Santa Rita,1,2,0.0,0.0,0.0,0.0,0.0,1.0,1.0,0.0,0.0,0.0,0.0,1.0,0.0,2.4
25099299,EEEM CARLOS CHAGAS,2513703,Santa Rita,1,2,0.0,0.0,0.0,0.0,0.0,1.0,1.0,0.0,0.0,0.0,0.0,0.0,7.0,--
25099329,EMEF FRANCISCO MARQUES DA FONSECA,2513703,Santa Rita,1,3,0.0,0.0,0.0,0.0,1.0,1.0,1.0,1.0,1.0,0.0,0.0,0.0,1.0,3.7
25099337,EMEF JAIME LACET,2513703,Santa Rita,1,3,0.0,0.0,0.0,0.0,1.0,1.0,1.0,1.0,0.0,0.0,1.0,0.0,0.0,0
25099345,EMEF ANTONIO FERREIRA NUNES,2513703,Santa Rita,1,3,0.0,0.0,0.0,0.0,1.0,1.0,1.0,1.0,1.0,0.0,0.0,1.0,0.0,--
25099353,EMEF E EJA DR FLAVIO MAROJA FILHO,2513703,Santa Rita,1,3,0.0,0.0,0.0,0.0,1.0,1.0,1.0,1.0,0.0,0.0,0.0,0.0,2.0,4.6
25099361,EMEIF PADRE JOAO FELIX,2513703,Santa Rita,1,3,0.0,0.0,0.0,0.0,1.0,1.0,1.0,1.0,1.0,0.0,0.0,1.0,0.0,0
25099370,EMEF ARNALDO BONIFACIO,2513703,Santa Rita,2,3,0.0,0.0,0.0,0.0,1.0,1.0,1.0,1.0,1.0,0.0,1.0,0.0,0.0,0
25099396,EMEF INDIO PIRAGIBE,2513703,Santa Rita,1,3,0.0,0.0,0.0,0.0,1.0,1.0,1.0,1.0,1.0,0.0,1.0,0.0,1.0,5.7
25099400,EMEF MONSENHOR RAFAEL DE BARROS,2513703,Santa Rita,1,3,0.0,0.0,0.0,0.0,1.0,1.0,1.0,1.0,1.0,0.0,1.0,0.0,0.0,2
25099434,EMEIF E EJA DR ANTONIO PEREIRA DE ALMEIDA,2513703,Santa Rita,1,3,0.0,0.0,0.0,0.0,1.0,1.0,1.0,1.0,1.0,0.0,0.0,0.0,0.0,8.1
25099450,EMEF PADRE ANCHIETA,2513703,Santa Rita,1,3,0.0,0.0,0.0,0.0,1.0,1.0,1.0,1.0,0.0,0.0,1.0,0.0,0.0,5
25099469,EMEIF ARNOBIO MAROJA,2513703,Santa Rita,2,3,0.0,0.0,0.0,0.0,1.0,1.0,1.0,1.0,0.0,0.0,0.0,1.0,0.0,0
25099493,EMEIF TIRADENTES,2513703,Santa Rita,1,3,0.0,0.0,0.0,0.0,1.0,1.0,1.0,1.0,1.0,0.0,0.0,0.0,0.0,3.1
25099507,EEEM ANISIO PEREIRA BORGES,2513703,Santa Rita,1,2,0.0,0.0,0.0,0.0,1.0,1.0,1.0,1.0,1.0,1.0,0.0,0.0,22.0,--
25099540,COLEGIO UNIAO,2513703,Santa Rita,1,4,0.0,0.0,0.0,0.0,1.0,1.0,1.0,1.0,1.0,1.0,1.0,0.0,30.0,--
25099582,EMEF AMBROSIO FERNANDES BRANDAO,2513703,Santa Rita,2,3,0.0,0.0,0.0,0.0,1.0,1.0,1.0,1.0,0.0,0.0,0.0,0.0,0.0,1.1
25099671,EMEIF PROFESSOR JOAQUIM TORRES,2513703,Santa Rita,2,3,0.0,0.0,0.0,0.0,1.0,1.0,1.0,1.0,0.0,0.0,1.0,1.0,0.0,3.4
25099680,EMEIF SANTA EMILIA,2513703,Santa Rita,2,3,0.0,0.0,0.0,0.0,1.0,1.0,1.0,1.0,1.0,0.0,1.0,0.0,0.0,0
25099710,CENTRO EDUCACIONAL ALZIRA LEAL,2513703,Santa Rita,1,4,0.0,0.0,0.0,0.0,1.0,0.0,1.0,1.0,0.0,0.0,0.0,1.0,0.0,0
25099728,EMEIF DEP FLAVIANO RIBEIRO FILHO,2513703,Santa Rita,2,3,0.0,0.0,0.0,0.0,1.0,1.0,1.0,0.0,1.0,0.0,1.0,1.0,0.0,0
25099779,EMEIF PROFESSORA CANDIDA DE SA ANDRADE,2513703,Santa Rita,2,3,0.0,0.0,0.0,0.0,1.0,1.0,1.0,1.0,1.0,0.0,0.0,1.0,0.0,0
25099787,EMEIF E EJA MANOEL FAUSTINO DE MENDONCA,2513703,Santa Rita,1,3,0.0,0.0,0.0,0.0,1.0,1.0,1.0,1.0,1.0,0.0,0.0,0.0,0.0,6
25099809,EMEF ESTEVAO JOSE CARNEIRO DA CUNHA,2513703,Santa Rita,1,3,0.0,0.0,0.0,0.0,1.0,1.0,1.0,1.0,1.0,0.0,1.0,0.0,0.0,0.4
25099833,EMEIF E EJA PAULO JORGE RODRIGUES DE LIMA,2513703,Santa Rita,2,3,0.0,0.0,0.0,0.0,1.0,1.0,1.0,1.0,1.0,0.0,0.0,0.0,0.0,0
25099868,INSTITUTO NOSSA SENHORA DE FATIMA LTDA,2513703,Santa Rita,1,4,0.0,0.0,0.0,0.0,1.0,0.0,1.0,1.0,1.0,1.0,1.0,0.0,16.0,0
25099876,INSTITUTO DE EDUCACAO ROSA DE SARON KIDS,2513703,Santa Rita,1,4,0.0,0.0,0.0,0.0,1.0,0.0,1.0,1.0,0.0,0.0,0.0,0.0,0.0,0
25099965,EMEF AMARO GOMES COUTINHO,2513703,Santa Rita,2,3,0.0,0.0,0.0,0.0,1.0,1.0,1.0,1.0,1.0,0.0,0.0,0.0,0.0,1.1
25099973,EMEIF ZULMIRA MAUL DE ANDRADE,2513703,Santa Rita,2,3,0.0,0.0,0.0,0.0,1.0,1.0,1.0,1.0,1.0,0.0,0.0,1.0,0.0,0
25099990,EMEIF PROFESSORA EULINA XAVIER,2513703,Santa Rita,2,3,0.0,0.0,0.0,0.0,1.0,1.0,1.0,1.0,0.0,0.0,0.0,0.0,0.0,0
25102923,EDUCANDARIO SOSSEGO DA MAMAE,2513703,Santa Rita,1,4,0.0,0.0,0.0,0.0,1.0,0.0,1.0,1.0,1.0,0.0,0.0,0.0,0.0,0
25108824,EMEIF PRESIDENTE JOAO SUASSUNA,2513703,Santa Rita,2,3,0.0,0.0,0.0,0.0,1.0,1.0,1.0,1.0,1.0,0.0,0.0,0.0,0.0,4.8
25113208,EMEF E EJA ANIBAL LIMEIRA,2513703,Santa Rita,1,3,0.0,0.0,0.0,0.0,1.0,1.0,1.0,1.0,1.0,0.0,1.0,0.0,1.0,7.1
25113526,EMEF DR PAULO MAROJA,2513703,Santa Rita,1,3,0.0,0.0,0.0,0.0,1.0,1.0,1.0,1.0,1.0,0.0,0.0,0.0,0.0,0
25116762,EEEFM LUIZ RIBEIRO LIMEIRA,2513703,Santa Rita,1,2,0.0,0.0,0.0,0.0,0.0,1.0,1.0,0.0,0.0,0.0,0.0,1.0,6.0,--
25116860,EMEIF VOVO VINA,2513703,Santa Rita,2,3,0.0,0.0,0.0,0.0,1.0,1.0,1.0,1.0,1.0,0.0,0.0,1.0,0.0,0
25116886,EMEF PROF CARLOS ARNOBIO MAROJA DI PACE,2513703,Santa Rita,1,3,0.0,0.0,0.0,0.0,1.0,1.0,1.0,1.0,1.0,0.0,1.0,0.0,1.0,5.1
25117300,EEIF LAPIS NA MAO,2513703,Santa Rita,1,4,0.0,0.0,0.0,0.0,1.0,0.0,1.0,1.0,0.0,0.0,0.0,1.0,0.0,0
25117840,EXATUS COLEGIO E CURSO,2513703,Santa Rita,1,4,0.0,0.0,0.0,0.0,1.0,0.0,1.0,1.0,1.0,0.0,1.0,0.0,0.0,0
25118102,COLEGIO E CURSO JOSE AMERICO DE ALMEDA,2513703,Santa Rita,1,4,0.0,0.0,0.0,0.0,1.0,0.0,1.0,1.0,1.0,1.0,0.0,0.0,14.0,0
25118200,ESCOLA EDUCACIONAL SAO JOSE,2513703,Santa Rita,1,4,0.0,0.0,0.0,0.0,1.0,0.0,1.0,1.0,1.0,0.0,0.0,0.0,11.0,0
25118250,ESCOLA DE EIEF SANTA RITA DE CASSIA,2513703,Santa Rita,1,4,0.0,0.0,0.0,0.0,1.0,0.0,1.0,1.0,1.0,0.0,0.0,0.0,12.0,0
25118374,CENTRO EDUCACIONAL NOVO VIVER,2513703,Santa Rita,1,4,0.0,0.0,0.0,0.0,1.0,0.0,1.0,1.0,1.0,0.0,0.0,1.0,13.0,0
25118382,INSTITUTO RISQUE E RABISQUE,2513703,Santa Rita,1,4,0.0,0.0,0.0,0.0,1.0,0.0,1.0,1.0,1.0,0.0,0.0,1.0,0.0,0
25118412,CENTRO EDUCACIONAL CASINHA FELIZ,2513703,Santa Rita,1,4,0.0,0.0,0.0,0.0,1.0,0.0,1.0,1.0,1.0,0.0,0.0,0.0,3.0,0
25119176,INSTITUTO SANTA ROSA MISTICA,2513703,Santa Rita,1,4,0.0,0.0,0.0,0.0,1.0,0.0,1.0,1.0,1.0,0.0,0.0,0.0,8.0,0
25119184,CENTRO DE ENSINO FORMANDO CIDADAOS,2513703,Santa Rita,1,4,0.0,0.0,0.0,0.0,1.0,0.0,1.0,1.0,0.0,0.0,0.0,1.0,0.0,0
25119206,ESCOLA NOSSO RECANTO,2513703,Santa Rita,1,4,0.0,0.0,0.0,0.0,1.0,0.0,1.0,1.0,1.0,0.0,0.0,0.0,0.0,0
25119214,CENTRO DE EDUCACAO NOSSA SENHORA DE FATIMA,2513703,Santa Rita,1,4,0.0,0.0,0.0,0.0,1.0,0.0,1.0,1.0,0.0,0.0,0.0,0.0,7.0,0
25120786,INSTITUTO EVANGELICO EMANUEL,2513703,Santa Rita,1,4,0.0,0.0,0.0,0.0,1.0,0.0,1.0,1.0,1.0,0.0,0.0,1.0,0.0,0
25121707,CENTRAL DO SABER,2513703,Santa Rita,1,4,0.0,0.0,0.0,0.0,1.0,0.0,1.0,1.0,1.0,0.0,0.0,1.0,0.0,0
25121839,CENTRO EDUCACIONAL CRIANCA INTELIGENTE,2513703,Santa Rita,1,4,0.0,0.0,0.0,0.0,1.0,0.0,1.0,1.0,0.0,0.0,0.0,0.0,0.0,--
25121863,INSTITUTO EDUCACIONAL DOM PEDRO II,2513703,Santa Rita,1,4,0.0,0.0,0.0,0.0,0.0,0.0,1.0,1.0,0.0,0.0,0.0,1.0,0.0,7.7
25122983,INSTITUTO EDUCACIONAL RECANTO DO APRENDER,2513703,Santa Rita,1,4,0.0,0.0,0.0,0.0,1.0,0.0,1.0,1.0,1.0,0.0,0.0,0.0,0.0,0
25123092,EMEF EMILIA CAVALCANTE DE MORAIS NETA,2513703,Santa Rita,2,3,0.0,0.0,0.0,0.0,1.0,1.0,1.0,1.0,1.0,0.0,1.0,0.0,0.0,--
25123106,EMEF ODILON RIBEIRO COUTINHO,2513703,Santa Rita,1,3,0.0,0.0,0.0,0.0,1.0,1.0,1.0,1.0,1.0,0.0,1.0,0.0,0.0,6.3
25124102,EMEF DEPUTADO EGIDIO MADRUGA,2513703,Santa Rita,1,3,0.0,0.0,0.0,0.0,1.0,1.0,1.0,1.0,1.0,0.0,0.0,0.0,0.0,0.4
25124366,ESCOLA CONSTRUIR,2513703,Santa Rita,1,4,0.0,0.0,0.0,0.0,1.0,0.0,1.0,1.0,0.0,0.0,0.0,1.0,0.0,0
25124757,SISTEMA DE ENSINO ROSA DE SARON,2513703,Santa Rita,1,4,0.0,0.0,0.0,0.0,1.0,0.0,1.0,1.0,1.0,0.0,0.0,0.0,3.0,0
25124889,INSTITUTO EDUCACIONAL RUTH ROCHA,2513703,Santa Rita,1,4,0.0,0.0,0.0,0.0,1.0,0.0,1.0,1.0,1.0,0.0,0.0,0.0,5.0,0.8
25125613,ESCOLA JESUS DE NAZARE,2513703,Santa Rita,1,4,0.0,0.0,0.0,0.0,1.0,0.0,1.0,1.0,0.0,0.0,0.0,0.0,5.0,0
25125940,ESCOLA NOSSA SENHORA APARECIDA,2513703,Santa Rita,1,4,0.0,0.0,0.0,0.0,1.0,0.0,1.0,1.0,0.0,0.0,0.0,0.0,2.0,6.2
25126270,INSTITUTO EDUCACIONAL PEQUENO APRENDIZ,2513703,Santa Rita,1,4,0.0,0.0,0.0,0.0,1.0,0.0,1.0,1.0,1.0,0.0,0.0,1.0,0.0,0
25126636,CENTRO EDUCACIONAL EMILIA FERREIRO,2513703,Santa Rita,1,4,0.0,0.0,0.0,0.0,1.0,0.0,1.0,1.0,1.0,0.0,0.0,0.0,8.0,0
25126792,EDUCANDARIO VIVA A VIDA,2513703,Santa Rita,1,4,0.0,0.0,0.0,0.0,1.0,0.0,1.0,0.0,0.0,0.0,0.0,1.0,0.0,9.8
25127454,ARCO-IRIS CENTRO EDUCACIONAL DA CRIANCA,2513703,Santa Rita,1,4,0.0,0.0,0.0,0.0,1.0,0.0,1.0,1.0,1.0,0.0,0.0,1.0,0.0,4.3
25127462,CENTRO EDUCACIONAL ARCO- IRIS,2513703,Santa Rita,1,4,0.0,0.0,0.0,0.0,1.0,0.0,1.0,0.0,0.0,0.0,0.0,1.0,0.0,0
25128221,INSTITUTO EDUCACIONAL EXTASE DO SABER,2513703,Santa Rita,1,4,0.0,0.0,0.0,0.0,1.0,0.0,1.0,0.0,1.0,0.0,0.0,1.0,0.0,0
25128418,ECI HELITON SANTANA,2513703,Santa Rita,1,2,0.0,0.0,0.0,0.0,1.0,1.0,1.0,1.0,1.0,1.0,1.0,0.0,8.0,--
25128590,IFPB - CAMPUS SANTA RITA,2513703,Santa Rita,1,1,0.0,0.0,0.0,0.0,1.0,1.0,1.0,1.0,1.0,1.0,1.0,0.0,12.0,--
25129074,EDUCANDARIO ROSA DOS VENTOS,2513703,Santa Rita,1,4,0.0,0.0,0.0,0.0,1.0,0.0,1.0,1.0,0.0,0.0,0.0,1.0,0.0,0
25129694,CENTRO EDUCACIONAL NOVAS PALAVRAS,2513703,Santa Rita,1,4,0.0,0.0,0.0,0.0,1.0,0.0,1.0,1.0,0.0,0.0,0.0,1.0,0.0,1.7
25130285,CENTRO EDUCACIONAL PRIMEIROS PASSOS,2513703,Santa Rita,1,4,0.0,0.0,0.0,0.0,1.0,0.0,1.0,1.0,0.0,0.0,0.0,0.0,7.0,5
25130293,SISTEMA DE EDUCACAO FUTURO,2513703,Santa Rita,1,4,0.0,0.0,0.0,0.0,1.0,0.0,1.0,1.0,0.0,0.0,0.0,1.0,0.0,0
25130307,ESCOLA CONSTRUINDO O SABER,2513703,Santa Rita,2,4,0.0,0.0,0.0,0.0,1.0,0.0,1.0,1.0,1.0,0.0,0.0,1.0,0.0,0
25130358,INSTITUTO EDUCACIONAL FUTURO BRILHANTE,2513703,Santa Rita,1,4,0.0,0.0,0.0,0.0,1.0,0.0,1.0,1.0,1.0,0.0,0.0,1.0,0.0,4.3
25130439,CENTRO EDUCACIONAL ESPACO DO SABER,2513703,Santa Rita,1,4,0.0,0.0,0.0,0.0,1.0,0.0,1.0,1.0,0.0,0.0,0.0,1.0,0.0,0
25130609,ESCOLA CANTINHO DO SABER,2513703,Santa Rita,1,4,0.0,0.0,0.0,0.0,1.0,0.0,1.0,1.0,0.0,0.0,0.0,1.0,0.0,0
25130943,INSTITUTO EDUCACIONAL VIVENDO E APRENDENDO,2513703,Santa Rita,1,4,0.0,0.0,0.0,0.0,1.0,0.0,1.0,1.0,1.0,0.0,0.0,1.0,0.0,0
25131427,INSTITUTO EDUCACIONAL CAMINHO DO SABER,2513703,Santa Rita,1,4,0.0,0.0,0.0,0.0,1.0,0.0,1.0,0.0,0.0,0.0,0.0,1.0,0.0,4.5
25131990,INSTITUTO EDUCACIONAL CAMINHANDO COM JESUS,2513703,Santa Rita,1,4,0.0,0.0,0.0,0.0,1.0,0.0,1.0,0.0,0.0,0.0,0.0,1.0,0.0,4.5
25132016,INSTITUTO EDUCACIONAL SEMEANDO O FUTURO,2513703,Santa Rita,1,4,0.0,0.0,0.0,0.0,1.0,0.0,1.0,1.0,1.0,0.0,0.0,1.0,0.0,1.1
25132482,ESCOLA CIVICO MILITAR CAPITAO TOMAZ PANTA,2513703,Santa Rita,1,3,0.0,0.0,0.0,0.0,1.0,1.0,1.0,1.0,1.0,0.0,0.0,0.0,14.0,--
25132768,COLEGIO E CURSO 1 OPCAO,2513703,Santa Rita,1,4,0.0,0.0,0.0,0.0,0.0,0.0,1.0,1.0,0.0,0.0,0.0,0.0,0.0,0
25132784,ESCOLA ADONAI,2513703,Santa Rita,1,4,0.0,0.0,0.0,0.0,1.0,0.0,1.0,1.0,0.0,0.0,0.0,0.0,0.0,0
25132792,ESCOLA CETEPA KIDS,2513703,Santa Rita,1,4,0.0,0.0,0.0,0.0,1.0,1.0,1.0,1.0,0.0,0.0,0.0,0.0,0.0,0
25132806,ESCOLA EDUCACIONAL GERACAO FUTURA,2513703,Santa Rita,1,4,0.0,0.0,0.0,0.0,1.0,0.0,1.0,1.0,0.0,0.0,0.0,0.0,0.0,0
25132814,ESCOLA MOTIVAR,2513703,Santa Rita,1,4,0.0,0.0,0.0,0.0,1.0,0.0,1.0,1.0,0.0,0.0,0.0,0.0,0.0,0
25133292,CENTRO EDUCACIONAL EMILIA FERREIRO,2513703,Santa Rita,1,4,0.0,0.0,0.0,0.0,1.0,0.0,1.0,1.0,0.0,0.0,0.0,1.0,4.0,0
25133608,ESCOLA SEMENTE DO AMANHECER,2513703,Santa Rita,1,4,0.0,0.0,0.0,0.0,1.0,0.0,1.0,1.0,1.0,0.0,0.0,0.0,7.0,--
25134183,ESPACO EDUCACIONAL REINO INFANTIL,2513703,Santa Rita,1,4,0.0,0.0,0.0,0.0,1.0,0.0,1.0,1.0,1.0,0.0,0.0,0.0,0.0,0
25134191,COLEGIO E CURSO EVOLUIR,2513703,Santa Rita,1,4,0.0,0.0,0.0,0.0,1.0,0.0,1.0,1.0,1.0,0.0,0.0,0.0,0.0,2.4
25134205,CEIF LOURDES CALIXTO,2513703,Santa Rita,1,4,0.0,0.0,0.0,0.0,1.0,0.0,1.0,1.0,1.0,0.0,0.0,0.0,0.0,0
25134213,CENTRO DE EDUCACAO CANTINHO DO SABER,2513703,Santa Rita,1,4,0.0,0.0,0.0,0.0,1.0,0.0,1.0,1.0,1.0,0.0,0.0,0.0,0.0,2.4
25134221,ESCOLA MONTESSORI,2513703,Santa Rita,1,4,0.0,0.0,0.0,0.0,1.0,0.0,1.0,1.0,1.0,0.0,0.0,0.0,0.0,0
25134230,CENTRO EDUCACIONAL BOM SAMARITANO,2513703,Santa Rita,1,4,0.0,0.0,0.0,0.0,1.0,0.0,1.0,1.0,0.0,0.0,0.0,0.0,0.0,1.3
25134876,COLEGIO INTERAGIR,2513703,Santa Rita,1,4,0.0,0.0,0.0,0.0,1.0,0.0,1.0,1.0,1.0,0.0,0.0,0.0,2.0,0
25135538,REOBOTE CENTRO EDUCACIONAL,2513703,Santa Rita,1,4,0.0,0.0,0.0,0.0,1.0,0.0,1.0,1.0,0.0,0.0,0.0,1.0,0.0,0
25135546,INSTITUTO EDUCACIONAL SALEM,2513703,Santa Rita,1,4,0.0,0.0,0.0,0.0,1.0,0.0,1.0,1.0,0.0,0.0,0.0,0.0,0.0,1.3
25155806,CENTRO EDUCACIONAL DA MONICA,2513703,Santa Rita,1,4,0.0,0.0,0.0,0.0,1.0,0.0,1.0,1.0,1.0,0.0,0.0,0.0,0.0,0
25162802,CENTRO DE EDUCACAO PRIMEIRA VITORIA,2513703,Santa Rita,1,4,0.0,0.0,0.0,0.0,1.0,0.0,1.0,1.0,0.0,0.0,0.0,1.0,0.0,0
25222805,EDUCANDARIO VIVER E APRENDER,2513703,Santa Rita,1,4,0.0,0.0,0.0,1.0,1.0,0.0,1.0,1.0,1.0,0.0,0.0,0.0,6.0,0.8
25236806,CONSTRUIR SISTEMA DE ENSINO,2513703,Santa Rita,1,4,0.0,0.0,0.0,0.0,1.0,0.0,1.0,1.0,0.0,0.0,0.0,1.0,0.0,0
25238906,CENTRO EDUCACIONAL ESSA MAOZINHA VAI LONGE,2513703,Santa Rita,1,4,0.0,0.0,0.0,0.0,1.0,0.0,1.0,1.0,1.0,0.0,0.0,0.0,0.0,0
25252933,ESCOLA EDUCAR PARA VIDA,2513703,Santa Rita,1,4,0.0,0.0,0.0,0.0,1.0,0.0,1.0,1.0,0.0,0.0,0.0,1.0,0.0,0
25252941,EMEIF PADRE ANTONIO VIEIRA,2513703,Santa Rita,1,3,0.0,0.0,0.0,0.0,1.0,1.0,1.0,1.0,0.0,0.0,0.0,1.0,0.0,2.1
25253930,EMEF PROFESSOR TARCISIO DE MIRANDA BURITY,2513703,Santa Rita,2,3,0.0,0.0,0.0,0.0,1.0,1.0,1.0,1.0,0.0,0.0,0.0,1.0,0.0,0.5
25254944,EMEF PROFESSOR GIBSON MAUL DE ANDRADE,2513703,Santa Rita,2,3,0.0,0.0,0.0,0.0,1.0,1.0,1.0,1.0,0.0,0.0,1.0,1.0,0.0,0
25266926,COLEGIO E CURSO JOAO XXIII KIDS - CETCPB,2513703,Santa Rita,1,4,0.0,0.0,0.0,1.0,1.0,1.0,1.0,1.0,1.0,0.0,0.0,0.0,1.0,3.3
25309927,INSTITUTO EDUCACIONAL MONTE HOREBE,2513703,Santa Rita,1,4,0.0,0.0,0.0,0.0,1.0,0.0,1.0,1.0,1.0,0.0,0.0,0.0,0.0,0.7
25099957,EEEFM DE FORTE VELHO,2513703,Santa Rita,2,2,0.0,0.0,0.0,0.0,1.0,1.0,1.0,1.0,0.0,0.0,0.0,1.0,5.0,--
25099981,EMEIF PADRE PIRES FERREIRA,2513703,Santa Rita,2,3,0.0,0.0,0.0,0.0,1.0,1.0,1.0,1.0,0.0,0.0,0.0,1.0,0.0,0
25118218,CENTRO SOCIAL ELIASAFE,2513703,Santa Rita,1,4,0.0,0.0,0.0,0.0,1.0,0.0,1.0,1.0,0.0,0.0,0.0,0.0,11.0,0
25022270,EMEF COLEGIO SANTA TEREZINHA,2513802,Santa Teresinha,1,3,0.0,0.0,0.0,0.0,1.0,1.0,1.0,1.0,1.0,0.0,0.0,0.0,1.0,--
25022296,ECI PROFESSOR JOAO NOBERTO,2513802,Santa Teresinha,1,2,0.0,0.0,0.0,0.0,0.0,1.0,1.0,0.0,0.0,0.0,0.0,1.0,6.0,--
25022393,EMEF ANTONIO CARNEIRO BASTOS,2513802,Santa Teresinha,2,3,1.0,0.0,0.0,0.0,1.0,1.0,1.0,1.0,0.0,0.0,0.0,0.0,0.0,0
25022520,EMEF MANOEL RODRIGUES DE AMORIM,2513802,Santa Teresinha,2,3,0.0,0.0,0.0,0.0,1.0,1.0,1.0,1.0,0.0,0.0,0.0,0.0,0.0,0
25022563,EMEF POLONORDESTE TAMANDUA,2513802,Santa Teresinha,2,3,0.0,0.0,0.0,0.0,1.0,1.0,1.0,1.0,0.0,0.0,0.0,1.0,0.0,0
25022636,EMEF PORFIRIO HIGINO DA COSTA,2513802,Santa Teresinha,2,3,0.0,0.0,0.0,0.0,1.0,1.0,1.0,1.0,0.0,0.0,0.0,1.0,0.0,0
25105752,EMEF URTIGA DE BAIXO,2513802,Santa Teresinha,2,3,0.0,0.0,0.0,0.0,1.0,1.0,1.0,1.0,0.0,0.0,0.0,1.0,0.0,0
25128949,EMEIF PEDRO SOARES DE ALMEIDA,2513802,Santa Teresinha,1,3,0.0,0.0,0.0,0.0,1.0,1.0,1.0,1.0,1.0,0.0,0.0,0.0,8.0,0
25150804,INSTITUTO EDUCACIONAL OFICINA DO SABER,2513802,Santa Teresinha,1,4,0.0,0.0,0.0,0.0,0.0,0.0,1.0,0.0,1.0,0.0,0.0,0.0,4.0,0
25188801,INSTITUTO EDUCACIONAL ANGELO FILHO,2513802,Santa Teresinha,1,4,0.0,0.0,0.0,0.0,1.0,0.0,1.0,1.0,1.0,0.0,0.0,0.0,7.0,0
25054023,ECIT PROFESSORA NEIR ALVES PORTO,2513851,Santo André,1,2,0.0,0.0,0.0,0.0,1.0,1.0,1.0,1.0,1.0,1.0,1.0,0.0,3.0,--
25111086,EMEIEF FENELON MEDEIROS,2513851,Santo André,1,3,0.0,0.0,0.0,0.0,1.0,1.0,1.0,1.0,1.0,0.0,0.0,0.0,14.0,0.7
25003828,CEMO JUNIOR CENTRO DE ESTUD MODERNOS,2513901,São Bento,1,4,0.0,0.0,0.0,0.0,1.0,0.0,1.0,1.0,1.0,0.0,0.0,0.0,13.0,0
25003844,EEEM JOAO SILVEIRA GUIMARAES,2513901,São Bento,1,2,0.0,0.0,0.0,0.0,1.0,1.0,1.0,1.0,1.0,1.0,1.0,0.0,0.0,--
25003887,EMEIEF MILTON LUCIO DA SILVA,2513901,São Bento,1,3,0.0,0.0,0.0,0.0,1.0,1.0,1.0,1.0,1.0,1.0,1.0,0.0,14.0,0
25003909,EMEIEF AFONSO MANOEL DA SILVA,2513901,São Bento,1,3,0.0,0.0,0.0,0.0,1.0,1.0,1.0,1.0,1.0,0.0,0.0,0.0,12.0,0
25003950,EMEIEF ELIZA MARIA DE MORAIS,2513901,São Bento,2,3,0.0,0.0,0.0,0.0,1.0,1.0,1.0,1.0,1.0,0.0,0.0,0.0,2.0,0
25003984,EMEIEF DR JARQUES LUCIO DA SILVA,2513901,São Bento,1,3,0.0,0.0,0.0,0.0,1.0,1.0,1.0,1.0,1.0,0.0,1.0,0.0,15.0,0
25004034,EMEIEF JOAO DANTAS DA COSTA,2513901,São Bento,2,3,0.0,0.0,0.0,0.0,1.0,1.0,1.0,1.0,0.0,0.0,1.0,0.0,2.0,0
25004050,EMEIEF JOSE CASSIMIRO DA SILVA,2513901,São Bento,2,3,0.0,0.0,0.0,0.0,1.0,1.0,1.0,1.0,0.0,0.0,0.0,1.0,2.0,0
25004093,EMEIEF JOVENTINO PEREIRA,2513901,São Bento,2,3,0.0,0.0,0.0,0.0,1.0,1.0,1.0,0.0,0.0,0.0,0.0,0.0,3.0,0
25004115,EMEIEF MANOEL CANDIDO DOS SANTOS,2513901,São Bento,2,3,0.0,0.0,0.0,0.0,1.0,1.0,1.0,1.0,1.0,0.0,1.0,0.0,1.0,0
25004123,EMEIEF MANOEL CESARIO DE ARAUJO,2513901,São Bento,2,3,0.0,0.0,0.0,0.0,1.0,1.0,1.0,1.0,1.0,0.0,1.0,0.0,2.0,0
25004131,EMEIEF MANOEL MIGUEL DE ARAUJO,2513901,São Bento,2,3,0.0,0.0,0.0,0.0,1.0,1.0,1.0,1.0,1.0,0.0,1.0,0.0,2.0,0
25004158,EMEIEF MARIA DE LOURDES ELIAS DANTAS,2513901,São Bento,2,3,0.0,0.0,0.0,0.0,1.0,1.0,1.0,1.0,1.0,0.0,1.0,0.0,4.0,0
25004174,EMEIEF MARIA DULCE DOS SANTOS,2513901,São Bento,1,3,0.0,0.0,0.0,0.0,1.0,1.0,1.0,1.0,1.0,0.0,1.0,0.0,10.0,--
25004182,EMEIEF MARTINIANO MOREIRA DANTAS,2513901,São Bento,2,3,0.0,0.0,0.0,0.0,1.0,1.0,1.0,1.0,1.0,0.0,0.0,0.0,3.0,0
25004204,EMEIEF OLGA RODRIGUES DA SILVA,2513901,São Bento,2,3,3.0,0.0,0.0,0.0,1.0,1.0,1.0,1.0,0.0,0.0,0.0,0.0,2.0,0
25004212,EMEIEF PORFIRIA VIEIRA DOS SANTOS,2513901,São Bento,1,3,0.0,0.0,0.0,0.0,1.0,1.0,1.0,1.0,1.0,0.0,1.0,0.0,7.0,0
25004239,EMEIEF SAMUEL DE OLIVEIRA RAMALHO,2513901,São Bento,1,3,0.0,0.0,0.0,0.0,1.0,1.0,1.0,1.0,1.0,0.0,1.0,0.0,10.0,0
25004271,EMEIEF MARIA TEREZA DE JESUS,2513901,São Bento,2,3,3.0,0.0,0.0,0.0,1.0,1.0,1.0,1.0,0.0,0.0,0.0,0.0,2.0,0
25004336,EMEIEF ANDRE PEDRO DA SILVA,2513901,São Bento,1,3,0.0,0.0,0.0,0.0,1.0,1.0,1.0,1.0,1.0,0.0,1.0,0.0,13.0,0
25004360,EMEIEF JOSE DINIZ,2513901,São Bento,2,3,0.0,0.0,0.0,0.0,1.0,1.0,1.0,1.0,0.0,0.0,0.0,0.0,2.0,0
25105450,CENTRO EDUCACIONAL ANA RITA TRIGUEIRO DE FREITAS LINHARES,2513901,São Bento,1,4,0.0,0.0,0.0,0.0,1.0,0.0,1.0,1.0,1.0,0.0,0.0,0.0,13.0,0
25109804,CLID - COLEGIO LIDERANCA LTDA,2513901,São Bento,1,4,0.0,0.0,0.0,0.0,1.0,0.0,1.0,1.0,1.0,1.0,0.0,0.0,8.0,0
25116614,ESC DO ENS FUND PHABLO DANTAS FONSECA SOUZA LTDA,2513901,São Bento,1,4,0.0,0.0,0.0,0.0,1.0,0.0,1.0,1.0,1.0,0.0,0.0,0.0,0.0,0
25123548,ESCOLA INFANTIL NOSSA SENHORA DE FATIMA,2513901,São Bento,1,4,0.0,0.0,0.0,0.0,1.0,0.0,1.0,1.0,0.0,0.0,0.0,1.0,0.0,0
25124986,EMEIEF ANTONIO CANDIDO DOS SANTOS,2513901,São Bento,1,3,0.0,0.0,0.0,0.0,1.0,1.0,1.0,1.0,1.0,0.0,1.0,0.0,7.0,0
25126326,INSTITUTO EDUCACIONAL COLMEIA,2513901,São Bento,1,4,0.0,0.0,0.0,0.0,1.0,0.0,1.0,1.0,1.0,0.0,1.0,0.0,11.0,0
25129287,ECIT DE SAO BENTO,2513901,São Bento,1,2,0.0,0.0,0.0,0.0,1.0,1.0,1.0,0.0,1.0,1.0,1.0,0.0,9.0,--
25130188,CENTRO EDUCACIONAL INFANTIL RAIO DE LUZ,2513901,São Bento,1,4,0.0,0.0,0.0,0.0,1.0,0.0,1.0,1.0,1.0,0.0,0.0,0.0,6.0,0
25132318,EMEIEF RAMIRO ARTUR DE OLIVEIRA,2513901,São Bento,1,3,0.0,0.0,0.0,0.0,1.0,1.0,1.0,1.0,1.0,0.0,1.0,0.0,7.0,0
25132326,EMEIEF ANTONIO SOUZA DA SILVA,2513901,São Bento,2,3,0.0,0.0,0.0,0.0,1.0,1.0,1.0,1.0,1.0,0.0,1.0,0.0,6.0,--
25016105,ECI DEPUTADO LEVI OLIMPIO FERREIRA,2513927,São Bentinho,1,2,0.0,0.0,0.0,0.0,1.0,1.0,1.0,1.0,1.0,0.0,1.0,0.0,6.0,--
25016571,EMEF JOAQUINA CASSIMIRA DA CONCEICAO,2513927,São Bentinho,1,3,0.0,0.0,0.0,0.0,1.0,1.0,1.0,1.0,1.0,0.0,1.0,0.0,20.0,0
25053493,ECIT FRANCISCO DEODATO DO NASCIMENTO,2513943,São Domingos do Cariri,1,2,0.0,0.0,0.0,0.0,1.0,1.0,1.0,1.0,1.0,0.0,0.0,0.0,0.0,--
25053647,ESCOLA MUNICIPAL DE ENSINO FUNDAMENTAL JOAO MARTINS DOS SANTOS,2513943,São Domingos do Cariri,1,3,0.0,0.0,0.0,0.0,1.0,1.0,1.0,1.0,1.0,0.0,1.0,0.0,20.0,0
25016164,ECIT CICERO SEVERO LOPES,2513968,São Domingos,1,2,0.0,0.0,0.0,1.0,1.0,1.0,1.0,1.0,1.0,1.0,1.0,0.0,6.0,--
25016687,EMEF MARIA MARQUES DE ASSIS,2513968,São Domingos,1,3,0.0,0.0,0.0,0.0,1.0,1.0,1.0,1.0,1.0,0.0,0.0,0.0,9.0,0
25016814,EMEF MIGUEL RODRIGUES DE ALMEIDA,2513968,São Domingos,2,3,0.0,0.0,0.0,0.0,1.0,1.0,1.0,1.0,0.0,0.0,0.0,0.0,0.0,0
25016903,EMEF JOAO DANTAS DE OLIVEIRA,2513968,São Domingos,2,3,0.0,0.0,0.0,0.0,1.0,1.0,1.0,1.0,0.0,0.0,0.0,0.0,0.0,0
25122169,EMEF JOSE ANTONIO SARMENTO NETO,2513968,São Domingos,2,3,0.0,0.0,0.0,0.0,1.0,1.0,1.0,1.0,0.0,0.0,0.0,0.0,0.0,0
25019597,ECI DORGIVAL SILVEIRA,2513984,São Francisco,1,2,0.0,0.0,0.0,0.0,1.0,1.0,1.0,1.0,1.0,0.0,0.0,0.0,6.0,--
25019651,EMEF JOAO LOPES DA SILVA,2513984,São Francisco,2,3,0.0,0.0,0.0,0.0,1.0,1.0,1.0,1.0,1.0,0.0,1.0,0.0,6.0,0
25019716,EMEF DR FRANCISCO DE SALES G DE OLIVEIRA,2513984,São Francisco,1,3,0.0,0.0,0.0,0.0,1.0,1.0,1.0,1.0,1.0,0.0,1.0,0.0,10.0,0
25054155,EEEF SEVERINO MEDEIROS RAMOS,2514008,São João do Cariri,2,2,0.0,0.0,0.0,0.0,1.0,1.0,1.0,1.0,1.0,0.0,0.0,0.0,0.0,--
25054163,EMEF DEPUTADO TERTULIANO BRITO,2514008,São João do Cariri,1,3,0.0,0.0,0.0,0.0,1.0,1.0,1.0,1.0,1.0,0.0,0.0,0.0,0.0,0
25054180,ECIT JORNALISTA JOSE LEAL RAMOS,2514008,São João do Cariri,1,2,0.0,0.0,0.0,0.0,1.0,1.0,1.0,1.0,1.0,1.0,0.0,0.0,0.0,--
25054295,EMEIEF CONSTANTINO DE FARIAS CASTRO,2514008,São João do Cariri,2,3,0.0,0.0,0.0,0.0,1.0,1.0,1.0,1.0,1.0,0.0,0.0,0.0,10.0,0
25054341,EMEF ETELVINA MARIA BATISTA,2514008,São João do Cariri,2,3,0.0,0.0,0.0,0.0,1.0,1.0,1.0,1.0,1.0,0.0,1.0,0.0,5.0,0
25054406,EMEIEF HILDA MARIA DE SOUSA BRITO,2514008,São João do Cariri,2,3,0.0,0.0,0.0,0.0,1.0,1.0,1.0,1.0,0.0,0.0,0.0,0.0,2.0,0
25054414,EMEF NOSSA SENHORA DOS MILAGRES,2514008,São João do Cariri,1,3,0.0,0.0,0.0,0.0,1.0,1.0,1.0,1.0,1.0,0.0,0.0,0.0,9.0,--
25122134,EMEIEF RIACHO SALGADO,2514008,São João do Cariri,2,3,0.0,0.0,0.0,0.0,1.0,1.0,1.0,1.0,0.0,0.0,0.0,0.0,1.0,0
25047116,ECI MARIO OLIVEIRA CHAVES,2514107,São João do Tigre,1,2,0.0,0.0,0.0,0.0,1.0,1.0,1.0,1.0,1.0,0.0,0.0,1.0,0.0,--
25047248,ESC MUL PEDRO BEZERRA FILHO,2514107,São João do Tigre,2,3,0.0,0.0,0.0,0.0,1.0,1.0,1.0,1.0,1.0,0.0,0.0,0.0,6.0,0
25047426,ESC MUN ANA FERREIRA ARAGAO,2514107,São João do Tigre,1,3,0.0,0.0,0.0,0.0,1.0,1.0,1.0,1.0,1.0,0.0,1.0,0.0,5.0,0
25047434,ESC MUN JOSE ALEXANDRE DE SOUZA,2514107,São João do Tigre,2,3,0.0,0.0,0.0,0.0,1.0,1.0,1.0,1.0,0.0,0.0,0.0,1.0,0.0,0
25047442,ESC MUL SEMEAO MONTEIRO DA COSTA,2514107,São João do Tigre,2,3,0.0,0.0,0.0,0.0,1.0,1.0,1.0,1.0,1.0,0.0,0.0,0.0,0.0,0
25101462,ESC MUL ADAO LEOPOLDINO DOS SANTOS,2514107,São João do Tigre,2,3,0.0,0.0,0.0,0.0,1.0,1.0,1.0,1.0,0.0,0.0,0.0,1.0,0.0,0
25127624,CENTRO EDUCACIONAL AGUA AZUL ESCOLA DO CAMPO,2514107,São João do Tigre,1,3,0.0,0.0,0.0,0.0,1.0,1.0,1.0,1.0,1.0,0.0,0.0,0.0,2.0,--
25047361,ESC MUN MANOEL FERREIRA DA SILVA,2514107,São João do Tigre,2,3,0.0,0.0,0.0,0.0,1.0,1.0,1.0,1.0,1.0,0.0,0.0,0.0,3.0,0
25017438,ECI ANTONIO GREGORIO DE LACERDA,2514206,São José da Lagoa Tapada,1,2,0.0,0.0,0.0,0.0,1.0,1.0,1.0,1.0,1.0,1.0,0.0,0.0,0.0,--
25017543,EMEF ANTONIO JOSE DE SOUSA,2514206,São José da Lagoa Tapada,2,3,0.0,0.0,0.0,0.0,1.0,1.0,1.0,1.0,0.0,0.0,0.0,0.0,3.0,0
25017560,EMEF APRIGIO RABELO DE SA,2514206,São José da Lagoa Tapada,2,3,0.0,0.0,0.0,1.0,1.0,1.0,1.0,1.0,0.0,0.0,0.0,0.0,2.0,0
25017632,EMEF JOAO ARAUJO NETO,2514206,São José da Lagoa Tapada,2,3,0.0,0.0,0.0,1.0,1.0,1.0,1.0,1.0,0.0,0.0,0.0,1.0,2.0,0
25017705,EMEF MARIA MENDES DE JESUS,2514206,São José da Lagoa Tapada,2,3,0.0,0.0,0.0,0.0,0.0,1.0,1.0,1.0,0.0,0.0,0.0,1.0,2.0,0
25101927,EMEF CELESTINO GOMES DE SA,2514206,São José da Lagoa Tapada,1,3,0.0,0.0,0.0,0.0,1.0,1.0,1.0,1.0,0.0,0.0,0.0,0.0,7.0,0
25134299,EMEF MARIA MARLENE MARQUES RUFINO,2514206,São José da Lagoa Tapada,1,3,0.0,0.0,0.0,0.0,1.0,1.0,1.0,1.0,0.0,0.0,0.0,0.0,6.0,--
25134302,EMEF GENESIO ARAUJO,2514206,São José da Lagoa Tapada,1,3,0.0,0.0,0.0,0.0,1.0,1.0,1.0,1.0,0.0,0.0,0.0,0.0,9.0,--
25134310,ESCOLA MUNICIPAL DE ENSINO FUNDAMENTAL IRACIR PEREIRA DE SOUSA,2514206,São José da Lagoa Tapada,1,3,0.0,0.0,0.0,0.0,0.0,1.0,1.0,1.0,0.0,0.0,0.0,0.0,3.0,0
25154400,EMEF MARIA MARQUES FORMIGA DE SOUSA,2514206,São José da Lagoa Tapada,1,3,0.0,0.0,0.0,0.0,1.0,1.0,1.0,1.0,1.0,0.0,0.0,0.0,10.0,0
25032518,ECI OTAVIANO L DA SILVA,2514305,São José de Caiana,1,2,0.0,0.0,1.0,0.0,0.0,1.0,1.0,0.0,0.0,0.0,0.0,1.0,1.0,--
25032607,EMPG ANTONIO MOREIRA DOS SANTOS,2514305,São José de Caiana,2,3,0.0,0.0,0.0,0.0,1.0,1.0,1.0,1.0,0.0,0.0,0.0,0.0,5.0,0
25032674,EMEIF MARIANO TOMAZ,2514305,São José de Caiana,1,3,0.0,0.0,0.0,0.0,1.0,1.0,1.0,1.0,1.0,0.0,0.0,0.0,7.0,--
25101755,EMEIF ISABEL LOPES,2514305,São José de Caiana,1,3,0.0,0.0,0.0,0.0,1.0,1.0,1.0,1.0,1.0,0.0,0.0,1.0,12.0,0
25130390,ESCOLA MUNICIPAL AMELINA ALVES LEITE,2514305,São José de Caiana,1,3,0.0,0.0,0.0,0.0,1.0,1.0,1.0,1.0,0.0,0.0,0.0,0.0,10.0,0
25022652,ECIT JOSE AMERICO DE ALMEIDA,2514404,São José de Espinharas,1,2,0.0,0.0,0.0,0.0,0.0,1.0,1.0,1.0,0.0,0.0,0.0,0.0,0.0,--
25022806,EMEIF MARIANA NOBREGA DE SOUSA,2514404,São José de Espinharas,2,3,0.0,0.0,0.0,0.0,1.0,1.0,1.0,1.0,1.0,0.0,0.0,0.0,4.0,--
25022890,EMEF TENENTE TITICO GOMES,2514404,São José de Espinharas,1,3,0.0,0.0,0.0,0.0,1.0,1.0,1.0,1.0,0.0,0.0,0.0,0.0,8.0,0
25132610,EMEIF LUIZ GOMES DE SOUSA COSTA,2514404,São José de Espinharas,2,3,0.0,0.0,0.0,0.0,1.0,1.0,1.0,1.0,0.0,0.0,0.0,0.0,6.0,0
25089242,ECIEEFM JOCELYN VELLOSO BORGES,2514453,São José dos Ramos,1,2,0.0,0.0,0.0,0.0,1.0,1.0,1.0,1.0,1.0,1.0,0.0,0.0,0.0,--
25089331,EMEIFM ANISIO PEREIRA BORGES,2514453,São José dos Ramos,2,3,0.0,0.0,0.0,0.0,1.0,1.0,1.0,1.0,0.0,0.0,0.0,0.0,7.0,0
25089382,EMEF PROFª MARIA CAXIAS DE LIMA,2514453,São José dos Ramos,1,3,0.0,0.0,0.0,0.0,1.0,1.0,1.0,1.0,1.0,0.0,0.0,0.0,9.0,--
25089412,EMEIF JOSE FRANCISCO DA COSTA,2514453,São José dos Ramos,2,3,0.0,0.0,0.0,0.0,1.0,1.0,1.0,1.0,0.0,0.0,0.0,0.0,9.0,0
25089439,EMEIF JOAO BENJAMIN DE ARAUJO,2514453,São José dos Ramos,2,3,0.0,0.0,0.0,0.0,1.0,1.0,1.0,1.0,1.0,0.0,0.0,0.0,5.0,0
25089510,EMEIF SIMPLICIO JOSE DE MENDONCA,2514453,São José dos Ramos,2,3,0.0,0.0,0.0,0.0,1.0,1.0,1.0,1.0,0.0,0.0,0.0,0.0,4.0,0
25116134,EMEIF JOSE BATISTA DE CARVALHO,2514453,São José dos Ramos,2,3,0.0,1.0,0.0,0.0,1.0,1.0,1.0,1.0,0.0,0.0,0.0,0.0,5.0,0
25133810,EMEIEF NOEMIA RODRIGUES DE AMORIM,2514453,São José dos Ramos,1,3,0.0,0.0,0.0,0.0,1.0,1.0,1.0,1.0,1.0,0.0,0.0,0.0,5.0,0
25010565,ECIT PREFEITO JOAQUIM LACERDA LEITE,2514503,São José de Piranhas,1,2,0.0,0.0,0.0,0.0,1.0,1.0,1.0,1.0,1.0,1.0,1.0,0.0,9.0,--
25011480,EMEIF FRANCISCO EMERSON DE LUCENA,2514503,São José de Piranhas,1,3,0.0,0.0,0.0,0.0,1.0,1.0,1.0,1.0,0.0,0.0,1.0,0.0,4.0,0
25011669,EEEM SAO JOSE,2514503,São José de Piranhas,1,2,0.0,0.0,0.0,0.0,1.0,1.0,1.0,1.0,0.0,0.0,0.0,0.0,7.0,--
25011901,EMEIF JOAO BATISTA CAMPOS,2514503,São José de Piranhas,2,3,0.0,0.0,0.0,0.0,1.0,1.0,1.0,1.0,0.0,0.0,1.0,0.0,8.0,0
25012070,EMEIF ANTONIO LACERDA NETO,2514503,São José de Piranhas,1,3,0.0,0.0,0.0,0.0,1.0,1.0,1.0,1.0,1.0,0.0,1.0,0.0,13.0,--
25106546,ESC NOSSA SENHORA DA CONCEICAO LTDA,2514503,São José de Piranhas,1,4,0.0,0.0,0.0,0.0,1.0,0.0,1.0,1.0,1.0,1.0,1.0,0.0,19.0,0
25116177,EMEIF UMBELINA CAVALCANTE SOBRAL,2514503,São José de Piranhas,1,3,0.0,0.0,0.0,0.0,1.0,1.0,1.0,1.0,1.0,0.0,1.0,0.0,9.0,0
25116185,EMEIF ERNANE AIRES SATYRO,2514503,São José de Piranhas,2,3,0.0,0.0,0.0,0.0,1.0,1.0,1.0,1.0,0.0,0.0,1.0,0.0,7.0,0
25117530,EMEIF JOAQUIM PEREIRA LIMA,2514503,São José de Piranhas,2,3,0.0,0.0,0.0,0.0,1.0,1.0,1.0,1.0,1.0,0.0,1.0,0.0,13.0,0
25117769,EEIF GRAO DE MOSTARDA LTDA,2514503,São José de Piranhas,1,4,0.0,0.0,0.0,0.0,1.0,0.0,1.0,1.0,1.0,1.0,0.0,0.0,13.0,0
25123238,EMEIF CLEMIDIA PEREIRA DE NEGREIROS,2514503,São José de Piranhas,2,3,0.0,0.0,0.0,0.0,1.0,1.0,1.0,1.0,1.0,0.0,1.0,0.0,3.0,0
25130668,INSTITUTO EDUCACIONAL LIMA INACIO,2514503,São José de Piranhas,1,4,0.0,0.0,0.0,0.0,1.0,0.0,1.0,1.0,0.0,0.0,0.0,0.0,7.0,0
25132253,EMEIF IRAPUAN VASCONCELOS SOBRAL,2514503,São José de Piranhas,1,3,0.0,0.0,0.0,0.0,1.0,1.0,1.0,1.0,0.0,0.0,1.0,0.0,13.0,0
25036416,ESCOLA MUNICIPAL LAGE DA ONCA,2514552,São José de Princesa,2,3,0.0,0.0,0.0,0.0,1.0,1.0,1.0,1.0,0.0,0.0,0.0,0.0,0.0,0
25036831,ESCOLA MUNICIPAL JOAQUIM JOVINO DE LIMA,2514552,São José de Princesa,2,3,3.0,0.0,0.0,0.0,1.0,1.0,1.0,1.0,0.0,0.0,0.0,0.0,0.0,0
25036980,ESCOLA MUNICIPAL JOAQUIM ANTAS FLORENTINO,2514552,São José de Princesa,2,3,0.0,0.0,0.0,0.0,1.0,1.0,1.0,1.0,0.0,0.0,0.0,0.0,6.0,0
25037137,ECI DEPUTADO NOMINANDO MUNIZ DINIZ,2514552,São José de Princesa,1,2,0.0,0.0,0.0,0.0,1.0,1.0,1.0,0.0,0.0,0.0,0.0,0.0,1.0,--
25037145,ESCOLA MUNICIPAL ALZIRA MOURA MAGALHAES,2514552,São José de Princesa,2,3,0.0,0.0,0.0,0.0,1.0,1.0,1.0,1.0,0.0,0.0,0.0,0.0,5.0,0
25037170,ESCOLA MUNICIPAL SEBASTIAO FRANCISCO DOS SANTOS,2514552,São José de Princesa,2,3,0.0,0.0,0.0,0.0,1.0,1.0,1.0,1.0,0.0,0.0,0.0,0.0,1.0,0
25023179,EMEF SENADOR HUMBERTO LUCENA,2514602,São José do Bonfim,1,3,0.0,0.0,0.0,0.0,1.0,1.0,1.0,1.0,1.0,0.0,0.0,0.0,16.0,0
25023187,ECI MARIA DE LOURDES MEIRA,2514602,São José do Bonfim,1,2,0.0,0.0,0.0,0.0,1.0,1.0,1.0,1.0,1.0,1.0,1.0,0.0,3.0,--
25023276,EMEF SEVERINO MARTINS FERREIRA,2514602,São José do Bonfim,2,3,0.0,0.0,0.0,0.0,1.0,1.0,1.0,1.0,0.0,0.0,0.0,0.0,3.0,0
25023306,EMEF MIQUELINA LUSTOSA CABRAL,2514602,São José do Bonfim,2,3,0.0,0.0,0.0,0.0,1.0,1.0,1.0,1.0,0.0,0.0,0.0,0.0,3.0,0
25023349,EMEF JOSE GOMES PEREIRA,2514602,São José do Bonfim,2,3,1.0,0.0,0.0,0.0,1.0,1.0,1.0,1.0,0.0,0.0,0.0,0.0,3.0,0
25001302,ECI OLIVIA SARAIVA MAIA,2514651,São José do Brejo do Cruz,1,2,0.0,0.0,0.0,0.0,1.0,1.0,1.0,1.0,0.0,0.0,0.0,1.0,0.0,--
25001396,ESC MUL MANOEL JANUARIO DE ARAUJO,2514651,São José do Brejo do Cruz,2,3,0.0,0.0,0.0,0.0,1.0,1.0,1.0,1.0,1.0,0.0,0.0,0.0,2.0,0
25109820,E M E F M PLACIDO FRANCISCO SARAIVA LEAO,2514651,São José do Brejo do Cruz,1,3,0.0,0.0,0.0,0.0,1.0,1.0,1.0,1.0,1.0,0.0,1.0,0.0,10.0,0
25039504,EECIT OLAVO BILAC,2514701,São José do Sabugi,1,2,0.0,0.0,0.0,0.0,1.0,1.0,1.0,1.0,1.0,0.0,0.0,1.0,0.0,--
25039520,EMEF MANOEL RODRIGUES PINTO,2514701,São José do Sabugi,1,3,0.0,0.0,0.0,0.0,1.0,1.0,1.0,1.0,1.0,0.0,1.0,0.0,15.0,0
25039695,EMEF ANTONIO MIGUEL LEITAO,2514701,São José do Sabugi,2,3,0.0,0.0,0.0,0.0,1.0,1.0,1.0,1.0,0.0,0.0,0.0,0.0,0.0,0
25039717,EMEF JOAO SIMPLICIO BATISTA,2514701,São José do Sabugi,2,3,0.0,0.0,0.0,0.0,1.0,1.0,1.0,1.0,0.0,0.0,0.0,1.0,0.0,0
25039733,EMEF MANOEL ARAUJO DOS SANTOS,2514701,São José do Sabugi,2,3,0.0,0.0,0.0,0.0,1.0,1.0,1.0,1.0,0.0,0.0,0.0,1.0,0.0,0
25112775,EMEF RIACHO DA SERRA,2514701,São José do Sabugi,2,3,0.0,0.0,0.0,0.0,1.0,1.0,1.0,1.0,0.0,0.0,0.0,1.0,0.0,0
25047450,ECI BARTOLOMEU MARACAJA,2514800,São José dos Cordeiros,1,2,0.0,0.0,0.0,0.0,1.0,1.0,1.0,1.0,1.0,1.0,1.0,0.0,5.0,--
25047698,ESC MUNICIPAL JOSE VENTURA DE SOUSA,2514800,São José dos Cordeiros,2,3,0.0,0.0,0.0,0.0,1.0,1.0,1.0,1.0,0.0,0.0,0.0,1.0,0.0,0
25048171,ESC MUNICIPAL MATIAS ALEXANDRE DE MORAIS,2514800,São José dos Cordeiros,2,3,0.0,0.0,0.0,0.0,1.0,1.0,1.0,1.0,0.0,0.0,0.0,1.0,0.0,0
25048210,ESCOLA MUNICIPAL MANOEL DA SILVA ALMEIDA,2514800,São José dos Cordeiros,1,3,0.0,0.0,0.0,0.0,1.0,1.0,1.0,1.0,0.0,0.0,1.0,0.0,6.0,0
25048260,ESC MUNICIPAL ANTONIO ALEXANDRE,2514800,São José dos Cordeiros,2,3,0.0,0.0,0.0,0.0,1.0,1.0,1.0,1.0,0.0,0.0,0.0,1.0,0.0,0
25048309,ESC MUNICIPAL OLINTO CAMPOS,2514800,São José dos Cordeiros,2,3,0.0,0.0,0.0,0.0,1.0,1.0,1.0,1.0,0.0,0.0,0.0,1.0,0.0,0
25105256,ESC MUL VIRGILIO G DE ANDRADE,2514800,São José dos Cordeiros,2,3,0.0,0.0,0.0,0.0,1.0,1.0,1.0,1.0,0.0,0.0,0.0,1.0,0.0,0
25105264,ESC MUNICIPAL MANOEL CANDIDO PEREIRA,2514800,São José dos Cordeiros,2,3,0.0,0.0,0.0,0.0,1.0,1.0,1.0,1.0,0.0,0.0,0.0,1.0,0.0,0
25131214,ESCOLA MUNICIPAL ANTONIO JOVENTINO DA COSTA,2514800,São José dos Cordeiros,2,3,0.0,0.0,0.0,0.0,1.0,1.0,1.0,1.0,0.0,0.0,1.0,0.0,0.0,0
25039946,EMEIEF LUCIA DE FATIMA MORAIS DE LUCENA,2514909,São Mamede,1,3,0.0,0.0,0.0,0.0,1.0,1.0,1.0,1.0,1.0,0.0,0.0,0.0,10.0,0
25039997,EEEF NAPOLEAO ABDON DA NOBREGA,2514909,São Mamede,1,2,0.0,0.0,0.0,0.0,1.0,1.0,1.0,1.0,1.0,1.0,1.0,0.0,9.0,--
25040014,ECIT SERAFICO NOBREGA,2514909,São Mamede,1,2,0.0,0.0,0.0,0.0,1.0,1.0,1.0,1.0,1.0,0.0,1.0,0.0,7.0,--
25040057,EMEIEF SEVERINO ANTONIO RAMOS,2514909,São Mamede,2,3,0.0,0.0,0.0,0.0,1.0,1.0,1.0,1.0,0.0,0.0,0.0,1.0,1.0,0
25040189,EMEIEF DE SERRA BRANCA,2514909,São Mamede,2,3,0.0,0.0,0.0,0.0,1.0,1.0,1.0,1.0,0.0,0.0,0.0,1.0,2.0,0
25040391,EMEIEF FRANCISCO PERGENTINO DE ARAUJO FILHO,2514909,São Mamede,1,3,0.0,0.0,0.0,0.0,1.0,1.0,1.0,1.0,1.0,0.0,0.0,0.0,11.0,0
25112783,EMEFM MARINA SOUTO GOUVEIA,2514909,São Mamede,1,3,0.0,0.0,0.0,0.0,1.0,1.0,1.0,1.0,1.0,0.0,0.0,0.0,0.0,--
25089552,ECI MARIA LINS,2515005,São Miguel de Taipu,1,2,0.0,0.0,0.0,0.0,1.0,1.0,1.0,1.0,1.0,0.0,0.0,0.0,0.0,--
25089560,EEEFM SEVERINA DE HOLANDA CAVALCANTI,2515005,São Miguel de Taipu,2,2,0.0,0.0,0.0,0.0,1.0,1.0,1.0,1.0,0.0,0.0,0.0,0.0,0.0,--
25089587,ESC MUL HENRIQUE JOAO DA SILVA,2515005,São Miguel de Taipu,2,3,0.0,0.0,0.0,0.0,1.0,1.0,1.0,1.0,1.0,0.0,0.0,1.0,2.0,0
25089595,ESC MUL PREF BARTOLOMEU LINS,2515005,São Miguel de Taipu,2,3,0.0,0.0,0.0,0.0,1.0,1.0,1.0,1.0,1.0,0.0,0.0,1.0,2.0,0
25089617,EM HENRIQUE VIEIRA DE ALBUQUERQUE,2515005,São Miguel de Taipu,2,3,0.0,0.0,0.0,0.0,1.0,1.0,1.0,1.0,1.0,0.0,0.0,0.0,2.0,0
25089625,ESC MUL GOV FLAVIO RIBEIRO COUTINHO,2515005,São Miguel de Taipu,2,3,1.0,0.0,0.0,0.0,1.0,1.0,1.0,1.0,1.0,1.0,0.0,0.0,7.0,0
25089633,ESC MUL BERENICE M RIBEIRO COUTINHO,2515005,São Miguel de Taipu,2,3,0.0,0.0,0.0,0.0,1.0,1.0,1.0,1.0,1.0,0.0,0.0,1.0,2.0,0
25089650,ESC MUL JOAO LINS VIEIRA,2515005,São Miguel de Taipu,2,3,0.0,0.0,0.0,0.0,1.0,1.0,1.0,1.0,1.0,0.0,0.0,0.0,2.0,0
25089668,ESC MUL PROFESSORA BEATRIZ LOPES,2515005,São Miguel de Taipu,2,3,1.0,0.0,0.0,0.0,1.0,1.0,1.0,1.0,1.0,0.0,0.0,1.0,0.0,0
25089676,ESC MUL MANOEL INACIO,2515005,São Miguel de Taipu,2,3,0.0,0.0,0.0,0.0,1.0,1.0,1.0,1.0,1.0,0.0,0.0,1.0,2.0,0
25089684,ESCOLA MUNICIPAL ARCANJO SOARES,2515005,São Miguel de Taipu,2,3,0.0,0.0,0.0,0.0,1.0,1.0,1.0,1.0,1.0,0.0,0.0,0.0,2.0,0
25113887,ESC MUL NOVO TAIPU,2515005,São Miguel de Taipu,2,3,1.0,0.0,0.0,0.0,1.0,1.0,1.0,1.0,1.0,0.0,0.0,0.0,0.0,0
25115545,CIEM - HENRIQUE VIEIRA DE A MELO,2515005,São Miguel de Taipu,1,3,0.0,0.0,0.0,0.0,1.0,1.0,1.0,1.0,1.0,1.0,0.0,0.0,5.0,0
25062212,EMEIEF FRANCISCO BEZERRA DE MELO,2515104,São Sebastião de Lagoa de Roça,2,3,0.0,0.0,0.0,0.0,1.0,1.0,1.0,1.0,0.0,0.0,0.0,1.0,0.0,0
25062220,ECI MONSENHOR JOSE BORGES,2515104,São Sebastião de Lagoa de Roça,1,2,0.0,0.0,0.0,0.0,1.0,1.0,1.0,1.0,1.0,1.0,1.0,0.0,8.0,--
25062239,EEEF ELIDIO SOBREIRA,2515104,São Sebastião de Lagoa de Roça,1,2,0.0,0.0,0.0,0.0,1.0,1.0,1.0,1.0,0.0,0.0,1.0,0.0,0.0,--
25062247,EMEIEF ANTONIO SEBASTIAO DE OLIVEIRA,2515104,São Sebastião de Lagoa de Roça,2,3,0.0,0.0,0.0,0.0,1.0,1.0,1.0,1.0,0.0,0.0,0.0,0.0,0.0,0
25062255,EMEIEF JOSE DONATO DE ARAUJO,2515104,São Sebastião de Lagoa de Roça,2,3,0.0,0.0,0.0,0.0,1.0,1.0,1.0,1.0,0.0,0.0,0.0,0.0,0.0,0
25062263,EMEIEF MONSENHOR JOSE BORGES DE CARVALHO,2515104,São Sebastião de Lagoa de Roça,2,3,0.0,0.0,0.0,0.0,1.0,1.0,1.0,1.0,0.0,0.0,0.0,1.0,0.0,0
25062271,EMEIEF PEDRO DA COSTA BEZERRA,2515104,São Sebastião de Lagoa de Roça,1,3,0.0,0.0,0.0,0.0,1.0,1.0,1.0,1.0,0.0,0.0,0.0,0.0,0.0,0.7
25062298,EMEIEF SAO TOME,2515104,São Sebastião de Lagoa de Roça,2,3,0.0,0.0,0.0,0.0,1.0,1.0,1.0,0.0,0.0,0.0,0.0,0.0,0.0,5.9
25062344,EMEIEF JOCA TORRES,2515104,São Sebastião de Lagoa de Roça,2,3,0.0,0.0,0.0,0.0,1.0,1.0,1.0,1.0,0.0,0.0,0.0,1.0,0.0,0
25062387,EMEIEF JOAO BATISTA MENDES,2515104,São Sebastião de Lagoa de Roça,2,3,0.0,0.0,0.0,0.0,1.0,1.0,1.0,1.0,0.0,0.0,0.0,1.0,0.0,0
25062395,EMEIEF JOAO DOMINGOS BATISTA,2515104,São Sebastião de Lagoa de Roça,2,3,0.0,0.0,0.0,0.0,1.0,1.0,1.0,0.0,0.0,0.0,0.0,1.0,0.0,0
25062417,EMEIEF JOAQUIM VENANCIO DE ARAUJO,2515104,São Sebastião de Lagoa de Roça,2,3,0.0,0.0,0.0,0.0,1.0,1.0,1.0,1.0,0.0,0.0,0.0,1.0,0.0,0
25062433,EMEIEF JOSE RODRIGUES COURA,2515104,São Sebastião de Lagoa de Roça,2,3,0.0,0.0,0.0,0.0,1.0,1.0,1.0,0.0,0.0,0.0,0.0,0.0,0.0,0
25062441,EMEIEF MATIAS DONATO DE MARIA,2515104,São Sebastião de Lagoa de Roça,2,3,0.0,0.0,0.0,0.0,1.0,1.0,1.0,1.0,0.0,0.0,0.0,0.0,0.0,0
25062476,EMEIEF PEDRO TAVARES,2515104,São Sebastião de Lagoa de Roça,2,3,0.0,0.0,0.0,0.0,1.0,1.0,1.0,1.0,0.0,0.0,0.0,1.0,0.0,0
25062514,EMEIEF SANTO ANTONIO DE PADUA,2515104,São Sebastião de Lagoa de Roça,2,3,0.0,0.0,0.0,0.0,1.0,1.0,1.0,1.0,0.0,0.0,0.0,1.0,0.0,0
25062530,EMEIEF DONA YAYA TAVARES,2515104,São Sebastião de Lagoa de Roça,2,3,0.0,0.0,0.0,0.0,1.0,1.0,1.0,1.0,0.0,0.0,0.0,0.0,0.0,0
25062557,EMEF ANTONIO PEDRO DOS SANTOS,2515104,São Sebastião de Lagoa de Roça,1,3,0.0,0.0,0.0,0.0,1.0,1.0,1.0,1.0,1.0,1.0,0.0,0.0,0.0,--
25124730,ESCOLA VIRGEM DAS GRACAS,2515104,São Sebastião de Lagoa de Roça,1,4,0.0,0.0,0.0,0.0,1.0,0.0,1.0,1.0,1.0,0.0,0.0,0.0,0.0,0
25048350,ECI MALAQUIAS BATISTA FEITOSA,2515203,São Sebastião do Umbuzeiro,1,2,0.0,0.0,0.0,0.0,1.0,1.0,1.0,1.0,1.0,1.0,1.0,0.0,5.0,--
25048686,EMEIF PEDRO PEDROSA AMADOR,2515203,São Sebastião do Umbuzeiro,1,3,0.0,0.0,0.0,0.0,1.0,1.0,1.0,1.0,1.0,0.0,1.0,0.0,12.0,0
25128914,ESCOLA MUNICIPAL DE ENSINO FUNDAMENTAL II PROFESSOR MAURO SEVERIANO LEITE,2515203,São Sebastião do Umbuzeiro,1,3,0.0,0.0,0.0,0.0,1.0,1.0,1.0,1.0,0.0,0.0,0.0,0.0,0.0,--
25089765,EDUCANDARIO PEQUENO PRINCIPE,2515302,Sapé,1,4,0.0,0.0,0.0,0.0,1.0,0.0,1.0,1.0,0.0,0.0,0.0,0.0,0.0,0
25089773,EEEFM STELLA DA CUNHA SANTOS,2515302,Sapé,1,2,0.0,0.0,0.0,0.0,0.0,1.0,1.0,1.0,0.0,0.0,0.0,1.0,3.0,--
25089781,ECIT MONSENHOR ODILON ALVES PEDROSA,2515302,Sapé,1,2,0.0,0.0,0.0,0.0,1.0,1.0,1.0,1.0,1.0,1.0,1.0,0.0,14.0,--
25089811,EEEFM FAZENDA BURACAO,2515302,Sapé,2,2,0.0,0.0,0.0,0.0,0.0,1.0,1.0,0.0,0.0,0.0,0.0,1.0,0.0,--
25089820,EEEM GENTIL LINS,2515302,Sapé,1,2,0.0,0.0,0.0,0.0,1.0,1.0,1.0,1.0,1.0,0.0,1.0,0.0,10.0,--
25090054,EMEF SAO VICENTE DE PAULA,2515302,Sapé,1,3,0.0,0.0,0.0,0.0,1.0,1.0,1.0,1.0,0.0,0.0,0.0,0.0,3.0,1.4
25090089,EMEIEF SENHOR DO BONFIM,2515302,Sapé,2,3,1.0,0.0,0.0,0.0,1.0,1.0,1.0,1.0,0.0,0.0,0.0,0.0,0.0,0
25090100,EMEIEF SANTA HELENA,2515302,Sapé,2,3,0.0,0.0,0.0,0.0,1.0,1.0,1.0,1.0,1.0,0.0,0.0,0.0,0.0,0
25090119,EMEIEF VARZEA GRANDE,2515302,Sapé,2,3,0.0,0.0,0.0,0.0,1.0,1.0,1.0,1.0,0.0,0.0,0.0,0.0,0.0,0
25090135,ECI CASSIANO RIBEIRO COUTINHO,2515302,Sapé,1,2,0.0,0.0,0.0,0.0,1.0,1.0,1.0,1.0,1.0,0.0,1.0,0.0,0.0,--
25090232,INSTITUTO EDUCACIONAL PINGO DE GENTE,2515302,Sapé,1,4,0.0,0.0,0.0,0.0,1.0,0.0,1.0,1.0,0.0,0.0,0.0,0.0,8.0,0
25090240,EMEF CASSIANO RIBEIRO COUTINHO,2515302,Sapé,1,3,0.0,0.0,0.0,0.0,1.0,1.0,1.0,1.0,1.0,0.0,0.0,0.0,6.0,--
25090259,EMEIEF SEVERINO BASILIO RIBEIRO,2515302,Sapé,1,3,0.0,0.0,0.0,0.0,1.0,1.0,1.0,1.0,0.0,0.0,0.0,0.0,5.0,1.1
25090267,EMEIEF CAETANO DE SANTANA,2515302,Sapé,2,3,0.0,0.0,0.0,0.0,1.0,1.0,1.0,1.0,1.0,0.0,0.0,0.0,0.0,0
25090321,EMEIEF JOAQUIM AQUILINO DE BRITO,2515302,Sapé,2,3,0.0,0.0,0.0,0.0,1.0,1.0,1.0,1.0,0.0,0.0,0.0,0.0,1.0,0
25090330,EMEIEF JOAQUIM DE ALMEIDA FILHO,2515302,Sapé,1,3,0.0,0.0,0.0,0.0,1.0,1.0,1.0,1.0,0.0,0.0,0.0,0.0,3.0,0
25090372,EMEIEF LUIZ JOSE GONCALO,2515302,Sapé,2,3,0.0,0.0,0.0,0.0,1.0,1.0,1.0,1.0,0.0,0.0,0.0,0.0,2.0,0
25090380,EMEIEF NOEMI DE HOLANDA MARIZ,2515302,Sapé,1,3,0.0,0.0,0.0,0.0,1.0,1.0,1.0,1.0,1.0,0.0,0.0,0.0,4.0,0
25090399,EMEF ORLANDO SOARES DE OLIVEIRA,2515302,Sapé,1,3,0.0,0.0,0.0,0.0,1.0,1.0,1.0,1.0,1.0,0.0,0.0,0.0,0.0,0
25090437,EMEF LUIZ IGNACIO RIBEIRO COUTINHO,2515302,Sapé,1,3,0.0,0.0,0.0,0.0,1.0,1.0,1.0,1.0,1.0,0.0,0.0,0.0,0.0,--
25090445,EMEIEF MARIA DA PENHA DE FRANCA CONSTANCIO,2515302,Sapé,2,3,0.0,0.0,0.0,0.0,1.0,1.0,1.0,1.0,0.0,0.0,0.0,0.0,1.0,0
25090453,EMEIEF ALEIXO FIGUEIREDO,2515302,Sapé,2,3,0.0,0.0,0.0,0.0,1.0,1.0,1.0,1.0,1.0,0.0,0.0,0.0,4.0,0
25090461,EMEF ALFREDO COUTINHO DE MORAIS,2515302,Sapé,1,3,0.0,0.0,0.0,0.0,1.0,1.0,1.0,1.0,0.0,0.0,0.0,0.0,0.0,0.8
25090496,EMEIEF CLEMENTINO PEREIRA MAXIMO,2515302,Sapé,2,3,0.0,0.0,0.0,0.0,1.0,1.0,1.0,1.0,0.0,0.0,0.0,0.0,1.0,0
25090500,EMEIEF MARAU,2515302,Sapé,2,3,0.0,0.0,0.0,0.0,1.0,1.0,1.0,1.0,0.0,0.0,0.0,0.0,0.0,0
25090518,EMEIEF MARIA BERNADETE MONTENEGRO,2515302,Sapé,2,3,0.0,0.0,0.0,0.0,1.0,1.0,1.0,1.0,1.0,0.0,0.0,0.0,2.0,0
25090569,EMEF JULIA FIGUEIREDO,2515302,Sapé,1,3,0.0,0.0,0.0,0.0,1.0,1.0,1.0,1.0,1.0,0.0,0.0,0.0,5.0,--
25090585,EMEIEF LUCIA DE FATIMA XAVIER AMARO,2515302,Sapé,1,3,0.0,0.0,0.0,0.0,1.0,1.0,1.0,1.0,0.0,0.0,0.0,0.0,1.0,3.5
25090593,EMEF MINERVINO MIRANDA,2515302,Sapé,1,3,0.0,0.0,0.0,0.0,1.0,1.0,1.0,1.0,1.0,0.0,0.0,0.0,5.0,0.4
25090607,EMEF PEDRO RAMOS COUTINHO,2515302,Sapé,1,3,0.0,0.0,0.0,0.0,1.0,1.0,1.0,1.0,0.0,0.0,0.0,0.0,7.0,--
25090623,EMEF SEVERINO ALVES BARBOSA,2515302,Sapé,1,3,0.0,0.0,0.0,0.0,1.0,1.0,1.0,1.0,0.0,0.0,0.0,0.0,8.0,0
25090631,INSTITUTO MON SERRAT,2515302,Sapé,1,4,0.0,0.0,0.0,0.0,1.0,0.0,1.0,1.0,1.0,1.0,0.0,0.0,7.0,0
25090658,EMEIEF CIDADE CRISTA,2515302,Sapé,1,3,0.0,0.0,0.0,0.0,1.0,1.0,1.0,1.0,0.0,0.0,0.0,0.0,0.0,0
25102036,INSTITUTO CARROSSEL SAPE,2515302,Sapé,1,4,0.0,0.0,0.0,0.0,1.0,0.0,1.0,1.0,0.0,0.0,0.0,0.0,8.0,1.3
25107607,EMEIEF NEIRIVAN ALEXANDRE,2515302,Sapé,1,3,0.0,0.0,0.0,0.0,1.0,1.0,1.0,1.0,0.0,0.0,0.0,0.0,4.0,0
25107771,EMEIEF BOA VISTA,2515302,Sapé,2,3,1.0,0.0,0.0,0.0,1.0,1.0,1.0,1.0,0.0,0.0,0.0,0.0,0.0,0
25108433,EMEIEF PADRE GINO,2515302,Sapé,2,3,1.0,0.0,0.0,0.0,1.0,1.0,1.0,1.0,0.0,0.0,0.0,0.0,0.0,0
25108549,ESCOLINHA PEQUENO POLEGAR,2515302,Sapé,1,4,0.0,0.0,0.0,0.0,1.0,0.0,1.0,1.0,0.0,0.0,0.0,0.0,2.0,0
25112767,EMEIEF 21 DE ABRIL,2515302,Sapé,2,3,1.0,0.0,0.0,0.0,1.0,1.0,1.0,1.0,1.0,0.0,0.0,0.0,1.0,0
25113160,EMEIEF MARIA EUNICE FERREIRA,2515302,Sapé,2,3,0.0,0.0,0.0,0.0,1.0,1.0,1.0,0.0,0.0,0.0,0.0,0.0,0.0,0
25113640,EMEIEF IRMA CATTERINA GIRALDO,2515302,Sapé,1,3,0.0,0.0,0.0,0.0,1.0,1.0,1.0,1.0,0.0,0.0,0.0,0.0,0.0,0
25114360,EDUCANDARIO AFONSO JUNIOR,2515302,Sapé,1,4,0.0,0.0,0.0,0.0,1.0,0.0,1.0,1.0,0.0,0.0,0.0,0.0,6.0,0
25124226,EMEIEF NOVA VIVENCIA,2515302,Sapé,2,3,1.0,0.0,0.0,0.0,1.0,1.0,1.0,1.0,1.0,0.0,0.0,0.0,0.0,0
25124269,EMEIEF EMILIA CAVALCANTE DE MORAIS,2515302,Sapé,2,3,0.0,0.0,0.0,0.0,1.0,1.0,1.0,1.0,1.0,0.0,0.0,0.0,1.0,0
25124480,ESCOLINHA PEQUENO SABIO,2515302,Sapé,1,4,0.0,0.0,0.0,0.0,1.0,0.0,1.0,1.0,1.0,0.0,0.0,0.0,4.0,2.8
25124552,EDUCANDARIO ABC DOS BAIXINHOS,2515302,Sapé,1,4,0.0,0.0,0.0,0.0,1.0,0.0,1.0,1.0,0.0,0.0,0.0,0.0,2.0,0
25125320,EDUCANDARIO COMECINHO DE VIDA,2515302,Sapé,1,4,0.0,0.0,0.0,0.0,1.0,0.0,1.0,1.0,0.0,0.0,0.0,0.0,0.0,0
25125354,CENTRO EDUCACIONAL DE MARIA,2515302,Sapé,1,4,0.0,0.0,0.0,0.0,1.0,0.0,1.0,0.0,0.0,0.0,0.0,0.0,0.0,0
25128086,ESCOLA GENTE PEQUENA,2515302,Sapé,1,4,0.0,0.0,0.0,0.0,1.0,0.0,1.0,1.0,0.0,0.0,0.0,0.0,0.0,0
25130684,INSTITUTO EDUC LTDA,2515302,Sapé,1,4,0.0,0.0,0.0,0.0,1.0,0.0,1.0,1.0,1.0,0.0,0.0,0.0,6.0,0
25130935,ESCOLINHA PARTICULAR NOSSA SENHORA DA LUZ,2515302,Sapé,1,4,0.0,0.0,0.0,0.0,1.0,0.0,1.0,1.0,1.0,0.0,0.0,0.0,0.0,0
25132024,ESCOLA EDUCANDO PARA O FUTURO,2515302,Sapé,1,4,0.0,0.0,0.0,0.0,1.0,0.0,1.0,1.0,0.0,0.0,0.0,0.0,8.0,1.3
25133055,EMEIEF PEDRAS,2515302,Sapé,2,3,0.0,0.0,0.0,0.0,1.0,1.0,1.0,1.0,0.0,0.0,0.0,0.0,0.0,0
25134124,EDUCANDARIO FONTE DO SABER,2515302,Sapé,1,4,0.0,0.0,0.0,0.0,0.0,0.0,1.0,1.0,0.0,0.0,0.0,0.0,0.0,0
25134760,INSTITUTO EDUCACIONAL TIA LEU,2515302,Sapé,1,4,0.0,0.0,0.0,0.0,1.0,0.0,1.0,1.0,0.0,0.0,0.0,0.0,3.0,0
25135406,COLEGIO E CURSO ALBERT EINSTEIN,2515302,Sapé,1,4,0.0,0.0,0.0,0.0,1.0,0.0,1.0,1.0,1.0,0.0,1.0,0.0,13.0,0
25198807,CENTRO EDUCACIONAL SANTA CECILIA,2515302,Sapé,1,4,0.0,0.0,0.0,0.0,1.0,0.0,1.0,1.0,1.0,0.0,0.0,1.0,0.0,0
25297929,INSTITUTO EDUCACIONAL AURELINHO,2515302,Sapé,1,4,0.0,0.0,0.0,0.0,1.0,0.0,1.0,1.0,0.0,0.0,0.0,0.0,3.0,0
25298933,EDUCANDARIO PEQUENO DOUTOR,2515302,Sapé,1,4,0.0,0.0,0.0,0.0,1.0,0.0,1.0,1.0,1.0,0.0,0.0,1.0,3.0,0
25312928,EDUCANDARIO CIRANDA CIRANDINHA,2515302,Sapé,1,4,0.0,0.0,0.0,0.0,1.0,0.0,1.0,1.0,0.0,0.0,0.0,0.0,2.0,0
25044095,EMEF HENRIQUE CORDEIRO,2515401,São Vicente do Seridó,2,3,0.0,0.0,0.0,0.0,1.0,1.0,1.0,1.0,0.0,0.0,0.0,0.0,0.0,0
25044125,EMEF MANOEL CORDEIRO,2515401,São Vicente do Seridó,1,3,0.0,0.0,0.0,0.0,1.0,1.0,1.0,1.0,0.0,0.0,0.0,0.0,0.0,0
25044192,EMEFM RAIMUNDO ASFORA,2515401,São Vicente do Seridó,1,3,0.0,0.0,0.0,0.0,1.0,1.0,1.0,1.0,0.0,0.0,0.0,0.0,0.0,--
25044206,EMEF JOSE MARTINS DE OLIVEIRA,2515401,São Vicente do Seridó,2,3,0.0,0.0,0.0,0.0,1.0,1.0,1.0,1.0,0.0,0.0,0.0,0.0,0.0,0
25129473,ESCOLA MUNICIPAL ALZIRA XAVIER DAS NEVES,2515401,São Vicente do Seridó,1,3,0.0,0.0,0.0,0.0,1.0,1.0,1.0,1.0,0.0,0.0,0.0,0.0,0.0,0
25043854,EMEF CICERO DOS ANJOS,2515401,São Vicente do Seridó,1,3,0.0,0.0,0.0,0.0,1.0,1.0,1.0,1.0,1.0,0.0,0.0,0.0,4.0,0
25043870,EEEF MARIA FRANCINETE DE SOUZA,2515401,São Vicente do Seridó,1,2,0.0,0.0,0.0,0.0,1.0,1.0,1.0,1.0,1.0,1.0,1.0,0.0,0.0,--
25043897,ECIT CICERO DOS ANJOS,2515401,São Vicente do Seridó,1,2,0.0,0.0,0.0,0.0,1.0,1.0,1.0,1.0,1.0,1.0,1.0,0.0,9.0,--
25043935,EMEF DAMIAO ZELO DE GOUVEIA,2515401,São Vicente do Seridó,1,3,0.0,0.0,0.0,0.0,1.0,1.0,1.0,1.0,1.0,0.0,1.0,0.0,3.0,--
25044117,EMEF JOAO BARTOLOMEU GONCALVES,2515401,São Vicente do Seridó,2,3,0.0,0.0,0.0,0.0,1.0,1.0,1.0,1.0,1.0,0.0,0.0,0.0,1.0,0
25044281,EMEF ANTONIO LOURENCO DA SILVA,2515401,São Vicente do Seridó,2,3,0.0,0.0,0.0,0.0,1.0,1.0,1.0,1.0,0.0,0.0,0.0,0.0,0.0,0
25044290,EMEF FIRMINO PEREIRA,2515401,São Vicente do Seridó,2,3,0.0,0.0,0.0,0.0,1.0,1.0,1.0,1.0,1.0,0.0,0.0,0.0,0.0,0
25044338,EMEF SAO LUIS,2515401,São Vicente do Seridó,2,3,0.0,0.0,0.0,0.0,1.0,1.0,1.0,1.0,1.0,0.0,0.0,0.0,0.0,0
25129333,CENTRO EDUCACIONAL MARIA FRANCINETE DE SOUSA,2515401,São Vicente do Seridó,1,4,0.0,0.0,0.0,0.0,1.0,0.0,1.0,1.0,0.0,0.0,0.0,0.0,1.0,0
25134469,EMEIEF RICARDO ALVES DA SILVA,2515401,São Vicente do Seridó,2,3,0.0,0.0,0.0,0.0,1.0,1.0,1.0,1.0,0.0,0.0,0.0,0.0,0.0,0
25048848,EEEF VASCONCELOS BRANDAO,2515500,Serra Branca,1,2,0.0,0.0,0.0,0.0,1.0,1.0,1.0,1.0,1.0,0.0,0.0,0.0,4.0,--
25048880,EEEM SENADOR JOSE GAUDENCIO,2515500,Serra Branca,1,2,0.0,0.0,0.0,0.0,1.0,1.0,1.0,1.0,1.0,1.0,1.0,0.0,0.0,--
25049119,EMEIEF CONEGO JOAO MARQUES PEREIRA,2515500,Serra Branca,1,3,0.0,0.0,0.0,0.0,1.0,1.0,1.0,1.0,1.0,0.0,0.0,0.0,17.0,0
25049259,EMEIEF ANA DE QUEIROZ TORREAO,2515500,Serra Branca,1,3,0.0,0.0,0.0,0.0,1.0,1.0,1.0,1.0,1.0,0.0,0.0,0.0,0.0,0
25049275,EMEIEF JOAQUIM DIAS BORBA,2515500,Serra Branca,1,3,0.0,0.0,0.0,0.0,1.0,1.0,1.0,1.0,1.0,0.0,0.0,0.0,1.0,0
25049283,EMEIEF JOSE ROMAO DE JESUS,2515500,Serra Branca,2,3,0.0,0.0,0.0,0.0,1.0,1.0,1.0,1.0,0.0,0.0,0.0,0.0,0.0,0
25049739,UMEIEF LUIZ MARIANO DE ARAUJO,2515500,Serra Branca,2,3,0.0,0.0,0.0,0.0,1.0,1.0,1.0,1.0,0.0,0.0,0.0,0.0,0.0,0
25112554,EMEIEF AMARA PAULINO,2515500,Serra Branca,1,3,0.0,0.0,0.0,0.0,1.0,1.0,1.0,1.0,0.0,0.0,0.0,0.0,0.0,0
25121081,EEIF SOSSEGO DA MAMAE,2515500,Serra Branca,1,4,0.0,0.0,0.0,0.0,1.0,0.0,1.0,1.0,1.0,0.0,0.0,0.0,0.0,0
25121626,ESCOLA ENSINO FUNDAMENTAL I E II ALEGRIA DE SABER,2515500,Serra Branca,1,4,0.0,0.0,0.0,0.0,1.0,0.0,1.0,1.0,1.0,0.0,0.0,0.0,0.0,0
25121634,INST EDUC SEMENTE DO AMANHA,2515500,Serra Branca,1,4,0.0,0.0,0.0,0.0,1.0,0.0,1.0,1.0,1.0,0.0,0.0,0.0,0.0,0
25121642,INSTITUTO EDUCACIONAL CASTELO ENCANTADO,2515500,Serra Branca,1,4,0.0,0.0,0.0,0.0,1.0,0.0,1.0,1.0,1.0,0.0,0.0,1.0,0.0,0
25130110,ECIT SERRA BRANCA INACIO ANTONINO,2515500,Serra Branca,1,2,3.0,0.0,0.0,0.0,1.0,1.0,1.0,1.0,1.0,1.0,1.0,0.0,9.0,--
25132237,CENTRO EDUCACIONAL ARTE DO ABC,2515500,Serra Branca,1,4,0.0,0.0,0.0,0.0,1.0,0.0,1.0,1.0,1.0,0.0,0.0,0.0,0.0,0
25048775,EEEFM MARIA BALBINA PEREIRA,2515500,Serra Branca,1,2,0.0,0.0,0.0,0.0,1.0,1.0,1.0,1.0,1.0,1.0,0.0,1.0,0.0,--
25049062,EMEIEF AMARA CAVALCANTE WANDERLEI,2515500,Serra Branca,1,3,0.0,0.0,0.0,0.0,1.0,1.0,1.0,1.0,0.0,0.0,0.0,0.0,2.0,0
25049488,ESC MUN MANOEL DUARTE DA SILVA,2515500,Serra Branca,1,3,0.0,0.0,0.0,0.0,1.0,1.0,1.0,1.0,1.0,0.0,0.0,1.0,5.0,0
25070576,ECIT MARIA JOSE MIRANDA BURITY,2515609,Serra da Raiz,1,2,0.0,0.0,0.0,0.0,1.0,1.0,1.0,0.0,1.0,1.0,1.0,0.0,0.0,--
25070584,EEEF PADRE EMIDIO FERNANDES,2515609,Serra da Raiz,1,2,0.0,0.0,0.0,0.0,1.0,1.0,1.0,1.0,1.0,0.0,0.0,0.0,0.0,--
25070592,EMEF JOAO NEPOMUCENO DE OLIVEIRA,2515609,Serra da Raiz,1,3,0.0,0.0,0.0,0.0,1.0,1.0,1.0,1.0,0.0,0.0,0.0,0.0,4.0,--
25070606,ESC MUN DE ENS FUND JOAQUIM MENEZES,2515609,Serra da Raiz,2,3,0.0,0.0,0.0,0.0,1.0,1.0,1.0,1.0,0.0,0.0,0.0,1.0,0.0,0
25070614,ESC MUN MARIA ALVES DE LIMA,2515609,Serra da Raiz,2,3,0.0,0.0,0.0,0.0,1.0,1.0,1.0,1.0,0.0,0.0,0.0,0.0,0.0,0
25070649,ESC MUN DE ENS FUND SANTA LUCIA,2515609,Serra da Raiz,2,3,0.0,0.0,0.0,0.0,1.0,1.0,1.0,1.0,0.0,0.0,0.0,1.0,0.0,0
25070665,ESC MUN DE ENS FUND SANTO ANTONIO,2515609,Serra da Raiz,2,3,0.0,0.0,0.0,0.0,1.0,1.0,1.0,1.0,0.0,0.0,0.0,0.0,0.0,0
25132490,EMEF DEPUTADO ROMULO JOSE GOUVEIA,2515609,Serra da Raiz,1,3,0.0,0.0,0.0,0.0,1.0,1.0,1.0,1.0,1.0,0.0,0.0,0.0,7.0,0
25134949,ESCOLA DE EDUCACAO INFANTIL MARIA DO SOCORRO DUARTE DE OLIVEIRA,2515609,Serra da Raiz,1,3,0.0,0.0,0.0,0.0,1.0,1.0,1.0,1.0,1.0,0.0,0.0,0.0,4.0,0
25032950,EMEF ACADEMICO FRANCISCO VIDAL DE MOURA,2515708,Serra Grande,1,3,0.0,0.0,0.0,0.0,1.0,1.0,1.0,1.0,0.0,0.0,1.0,0.0,9.0,0
25032968,ECI PROFESSOR JOSEFA JUSTINO GOMES,2515708,Serra Grande,1,2,0.0,0.0,0.0,0.0,0.0,1.0,1.0,1.0,0.0,0.0,0.0,1.0,5.0,--
25033050,EMEF MUL JOAQUIM LUIZ PEREIRA,2515708,Serra Grande,2,3,0.0,0.0,0.0,0.0,1.0,1.0,1.0,1.0,0.0,0.0,0.0,1.0,1.0,0
25033077,EMEF JOSE RODRIGUES DO NASCIMENTO,2515708,Serra Grande,2,3,0.0,0.0,0.0,0.0,1.0,1.0,1.0,1.0,0.0,0.0,0.0,1.0,2.0,0
25033107,EMEF MANOEL VENCESLAU DIAS,2515708,Serra Grande,2,3,0.0,0.0,0.0,0.0,1.0,1.0,0.0,1.0,0.0,0.0,0.0,1.0,2.0,0
25080016,ECIT DOM ADAUTO,2515807,Serra Redonda,1,2,0.0,0.0,0.0,0.0,1.0,1.0,1.0,1.0,1.0,1.0,1.0,0.0,0.0,--
25080040,GRUPO ESCOLAR ANTONIO BENTO DA SILVA,2515807,Serra Redonda,2,3,0.0,0.0,0.0,0.0,1.0,1.0,1.0,1.0,1.0,0.0,0.0,1.0,0.0,0
25080075,GR ESC OLINTO GONCALVES DA ROCHA,2515807,Serra Redonda,2,3,0.0,0.0,0.0,0.0,1.0,1.0,1.0,1.0,0.0,0.0,0.0,1.0,0.0,0
25080083,GR ESC SEVERINO BERNARDO MARINHO,2515807,Serra Redonda,2,3,0.0,0.0,0.0,0.0,1.0,1.0,1.0,1.0,0.0,0.0,0.0,0.0,0.0,0
25080091,GR ESC MANOEL AIRES CORREIA,2515807,Serra Redonda,2,3,0.0,0.0,0.0,0.0,1.0,1.0,1.0,1.0,0.0,0.0,0.0,0.0,0.0,0
25080121,GR ESC EDUARDO MEDEIROS,2515807,Serra Redonda,1,3,0.0,0.0,0.0,0.0,1.0,1.0,1.0,1.0,1.0,0.0,0.0,0.0,0.0,0
25080130,GR ESC FREI BENJAMIM,2515807,Serra Redonda,2,3,3.0,0.0,0.0,0.0,1.0,1.0,1.0,0.0,0.0,0.0,0.0,0.0,0.0,0
25080164,GR ESC JOAQUIM C DE ALBUQUERQUE,2515807,Serra Redonda,2,3,0.0,0.0,0.0,0.0,1.0,1.0,1.0,1.0,1.0,0.0,0.0,0.0,0.0,0
25080172,GR ESC JOSE LINS DO REGO,2515807,Serra Redonda,2,3,0.0,0.0,0.0,0.0,1.0,1.0,1.0,1.0,0.0,0.0,0.0,1.0,0.0,0
25080199,GR ESC PE JOAO BATISTA,2515807,Serra Redonda,2,3,0.0,0.0,0.0,0.0,1.0,1.0,1.0,1.0,0.0,0.0,0.0,1.0,0.0,0
25080202,GR ESC PEDRO CALIXTO DE A GRANJA,2515807,Serra Redonda,2,3,0.0,0.0,0.0,0.0,1.0,1.0,1.0,1.0,0.0,0.0,0.0,1.0,0.0,0
25080229,GR ESC SENADOR RUY CARNEIRO,2515807,Serra Redonda,1,3,0.0,0.0,0.0,0.0,1.0,1.0,1.0,1.0,1.0,0.0,0.0,0.0,0.0,0
25080237,GR ESC SEVERINO AIRES CORREIA,2515807,Serra Redonda,2,3,0.0,0.0,0.0,0.0,1.0,1.0,1.0,1.0,0.0,0.0,0.0,1.0,0.0,0
25124854,INSTITUTO EDUCACIONAL PADRE JOAO - INSEPE,2515807,Serra Redonda,1,4,0.0,0.0,0.0,0.0,1.0,0.0,1.0,1.0,0.0,0.0,0.0,0.0,0.0,0
25129430,INSTITUTO EDUCACIONAL CONSTRUINDO CIDADAOS,2515807,Serra Redonda,1,4,0.0,0.0,0.0,0.0,1.0,0.0,1.0,1.0,1.0,0.0,0.0,0.0,0.0,0
25066013,ECI ANTONIO BENTO,2515906,Serraria,1,2,0.0,0.0,0.0,0.0,0.0,1.0,1.0,0.0,0.0,0.0,0.0,1.0,0.0,--
25066188,EMEIF NOEMIA CARVALHO,2515906,Serraria,2,3,0.0,0.0,0.0,0.0,1.0,1.0,1.0,1.0,1.0,0.0,0.0,0.0,0.0,0
25066293,EMEIF PROFESSOR CLOVIS DOS SANTOS LIMA,2515906,Serraria,1,3,0.0,0.0,0.0,0.0,1.0,1.0,1.0,1.0,1.0,0.0,1.0,0.0,9.0,0
25068148,EMEF ONALDINA TEIXEIRA,2515930,Sertãozinho,2,3,0.0,0.0,0.0,0.0,1.0,1.0,1.0,1.0,0.0,0.0,0.0,0.0,0.0,0
25068199,EMEF PERILO DE OLIVEIRA VIANA,2515930,Sertãozinho,2,3,0.0,0.0,0.0,0.0,1.0,1.0,1.0,1.0,0.0,0.0,0.0,0.0,0.0,0
25068253,EMEF VEREADOR MANOEL COSMO DE OLIVEIRA,2515930,Sertãozinho,2,3,0.0,0.0,0.0,0.0,1.0,1.0,1.0,1.0,1.0,0.0,0.0,0.0,0.0,0
25068261,E M E F MANOEL VIEIRA FILHO,2515930,Sertãozinho,2,3,0.0,0.0,0.0,0.0,1.0,1.0,1.0,1.0,0.0,0.0,0.0,0.0,0.0,0
25068300,EMEF PROFESSORA NAIDE MAIA,2515930,Sertãozinho,1,3,0.0,0.0,0.0,0.0,1.0,1.0,1.0,1.0,0.0,0.0,0.0,0.0,3.0,0
25068318,E M E F JOSE SOARES DE SENA,2515930,Sertãozinho,2,3,0.0,0.0,0.0,0.0,1.0,1.0,1.0,1.0,0.0,0.0,0.0,0.0,0.0,0
25068342,ECI JOAO DE FREITAS MOUZINHO,2515930,Sertãozinho,1,2,0.0,0.0,0.0,0.0,1.0,1.0,1.0,1.0,1.0,1.0,1.0,0.0,7.0,--
25070304,EEEF BELMIRA ARRUDA ALCOFORADO,2515930,Sertãozinho,1,2,0.0,0.0,0.0,0.0,1.0,1.0,1.0,1.0,1.0,0.0,0.0,0.0,0.0,--
25070533,E M E F ULISSES MAURICIO DE PONTES,2515930,Sertãozinho,1,3,0.0,0.0,0.0,0.0,1.0,1.0,1.0,1.0,1.0,0.0,1.0,0.0,9.0,0
25112430,EMEF PROFESSORA MARIA DE LOURDES SILVA,2515930,Sertãozinho,1,3,0.0,0.0,0.0,0.0,1.0,1.0,1.0,1.0,0.0,0.0,1.0,0.0,4.0,0
25089994,EMEIEF JOSEFINA EMILIA FERREIRA,2515971,Sobrado,2,3,0.0,0.0,0.0,0.0,1.0,1.0,1.0,1.0,1.0,0.0,1.0,0.0,5.0,0
25090003,EMEIEF JULIO INACIO FERREIRA,2515971,Sobrado,2,3,0.0,0.0,0.0,0.0,1.0,1.0,1.0,1.0,1.0,0.0,1.0,0.0,4.0,0
25090062,EMEIEF JOAQUIM CLEMENTINO TAVARES,2515971,Sobrado,2,3,0.0,0.0,0.0,0.0,1.0,1.0,1.0,1.0,1.0,0.0,1.0,0.0,4.0,0
25090291,EMEIEF FRANCISCO LUIS DA SILVA,2515971,Sobrado,2,3,0.0,0.0,0.0,0.0,1.0,1.0,1.0,1.0,1.0,0.0,1.0,0.0,2.0,0
25090305,EMEIEF JOAO JOAQUIM DE CASTRO,2515971,Sobrado,2,3,0.0,0.0,0.0,0.0,1.0,1.0,1.0,1.0,0.0,0.0,0.0,0.0,3.0,0
25090356,EMEIEF JOSE MARINHO FALCAO,2515971,Sobrado,2,3,0.0,0.0,0.0,0.0,1.0,1.0,1.0,1.0,1.0,0.0,0.0,0.0,5.0,1.9
25090470,EMEIEF ANTONIO RAMOS,2515971,Sobrado,2,3,0.0,0.0,0.0,0.0,1.0,1.0,1.0,1.0,0.0,0.0,0.0,0.0,2.0,0
25090488,EMEIEF CANDIDA EMILIA DA ROCHA,2515971,Sobrado,2,3,0.0,0.0,0.0,0.0,1.0,1.0,1.0,1.0,1.0,0.0,1.0,0.0,3.0,0
25090577,EMEIEF JULIO FELICIANO,2515971,Sobrado,2,3,0.0,0.0,0.0,0.0,1.0,1.0,1.0,1.0,1.0,0.0,0.0,0.0,3.0,0
25090682,EMEIEF JOSE ANTONIO DE OLIVEIRA,2515971,Sobrado,1,3,0.0,0.0,0.0,0.0,1.0,1.0,1.0,1.0,1.0,0.0,0.0,0.0,4.0,0
25107739,EMEIEF SEVERINO DANTAS,2515971,Sobrado,2,3,0.0,0.0,0.0,0.0,1.0,1.0,1.0,1.0,0.0,0.0,0.0,0.0,2.0,0
25113771,EMEF JOAQUIM BRAZ PEREIRA,2515971,Sobrado,1,3,0.0,0.0,0.0,0.0,1.0,1.0,1.0,1.0,1.0,0.0,1.0,0.0,8.0,--
25122401,ECI SEVERINA RAMOS DE OLIVEIRA,2515971,Sobrado,1,2,0.0,0.0,0.0,0.0,0.0,1.0,1.0,0.0,0.0,0.0,0.0,1.0,8.0,--
25127926,ESCOLA MUNICIPAL DE ENSINO FUND PROF BERENICE SOARES MONTEIRO,2515971,Sobrado,1,3,0.0,0.0,0.0,0.0,1.0,1.0,1.0,1.0,1.0,0.0,1.0,0.0,4.0,--
25060295,EMEF JOSE PEREIRA DA CRUZ,2516003,Solânea,2,3,0.0,0.0,0.0,0.0,1.0,1.0,1.0,1.0,0.0,0.0,0.0,0.0,0.0,0
25060317,EMEF DR EVANDRO SOARES,2516003,Solânea,1,3,0.0,0.0,0.0,0.0,1.0,1.0,1.0,1.0,1.0,0.0,0.0,0.0,8.0,0
25060325,COL MONTEIRO LOBATO,2516003,Solânea,1,4,0.0,0.0,0.0,0.0,1.0,0.0,1.0,1.0,0.0,0.0,0.0,0.0,0.0,0
25060368,EDUCANDARIO SEDE DO SABER,2516003,Solânea,1,4,0.0,0.0,0.0,0.0,1.0,0.0,1.0,1.0,0.0,0.0,0.0,1.0,0.0,0
25060376,ECIT ALFREDO PESSOA DE LIMA,2516003,Solânea,1,2,0.0,0.0,0.0,0.0,0.0,1.0,1.0,1.0,0.0,0.0,0.0,1.0,12.0,--
25060384,EEEFM CELSO CIRNE,2516003,Solânea,1,2,0.0,0.0,0.0,0.0,1.0,1.0,1.0,1.0,1.0,0.0,0.0,0.0,0.0,--
25060392,EEEF PADRE GERALDO DA S PINTO,2516003,Solânea,1,2,0.0,0.0,0.0,0.0,0.0,1.0,1.0,0.0,1.0,1.0,1.0,1.0,4.0,--
25060406,EEEM ARLINDO RAMALHO,2516003,Solânea,1,2,0.0,0.0,0.0,0.0,0.0,1.0,1.0,0.0,0.0,0.0,0.0,1.0,8.0,--
25060422,EMEF MINISTRO JOSE AMERICO ALMEIDA,2516003,Solânea,1,3,0.0,0.0,0.0,0.0,1.0,1.0,1.0,1.0,1.0,0.0,0.0,0.0,0.0,0
25060490,ESC MUL CAPIVARA II,2516003,Solânea,2,3,0.0,0.0,0.0,0.0,1.0,1.0,1.0,1.0,1.0,0.0,0.0,0.0,0.0,0
25060635,EMEF ADELAIDE GRACINDO,2516003,Solânea,1,3,0.0,0.0,0.0,0.0,1.0,1.0,1.0,1.0,1.0,0.0,0.0,0.0,6.0,0
25060643,UNIDADE ESCOLAR JOAO SOARES DA COSTA,2516003,Solânea,2,3,0.0,0.0,0.0,0.0,1.0,1.0,1.0,1.0,0.0,0.0,0.0,0.0,0.0,0
25060651,EMEF ERNESTINA PINTO,2516003,Solânea,1,3,0.0,0.0,0.0,0.0,1.0,1.0,1.0,1.0,1.0,0.0,0.0,0.0,9.0,0
25060678,EMEF INACIO ANTONIO MANCO,2516003,Solânea,2,3,0.0,0.0,0.0,0.0,1.0,1.0,1.0,1.0,0.0,0.0,0.0,1.0,0.0,0
25060724,EMEF PE IBIAPINA,2516003,Solânea,2,3,0.0,0.0,0.0,0.0,1.0,1.0,1.0,1.0,0.0,0.0,0.0,0.0,6.0,0
25060740,GR MUL SACO DOS CAMPOS,2516003,Solânea,2,3,0.0,0.0,0.0,0.0,1.0,1.0,1.0,1.0,0.0,0.0,0.0,1.0,0.0,0
25060759,JD DE INFANCIA LOBINHO,2516003,Solânea,1,3,0.0,0.0,0.0,0.0,1.0,1.0,1.0,1.0,0.0,0.0,0.0,0.0,6.0,0
25060767,EMEF PROFª TELMA DA SILVA,2516003,Solânea,1,3,0.0,0.0,0.0,0.0,1.0,1.0,1.0,1.0,0.0,0.0,0.0,0.0,0.0,0
25060864,EMEF ANTONIO DA COSTA SOUTO,2516003,Solânea,1,3,0.0,0.0,0.0,0.0,1.0,1.0,1.0,1.0,1.0,0.0,0.0,0.0,4.0,0
25060910,EMEF PROFª MARIA DO LIVRAMENTO LIMA E MEDEIROS,2516003,Solânea,2,3,0.0,0.0,0.0,0.0,1.0,1.0,1.0,1.0,0.0,0.0,0.0,0.0,0.0,0
25060929,EMEF SANTIAGO CHIANCA,2516003,Solânea,2,3,0.0,0.0,0.0,0.0,1.0,1.0,1.0,1.0,0.0,0.0,0.0,0.0,0.0,0
25060937,EMEF SONIA ELIANE,2516003,Solânea,1,3,0.0,0.0,0.0,0.0,1.0,1.0,1.0,1.0,1.0,0.0,0.0,0.0,7.0,0
25107526,ESCOLINHA PINOQUIO,2516003,Solânea,1,4,0.0,0.0,0.0,0.0,1.0,0.0,1.0,1.0,1.0,0.0,0.0,1.0,0.0,0
25107534,CENTRO EDUCACIONAL CANTINHO DA ALEGRIA,2516003,Solânea,1,4,0.0,0.0,0.0,0.0,1.0,0.0,1.0,1.0,1.0,0.0,0.0,1.0,2.0,0
25118820,EMEF JOSE MENINO DE OLIVEIRA,2516003,Solânea,1,3,0.0,0.0,0.0,0.0,1.0,1.0,1.0,1.0,1.0,0.0,0.0,0.0,12.0,--
25126130,CENTRO EDUCACIONAL PINTANDO O 7,2516003,Solânea,1,4,0.0,0.0,0.0,0.0,1.0,0.0,1.0,1.0,1.0,0.0,0.0,0.0,0.0,0
25129643,INSTITUTO EDUCACIONAL ADONAI,2516003,Solânea,1,4,0.0,0.0,0.0,0.0,1.0,0.0,1.0,1.0,1.0,0.0,0.0,0.0,6.0,0
25134000,COLEGIO SANTO ANTONIO,2516003,Solânea,1,4,0.0,0.0,0.0,0.0,1.0,1.0,1.0,1.0,1.0,0.0,0.0,0.0,12.0,0.9
25134159,EDUCANDARIO PEQUENO POLEGAR,2516003,Solânea,1,4,0.0,0.0,0.0,0.0,1.0,0.0,1.0,1.0,0.0,0.0,0.0,0.0,0.0,0
25134850,ESCOLA CRISTA LETRA E VIDA,2516003,Solânea,1,4,0.0,0.0,0.0,0.0,1.0,0.0,1.0,1.0,1.0,0.0,0.0,0.0,0.0,--
25058304,ECIT DOUTOR TRAJANO NOBREGA,2516102,Soledade,1,2,0.0,0.0,0.0,0.0,1.0,1.0,1.0,1.0,1.0,0.0,1.0,0.0,12.0,--
25058371,EEEM PADRE JOSE ANTONIO MARIA IBIAPINA,2516102,Soledade,1,2,0.0,0.0,0.0,0.0,1.0,1.0,1.0,1.0,1.0,0.0,0.0,0.0,0.0,--
25058428,ESC MUL ANTONIO HENRIQUE DE GOUVEIA,2516102,Soledade,2,3,0.0,0.0,0.0,0.0,1.0,1.0,1.0,1.0,0.0,0.0,0.0,1.0,0.0,0
25058533,ESC MUL JANUARIO GONCALVES DA SILVA,2516102,Soledade,2,3,0.0,0.0,0.0,0.0,1.0,1.0,1.0,1.0,1.0,0.0,0.0,0.0,0.0,0
25058550,ESC MUL JOAO PAULO,2516102,Soledade,2,3,0.0,0.0,0.0,0.0,1.0,1.0,1.0,1.0,0.0,0.0,0.0,0.0,0.0,0
25058606,ESC MUL JOSE DA COSTA LIMA,2516102,Soledade,2,3,0.0,0.0,0.0,0.0,1.0,1.0,1.0,1.0,1.0,0.0,0.0,0.0,0.0,0
25058681,ESCOLA MUNICIPAL JUVINA DE OLIVEIRA MONTEIRO,2516102,Soledade,1,3,0.0,0.0,0.0,0.0,1.0,1.0,1.0,1.0,0.0,0.0,0.0,0.0,6.0,0
25058738,EMEF MARIA LUCIA MATIAS DE OLIVEIRA,2516102,Soledade,1,3,0.0,0.0,0.0,0.0,1.0,1.0,1.0,1.0,1.0,0.0,0.0,0.0,12.0,0
25058770,EMEF PROF LUIZ GONZAGA BURITY,2516102,Soledade,1,3,0.0,0.0,0.0,0.0,1.0,1.0,1.0,1.0,1.0,0.0,0.0,0.0,17.0,--
25058797,EMEF PROFª MARIA DO CARMO ARAUJO SOUTO,2516102,Soledade,1,3,0.0,0.0,0.0,0.0,1.0,1.0,1.0,1.0,1.0,0.0,0.0,0.0,9.0,0
25127217,COLEGIO DINAMICO IBIAPINOPOLIS,2516102,Soledade,1,4,0.0,0.0,0.0,0.0,1.0,0.0,1.0,1.0,1.0,0.0,0.0,0.0,0.0,0
25193805,CENTRO EDUCACIONAL ANA LUCIA,2516102,Soledade,1,4,0.0,0.0,0.0,0.0,1.0,0.0,1.0,0.0,1.0,0.0,0.0,1.0,0.0,0
25194801,ESCOLINHA TIA ANDREA,2516102,Soledade,1,4,0.0,0.0,0.0,0.0,1.0,0.0,0.0,1.0,1.0,0.0,0.0,1.0,0.0,0
25056581,ECI JOSE VITORINO DE MEDEIROS,2516151,Sossêgo,1,2,0.0,0.0,0.0,0.0,1.0,1.0,1.0,1.0,1.0,1.0,1.0,0.0,0.0,--
25110438,EMEF MANOEL DELMIRO FERREIRA,2516151,Sossêgo,1,3,0.0,0.0,0.0,0.0,1.0,1.0,1.0,1.0,1.0,0.0,1.0,0.0,12.0,0
25111981,EMEF SEVERINO JULIO DE SOUZA,2516151,Sossêgo,2,3,1.0,0.0,0.0,0.0,1.0,1.0,1.0,1.0,0.0,0.0,0.0,0.0,0.0,0
25112465,EMEF JAILSON OLIVEIRA LIMA,2516151,Sossêgo,2,3,1.0,0.0,0.0,0.0,1.0,1.0,1.0,1.0,1.0,0.0,0.0,0.0,0.0,0
25135279,ESCOLA MUNICIPAL DE ENSINO FUNDAMENTAL JURANEIDE ALVES DA SILVA SANTOS,2516151,Sossêgo,1,3,0.0,0.0,0.0,0.0,1.0,1.0,1.0,1.0,0.0,0.0,0.0,0.0,4.0,0
25017934,COLEGIO MONTEIRO LOBATO LTDA,2516201,Sousa,1,4,0.0,0.0,0.0,0.0,1.0,0.0,1.0,1.0,1.0,1.0,1.0,0.0,18.0,0
25018027,IFPB - CAMPUS SOUSA,2516201,Sousa,1,1,0.0,0.0,0.0,0.0,1.0,1.0,1.0,1.0,1.0,1.0,1.0,0.0,48.0,--
25018060,EEEFM IZIDRA PACIFICO DE ARAUJO,2516201,Sousa,2,2,0.0,0.0,0.0,0.0,1.0,1.0,1.0,1.0,0.0,0.0,0.0,0.0,0.0,--
25018078,EEEFM ANDRE GADELHA,2516201,Sousa,1,2,0.0,0.0,0.0,0.0,1.0,1.0,1.0,1.0,1.0,1.0,1.0,0.0,6.0,--
25018124,EEEF BATISTA LEITE,2516201,Sousa,1,2,0.0,0.0,0.0,0.0,1.0,1.0,1.0,1.0,1.0,0.0,0.0,0.0,11.0,--
25018132,EEEF BENTO FREIRE,2516201,Sousa,1,2,0.0,0.0,0.0,0.0,1.0,1.0,1.0,1.0,1.0,0.0,0.0,0.0,9.0,0
25018140,EEEFM CELSO MARIZ,2516201,Sousa,1,2,0.0,0.0,0.0,0.0,1.0,1.0,1.0,1.0,1.0,1.0,0.0,0.0,3.0,--
25018183,EEEFM ESTEVAM MARINHO,2516201,Sousa,2,2,0.0,0.0,0.0,0.0,1.0,1.0,1.0,1.0,0.0,0.0,0.0,0.0,0.0,--
25018191,EEEFM FRANCISCO CICERO SOBRINHO,2516201,Sousa,2,2,0.0,0.0,0.0,0.0,1.0,1.0,1.0,1.0,1.0,1.0,0.0,0.0,1.0,0
25018221,EEEFM CONEGO JOAO CARTAXO ROLIM,2516201,Sousa,1,2,0.0,0.0,0.0,0.0,1.0,1.0,1.0,1.0,1.0,0.0,0.0,0.0,7.0,--
25018256,EEEF DE DEMONSTRACAO DE SOUSA,2516201,Sousa,1,2,0.0,0.0,0.0,0.0,1.0,1.0,1.0,1.0,1.0,0.0,0.0,0.0,8.0,--
25018264,EEEF JAIME MEIRA FONTES,2516201,Sousa,1,2,0.0,0.0,0.0,0.0,1.0,1.0,1.0,1.0,1.0,0.0,0.0,0.0,4.0,0
25018272,EEEFM PROFESSORA DIONE DINIZ OLIVEIRA DIAS,2516201,Sousa,2,2,0.0,0.0,0.0,0.0,1.0,1.0,1.0,1.0,1.0,0.0,0.0,0.0,0.0,--
25018280,ECIT MESTRE JULIO SARMENTO,2516201,Sousa,1,2,0.0,0.0,0.0,0.0,1.0,1.0,1.0,1.0,1.0,1.0,1.0,0.0,16.0,--
25018388,ESCOLA JOSE DE PAIVA GADELHA SESI,2516201,Sousa,1,4,0.0,0.0,0.0,0.0,1.0,0.0,1.0,1.0,1.0,1.0,1.0,0.0,7.0,--
25018400,EMEF MARIA AURITA DA SILVA,2516201,Sousa,1,3,0.0,0.0,0.0,0.0,1.0,1.0,1.0,1.0,1.0,0.0,0.0,0.0,6.0,0.4
25018485,EMEFM MARIA ESTRELA DE OLIVEIRA,2516201,Sousa,2,3,0.0,0.0,0.0,0.0,1.0,1.0,1.0,1.0,1.0,0.0,0.0,0.0,13.0,0
25018493,EMEF DEGMA LUCIA,2516201,Sousa,2,3,0.0,0.0,0.0,0.0,1.0,1.0,1.0,1.0,1.0,0.0,0.0,1.0,0.0,1.1
25018531,EMEIF FRANCISCO GARCIA DA SILVA,2516201,Sousa,2,3,0.0,0.0,0.0,0.0,1.0,1.0,1.0,1.0,0.0,0.0,0.0,0.0,4.0,0
25018582,EEEM JOSE DE PAIVA GADELHA,2516201,Sousa,1,2,0.0,0.0,0.0,0.0,1.0,1.0,1.0,1.0,1.0,1.0,1.0,0.0,13.0,--
25018590,EMEIEF PAPA PAULO VI,2516201,Sousa,1,3,0.0,0.0,0.0,0.0,1.0,1.0,1.0,1.0,1.0,1.0,1.0,0.0,25.0,0
25018639,EEEFM DOUTOR THOMAZ PIRES,2516201,Sousa,1,2,0.0,0.0,0.0,0.0,1.0,1.0,1.0,1.0,1.0,0.0,0.0,0.0,0.0,--
25018744,CENTRO DE EDUCACAO ESPECIAL INTEGRADA GENY FERREIRA,2516201,Sousa,1,4,0.0,0.0,0.0,0.0,1.0,1.0,1.0,1.0,1.0,0.0,0.0,0.0,12.0,0
25018965,EMEF ALEXANDRE FRANCISCO AMERICO,2516201,Sousa,2,3,0.0,0.0,0.0,0.0,1.0,1.0,1.0,1.0,1.0,0.0,0.0,0.0,0.0,0
25018990,EMEF BATISTA GAMBARRA,2516201,Sousa,1,3,0.0,0.0,0.0,0.0,1.0,1.0,1.0,1.0,0.0,0.0,0.0,0.0,7.0,0
25019015,EMEF FRANCISCO ANTONIO DO NASCIMENTO,2516201,Sousa,2,3,0.0,0.0,0.0,0.0,1.0,1.0,1.0,1.0,0.0,0.0,0.0,1.0,1.0,0
25019066,EMEFM JOSE REIS,2516201,Sousa,1,3,0.0,0.0,0.0,0.0,1.0,1.0,1.0,1.0,1.0,0.0,0.0,1.0,8.0,0
25019074,EMEF MARIA MARQUES DE SOUSA,2516201,Sousa,1,3,0.0,0.0,0.0,0.0,1.0,1.0,1.0,1.0,1.0,0.0,1.0,0.0,12.0,0
25019090,EMEF OTACILIO GOMES DE SA,2516201,Sousa,1,3,0.0,0.0,0.0,0.0,1.0,1.0,1.0,1.0,1.0,0.0,0.0,0.0,8.0,0
25019120,EMEF ROMULO PIRES,2516201,Sousa,1,3,0.0,0.0,0.0,0.0,1.0,1.0,1.0,1.0,1.0,0.0,1.0,0.0,22.0,0
25019147,EMEF SINHA GADELHA,2516201,Sousa,1,3,0.0,0.0,0.0,0.0,1.0,1.0,1.0,1.0,1.0,0.0,0.0,0.0,10.0,0
25019155,EMEF TOZINHO GADELHA,2516201,Sousa,1,3,0.0,0.0,0.0,0.0,1.0,1.0,1.0,1.0,0.0,0.0,1.0,0.0,5.0,0.7
25019201,COLEGIO NOSSA SRA AUXILIADORA,2516201,Sousa,1,4,0.0,0.0,0.0,0.0,1.0,0.0,1.0,1.0,1.0,1.0,1.0,0.0,37.0,0
25019228,EEEFM ANTONIO TEODORO NETO,2516201,Sousa,1,2,0.0,0.0,0.0,0.0,1.0,1.0,1.0,1.0,1.0,0.0,1.0,0.0,7.0,--
25019295,EMEF JOSE ALEXANDRE NASCIMENTO,2516201,Sousa,2,3,0.0,0.0,0.0,0.0,1.0,1.0,1.0,1.0,0.0,0.0,0.0,1.0,0.0,0
25019325,EMEF FRANCISCA DE SOUSA SA,2516201,Sousa,2,3,0.0,0.0,0.0,0.0,1.0,1.0,1.0,1.0,1.0,0.0,0.0,1.0,0.0,0
25019805,EMEF CICERO INACIO DE OLIVEIRA,2516201,Sousa,2,3,0.0,0.0,0.0,0.0,1.0,1.0,1.0,1.0,0.0,0.0,0.0,0.0,0.0,0
25101579,ACAO COLEGIO E CURSO,2516201,Sousa,1,4,0.0,0.0,0.0,0.0,1.0,0.0,1.0,1.0,1.0,1.0,0.0,0.0,32.0,0
25107208,EMEF CLOTARIO DE PAIVA GADELHA,2516201,Sousa,1,3,0.0,0.0,0.0,0.0,1.0,1.0,1.0,1.0,1.0,0.0,1.0,0.0,5.0,0
25111418,EMEF IRMA MARIA IRAIDES HOLANDA LAVOR,2516201,Sousa,1,3,0.0,0.0,0.0,0.0,1.0,1.0,1.0,1.0,1.0,0.0,1.0,0.0,7.0,1.8
25111728,EMEF JOAO BATISTA DO NASCIMENTO,2516201,Sousa,2,3,0.0,0.0,0.0,0.0,1.0,1.0,1.0,1.0,1.0,0.0,0.0,1.0,4.0,0
25124978,COLEGIO CONSTRUINDO VALORES,2516201,Sousa,1,4,0.0,0.0,0.0,0.0,1.0,0.0,1.0,1.0,1.0,0.0,1.0,0.0,6.0,0
25125427,COLEGIO CRESCENDO E APRENDENDO,2516201,Sousa,1,4,0.0,0.0,0.0,0.0,1.0,0.0,1.0,1.0,1.0,0.0,1.0,0.0,7.0,0
25126148,ESCOLINHA SONHO DE CRIANCA LTDA,2516201,Sousa,1,4,0.0,0.0,0.0,0.0,1.0,0.0,1.0,1.0,1.0,0.0,1.0,0.0,8.0,0
25130013,EMEIEF ANTONIO PEREIRA DA SILVA,2516201,Sousa,1,3,0.0,0.0,0.0,0.0,1.0,1.0,1.0,1.0,1.0,0.0,1.0,0.0,25.0,0
25130242,ECIT CHIQUINHO CARTAXO,2516201,Sousa,1,2,0.0,0.0,0.0,0.0,1.0,1.0,1.0,1.0,1.0,1.0,1.0,0.0,12.0,--
25130846,EEEF RENE ALVES RAMALHO,2516201,Sousa,2,2,1.0,0.0,0.0,0.0,1.0,1.0,1.0,1.0,1.0,1.0,0.0,0.0,4.0,0
25132431,EEIF FORMANDO DO SABER LIMITADA,2516201,Sousa,1,4,0.0,0.0,0.0,0.0,1.0,0.0,1.0,1.0,1.0,0.0,0.0,0.0,6.0,0.9
25135368,ESCOLA MUNICIPAL INTEGRAL DE ENSINO FUNDAMENTAL FRANCISCO MENDES BRAGA,2516201,Sousa,1,3,0.0,0.0,0.0,0.0,1.0,1.0,1.0,1.0,1.0,0.0,0.0,0.0,7.0,0
25273922,ESCOLA DE EDUCACAO INFANTIL SAO VICENTE DE PAULA LTDA,2516201,Sousa,1,4,0.0,0.0,0.0,0.0,1.0,0.0,1.0,1.0,0.0,0.0,0.0,0.0,0.0,0
25049496,ECIT JOSE GONCALVES DE QUEIROZ,2516300,Sumé,1,2,0.0,0.0,0.0,0.0,1.0,1.0,1.0,1.0,1.0,1.0,1.0,0.0,0.0,--
25049631,UMEF PADRE PAULO ROBERTO DE OLIVEIRA,2516300,Sumé,1,3,0.0,0.0,0.0,0.0,1.0,1.0,1.0,1.0,1.0,0.0,0.0,0.0,2.0,--
25049810,UMEIEF GONCALA RODRIGUES DE FREITAS,2516300,Sumé,1,3,0.0,0.0,0.0,0.0,1.0,1.0,1.0,1.0,0.0,0.0,0.0,0.0,4.0,0
25050125,UMEIEF JOAO DE SOUSA,2516300,Sumé,2,3,0.0,0.0,0.0,0.0,1.0,1.0,1.0,1.0,0.0,0.0,0.0,0.0,4.0,0
25050222,UMEIEF MANOEL INACIO DA SILVA,2516300,Sumé,2,3,0.0,0.0,0.0,0.0,1.0,1.0,1.0,1.0,1.0,0.0,0.0,0.0,4.0,0
25050249,UMEIEF MARIA LEITE RAFAEL,2516300,Sumé,1,3,0.0,0.0,0.0,0.0,1.0,1.0,1.0,1.0,1.0,0.0,0.0,0.0,14.0,0
25050303,UMEIEF PROFESSORA ZELIA BRAZ,2516300,Sumé,1,3,0.0,0.0,0.0,0.0,1.0,1.0,1.0,1.0,0.0,0.0,0.0,0.0,7.0,0
25105370,CENTRO EDUCACIONAL JOAO PAULO II,2516300,Sumé,1,4,0.0,0.0,0.0,0.0,1.0,0.0,1.0,1.0,1.0,0.0,0.0,0.0,2.0,0
25111353,ESCOLA AGROTECNICA DEPUTADO EVALDO GONCALVES DE QUEIROZ,2516300,Sumé,1,3,0.0,0.0,0.0,0.0,1.0,1.0,1.0,1.0,1.0,0.0,0.0,0.0,1.0,--
25112139,INSTITUTO EDUCACIONAL IMACULADA CONCEICAO,2516300,Sumé,1,4,0.0,0.0,0.0,0.0,1.0,0.0,1.0,1.0,1.0,1.0,0.0,0.0,6.0,--
25127144,INSTITUTO EDUCACIONAL PAI ETERNO,2516300,Sumé,1,4,0.0,0.0,0.0,0.0,1.0,0.0,1.0,1.0,1.0,0.0,0.0,0.0,11.0,0
25050370,UMEIEF JOSE BONIFACIO BARBOSA DE ANDRADE,2516300,Sumé,2,3,0.0,0.0,0.0,0.0,1.0,1.0,1.0,1.0,1.0,0.0,0.0,0.0,8.0,0
25060996,ECI DOUTOR TERCILIO TEIXEIRA DA CRUZ,2516409,Tacima,1,2,0.0,0.0,0.0,0.0,0.0,1.0,1.0,0.0,0.0,0.0,0.0,1.0,0.0,--
25061003,EEEFM PEDRO TARGINO,2516409,Tacima,1,2,0.0,0.0,0.0,0.0,0.0,1.0,1.0,0.0,0.0,0.0,0.0,1.0,2.0,--
25061097,EMEF EUGENIA AMERICO DE LIMA,2516409,Tacima,2,3,0.0,0.0,0.0,0.0,1.0,1.0,1.0,1.0,0.0,0.0,0.0,1.0,0.0,0
25061119,EMEF PEDRO BELO DA SILVA,2516409,Tacima,2,3,0.0,0.0,0.0,0.0,1.0,1.0,1.0,1.0,0.0,0.0,0.0,0.0,3.0,0
25061178,EMEF TERCIVAL BARACUHY CRUZ,2516409,Tacima,2,3,0.0,0.0,0.0,0.0,1.0,1.0,1.0,1.0,0.0,0.0,0.0,1.0,0.0,0
25061194,EMEF PEDRO TARGINO,2516409,Tacima,2,3,0.0,0.0,0.0,0.0,1.0,1.0,1.0,1.0,0.0,0.0,0.0,0.0,0.0,0
25061224,EMEF MARIA DO CARMO DE SOUSA PINHEIRO,2516409,Tacima,2,3,0.0,0.0,0.0,0.0,1.0,1.0,1.0,1.0,1.0,0.0,0.0,0.0,6.0,0
25061259,GR ESC JOAQUIM LINS DE ALBUQUERQUE,2516409,Tacima,1,3,0.0,0.0,0.0,0.0,1.0,1.0,1.0,1.0,0.0,0.0,0.0,0.0,4.0,0.9
25061321,EMEF JOAO EMIDIO DOS SANTOS,2516409,Tacima,2,3,0.0,0.0,0.0,0.0,1.0,1.0,1.0,1.0,1.0,0.0,0.0,0.0,0.0,0
25061348,EMEF E SUPLETIVO TERLOPEDES CRUZ,2516409,Tacima,1,3,0.0,0.0,0.0,0.0,1.0,1.0,1.0,1.0,1.0,0.0,0.0,0.0,9.0,0
25061372,EMEF PAULO ROBERTO CESARIO,2516409,Tacima,2,3,0.0,0.0,0.0,0.0,1.0,1.0,1.0,1.0,0.0,0.0,0.0,0.0,3.0,0
25114816,EMEF LUCIELIO BERNARDINO DA COSTA,2516409,Tacima,2,3,0.0,0.0,0.0,0.0,1.0,1.0,1.0,1.0,0.0,0.0,0.0,0.0,0.0,0
25050435,ECIT MELQUIADES VILAR,2516508,Taperoá,1,2,0.0,0.0,0.0,0.0,1.0,1.0,1.0,1.0,1.0,1.0,1.0,0.0,0.0,--
25050486,EEEFM FELIX DALTRO,2516508,Taperoá,1,2,0.0,0.0,0.0,0.0,1.0,1.0,1.0,1.0,1.0,0.0,1.0,1.0,0.0,--
25050532,EMPG MANOEL MOREIRA DA SILVA,2516508,Taperoá,2,3,0.0,0.0,0.0,0.0,1.0,1.0,1.0,1.0,1.0,0.0,0.0,1.0,0.0,0
25050613,EMEF MANOEL FERREIRA DE GOUVEIA,2516508,Taperoá,2,3,0.0,0.0,0.0,0.0,1.0,1.0,1.0,1.0,1.0,0.0,0.0,0.0,0.0,0
25050648,EMEF ODACY VILAR,2516508,Taperoá,1,3,0.0,0.0,0.0,0.0,1.0,1.0,1.0,1.0,1.0,0.0,0.0,0.0,0.0,0
25050699,EMPG VITALIANO MESSIAS,2516508,Taperoá,2,3,0.0,0.0,0.0,0.0,1.0,1.0,1.0,1.0,1.0,0.0,0.0,1.0,0.0,0
25050753,EMEF D ILUMINATA MARIA DA NOBREGA,2516508,Taperoá,2,3,0.0,0.0,0.0,0.0,0.0,1.0,1.0,1.0,0.0,0.0,0.0,0.0,0.0,0
25050834,EMEF INACIO FONSECA DE ARAUJO,2516508,Taperoá,2,3,0.0,0.0,0.0,0.0,0.0,1.0,1.0,1.0,0.0,0.0,0.0,0.0,0.0,0
25050850,EMEF JOSE EPAMINONDAS DE SOUZA,2516508,Taperoá,2,3,0.0,0.0,0.0,0.0,1.0,1.0,1.0,1.0,1.0,0.0,0.0,1.0,0.0,0
25050923,EMEF CEL PEDRO DE FARIAS,2516508,Taperoá,1,3,0.0,0.0,0.0,0.0,1.0,1.0,1.0,1.0,1.0,1.0,1.0,0.0,12.0,0.5
25050931,EMPG PROF GASTAO BARROS,2516508,Taperoá,2,3,0.0,0.0,0.0,0.0,1.0,1.0,1.0,1.0,0.0,0.0,0.0,1.0,0.0,0
25050966,ESC MUN DE ENS FUND SEVERINO IVO ARAUJO,2516508,Taperoá,2,3,0.0,0.0,0.0,0.0,1.0,1.0,1.0,1.0,1.0,0.0,0.0,0.0,3.0,4.8
25050974,EMEF VIRGILIO VILAR,2516508,Taperoá,2,3,0.0,0.0,0.0,0.0,1.0,1.0,1.0,1.0,1.0,0.0,0.0,0.0,0.0,0
25051148,ESCOLA NOSSA SENHORA DAS GRACAS,2516508,Taperoá,1,4,0.0,0.0,0.0,0.0,1.0,0.0,1.0,1.0,1.0,0.0,0.0,0.0,0.0,0
25051237,FUNDACAO RITA SUASSUNA,2516508,Taperoá,1,4,0.0,0.0,0.0,0.0,1.0,0.0,1.0,0.0,1.0,0.0,0.0,0.0,0.0,0
25114255,EMEF MANOEL DE FARIAS SOUZA,2516508,Taperoá,1,3,0.0,0.0,0.0,0.0,1.0,1.0,1.0,1.0,1.0,0.0,0.0,0.0,9.0,0
25122932,ECASA - EDUCANDARIO CAMINHO DO SABER,2516508,Taperoá,1,4,0.0,0.0,0.0,0.0,1.0,0.0,1.0,1.0,1.0,0.0,0.0,0.0,6.0,0
25037226,ECI ADRIANO FEITOSA,2516607,Tavares,1,2,0.0,0.0,0.0,0.0,0.0,1.0,1.0,0.0,0.0,0.0,0.0,1.0,1.0,--
25037234,EEEM POVOADO SILVESTRE,2516607,Tavares,2,2,0.0,0.0,0.0,1.0,1.0,1.0,1.0,1.0,0.0,0.0,0.0,1.0,0.0,--
25037439,ESCOLA MUNICIPAL DE EDUCACAO BASICA REUNIDA PADRE TAVARES,2516607,Tavares,1,3,0.0,0.0,0.0,0.0,1.0,1.0,1.0,1.0,1.0,0.0,1.0,0.0,15.0,0
25037498,ESCOLA MUNICIPAL DE EDUCACAO BASICA JOSE NASCIMENTO DA SILVA,2516607,Tavares,2,3,3.0,0.0,0.0,0.0,1.0,1.0,1.0,1.0,0.0,0.0,1.0,0.0,0.0,0
25037510,ESCOLA MUNICIPAL DE EDUCACAO BASICA MARIA AMELIA DA CONCEICAO,2516607,Tavares,2,3,0.0,0.0,0.0,0.0,1.0,1.0,1.0,1.0,0.0,0.0,1.0,0.0,6.0,0
25037536,ESCOLA MUNICIPAL DE EDUCACAO BASICA MARIA ROSA DA CONCEICAO,2516607,Tavares,2,3,0.0,0.0,0.0,0.0,1.0,1.0,1.0,1.0,1.0,0.0,0.0,0.0,0.0,0
25037609,ESCOLA MUNICIPAL DE EDUCACAO BASICA MANOEL BERNARDINO DO NASCIMENTO,2516607,Tavares,2,3,0.0,0.0,0.0,0.0,1.0,1.0,1.0,1.0,0.0,0.0,0.0,0.0,0.0,0
25037676,ESCOLA MUNICIPAL DE EDUCACAO BASICA SEBASTIAO BARROS,2516607,Tavares,2,3,0.0,0.0,0.0,0.0,1.0,1.0,1.0,1.0,1.0,0.0,1.0,0.0,1.0,0
25037692,ESCOLA MUNICIPAL DE EDUCACAO BASICA JOANA EPAMINONDAS DE OLIVEIRA,2516607,Tavares,1,3,0.0,0.0,0.0,0.0,1.0,1.0,1.0,1.0,0.0,0.0,0.0,0.0,0.0,0
25104934,ESCOLA MUNICIPAL DE EDUCACAO BASICA ISABEL MARIA DE FREITAS,2516607,Tavares,1,3,0.0,0.0,0.0,0.0,1.0,1.0,1.0,1.0,0.0,0.0,0.0,0.0,0.0,0
25037803,ECIT SEBASTIAO GUEDES DA SILVA,2516706,Teixeira,1,2,0.0,0.0,0.0,0.0,1.0,1.0,1.0,1.0,1.0,1.0,0.0,0.0,0.0,--
25037846,EEEF DOUTOR MANOEL DANTAS,2516706,Teixeira,1,2,0.0,0.0,0.0,0.0,1.0,1.0,1.0,1.0,1.0,0.0,0.0,0.0,0.0,--
25037870,EMEF SILVEIRA DANTAS,2516706,Teixeira,1,3,0.0,0.0,0.0,0.0,1.0,1.0,1.0,1.0,1.0,0.0,0.0,1.0,0.0,0
25037960,EMEF JOSE ELIAS DE AMORIM,2516706,Teixeira,1,3,0.0,0.0,0.0,0.0,1.0,1.0,1.0,1.0,1.0,1.0,1.0,0.0,13.0,--
25037978,EMEF MARIA NUNES FERREIRA,2516706,Teixeira,1,3,0.0,0.0,0.0,0.0,1.0,1.0,1.0,1.0,0.0,0.0,0.0,0.0,0.0,0
25038052,EMEF DO SABONETE,2516706,Teixeira,2,3,0.0,0.0,0.0,0.0,1.0,1.0,1.0,1.0,0.0,0.0,0.0,1.0,0.0,0
25038141,EMEIF SELIZETE DOS SANTOS E SOUZA,2516706,Teixeira,2,3,0.0,0.0,0.0,0.0,1.0,1.0,1.0,0.0,0.0,0.0,0.0,1.0,1.0,0
25038249,EMEF ABRAAO AMANCIO DA COSTA,2516706,Teixeira,2,3,0.0,0.0,0.0,0.0,1.0,1.0,1.0,1.0,0.0,0.0,0.0,0.0,0.0,0
25038257,EMEF ANICETA NUNES LEITE,2516706,Teixeira,2,3,0.0,0.0,0.0,0.0,1.0,1.0,1.0,1.0,0.0,0.0,0.0,0.0,2.0,0
25038265,EMEF ANTONIO DE OLIVEIRA LIRA,2516706,Teixeira,2,3,0.0,0.0,0.0,0.0,1.0,1.0,1.0,0.0,0.0,0.0,0.0,0.0,3.0,0
25038290,EMEF CAP JOAO ALVES DE LIRA,2516706,Teixeira,1,3,0.0,0.0,0.0,0.0,1.0,1.0,1.0,1.0,0.0,0.0,0.0,0.0,0.0,0
25038320,EMEF JOAO DE OLIVEIRA LIRA,2516706,Teixeira,2,3,0.0,0.0,0.0,0.0,1.0,1.0,1.0,1.0,0.0,0.0,0.0,0.0,4.0,0
25038370,EMEF MANOEL HENRIQUE ALVES,2516706,Teixeira,2,3,0.0,0.0,0.0,0.0,1.0,1.0,1.0,0.0,0.0,0.0,0.0,1.0,0.0,0
25111973,COLEGIO MENINO JESUS,2516706,Teixeira,1,4,0.0,0.0,0.0,0.0,1.0,0.0,1.0,1.0,0.0,0.0,0.0,0.0,16.0,0
25112368,EMEF SEBASTIAO CATANDUBA,2516706,Teixeira,2,3,0.0,0.0,0.0,0.0,1.0,1.0,1.0,0.0,0.0,0.0,0.0,1.0,0.0,0
25130650,EMEIF PROFESSORA RUTH GUEDES DA COSTA,2516706,Teixeira,1,3,0.0,0.0,0.0,0.0,1.0,1.0,1.0,1.0,0.0,0.0,0.0,0.0,0.0,0
25140604,INSTITUTO EDUCACIONAL ABELHINHA,2516706,Teixeira,1,4,0.0,0.0,0.0,0.0,1.0,0.0,1.0,1.0,1.0,0.0,0.0,0.0,1.0,0
25041436,EMEF JOAO DE FONTES RANGEL,2516755,Tenório,1,3,0.0,0.0,0.0,0.0,1.0,1.0,1.0,1.0,1.0,0.0,1.0,0.0,6.0,--
25116550,EMEIF EMILIA SATURNINO DA SILVA,2516755,Tenório,1,3,0.0,0.0,0.0,0.0,1.0,1.0,1.0,1.0,1.0,0.0,0.0,0.0,15.0,0
25123297,ECIEEM MARIA LIDIA RANGEL,2516755,Tenório,1,2,0.0,0.0,0.0,0.0,1.0,1.0,1.0,1.0,1.0,1.0,1.0,1.0,0.0,--
25012185,EEEM ANTONIO FRANCISCO DUARTE,2516805,Triunfo,1,2,0.0,0.0,0.0,0.0,1.0,0.0,1.0,1.0,0.0,0.0,0.0,0.0,0.0,--
25012207,ECIT BERNARDINO JOSE BATISTA,2516805,Triunfo,1,2,0.0,0.0,0.0,0.0,1.0,1.0,1.0,1.0,1.0,0.0,1.0,0.0,6.0,--
25012231,EMEIF AFLAUDIZIO PINHEIRO DANTAS,2516805,Triunfo,2,3,0.0,0.0,0.0,0.0,1.0,1.0,1.0,1.0,0.0,0.0,0.0,0.0,9.0,0
25012266,EMEIF ANTONIO MONTEIRO DA SILVA,2516805,Triunfo,2,3,0.0,0.0,0.0,0.0,1.0,1.0,1.0,0.0,0.0,0.0,0.0,0.0,5.0,0
25012312,EMEIF FRANCISCO JOAQUIM MONTEIRO,2516805,Triunfo,2,3,0.0,0.0,0.0,0.0,1.0,1.0,1.0,1.0,0.0,0.0,0.0,0.0,0.0,0
25012460,EMEF JOSE ADRIANO DE ANDRADE,2516805,Triunfo,1,3,0.0,0.0,0.0,0.0,1.0,1.0,1.0,1.0,0.0,0.0,0.0,0.0,8.0,--
25012533,EMEIF LUIZ GOMES DE BRITO,2516805,Triunfo,1,3,0.0,0.0,0.0,0.0,1.0,1.0,1.0,1.0,1.0,0.0,0.0,0.0,6.0,0
25012673,ESCOLA JOSE CABOCLO AMORIM,2516805,Triunfo,2,3,0.0,0.0,0.0,0.0,1.0,1.0,1.0,1.0,0.0,0.0,0.0,0.0,4.0,0
25012703,EMEIF JOANA FURTADO,2516805,Triunfo,2,3,0.0,0.0,0.0,0.0,1.0,1.0,1.0,1.0,0.0,0.0,0.0,1.0,4.0,0
25012720,EMEF JOSE DIAS DO NASCIMENTO,2516805,Triunfo,2,3,0.0,0.0,0.0,0.0,1.0,1.0,1.0,1.0,0.0,0.0,0.0,1.0,0.0,0
25111817,EMEIF PRE ESCOLAR MARIA DUARTE DE AQUINO,2516805,Triunfo,1,3,0.0,0.0,0.0,0.0,1.0,1.0,1.0,1.0,1.0,0.0,0.0,0.0,9.0,0
25125290,CENTRO EDUCACIONAL MUNDO INFANTIL,2516805,Triunfo,1,4,0.0,0.0,0.0,0.0,1.0,0.0,1.0,1.0,1.0,0.0,0.0,0.0,0.0,0
25125338,PASSO CERTO,2516805,Triunfo,1,4,0.0,0.0,0.0,0.0,1.0,0.0,1.0,1.0,0.0,0.0,0.0,0.0,0.0,1.4
25132172,COLEGIO E CURSO NOVA VISAO,2516805,Triunfo,1,4,0.0,0.0,0.0,0.0,1.0,1.0,1.0,1.0,1.0,0.0,0.0,0.0,0.0,--
25133888,EMEIF FRANCISCA NEIDE CORAGEM LISBOA JUNIOR,2516805,Triunfo,1,3,0.0,0.0,0.0,0.0,1.0,1.0,1.0,1.0,0.0,0.0,0.0,0.0,6.0,0
25133900,EMEIF ANANIAS MACENA DUARTE,2516805,Triunfo,2,3,0.0,0.0,0.0,0.0,1.0,1.0,1.0,1.0,0.0,0.0,0.0,1.0,4.0,0
25012851,COLEGIO PROFº AFONSO PEREIRA,2516904,Uiraúna,1,4,0.0,0.0,0.0,0.0,1.0,0.0,1.0,1.0,1.0,0.0,0.0,0.0,8.0,0
25012916,ECIT DOUTOR JOSE DUARTE FILHO,2516904,Uiraúna,1,2,0.0,0.0,0.0,0.0,1.0,1.0,1.0,1.0,1.0,0.0,1.0,0.0,11.0,--
25012924,EEEFM JOVELINA GOMES,2516904,Uiraúna,1,2,0.0,0.0,0.0,0.0,1.0,1.0,1.0,1.0,0.0,0.0,1.0,0.0,0.0,--
25012959,EEEF ERNANI SATIRO,2516904,Uiraúna,1,2,0.0,0.0,0.0,0.0,1.0,1.0,1.0,1.0,1.0,1.0,0.0,0.0,0.0,0
25012967,EEEFM MONSENHOR CONSTANTINO VIEIRA,2516904,Uiraúna,2,2,0.0,0.0,0.0,0.0,1.0,1.0,1.0,1.0,0.0,1.0,0.0,0.0,0.0,--
25013203,EMEIEF ANANIAS ALVES DE FIGUEIREDO,2516904,Uiraúna,1,3,0.0,0.0,0.0,0.0,1.0,1.0,1.0,1.0,1.0,0.0,0.0,1.0,0.0,0
25013220,EMEIEF ANTONIO JOAQUIM MAGALHAES,2516904,Uiraúna,2,3,0.0,0.0,0.0,0.0,1.0,1.0,1.0,1.0,1.0,0.0,0.0,0.0,2.0,0
25013238,EMEIEF BENEVENUTO MARIANO,2516904,Uiraúna,1,3,0.0,0.0,0.0,0.0,1.0,1.0,1.0,1.0,1.0,0.0,1.0,0.0,17.0,0
25013262,EMEIEF JOAO FRANCISCO DA SILVA,2516904,Uiraúna,2,3,0.0,0.0,0.0,0.0,1.0,1.0,1.0,1.0,0.0,0.0,0.0,0.0,2.0,0
25013289,EMEF JOSE PATRICIO DE ANDRADE,2516904,Uiraúna,2,3,0.0,0.0,0.0,0.0,1.0,1.0,1.0,1.0,1.0,0.0,0.0,0.0,4.0,0
25013319,EMEIEF MARIA ELIZA DA CONCEICAO,2516904,Uiraúna,2,3,0.0,0.0,0.0,0.0,1.0,1.0,1.0,1.0,0.0,0.0,0.0,1.0,2.0,0
25013424,EMEIEF RIACHO DO EXU,2516904,Uiraúna,2,3,0.0,0.0,0.0,0.0,1.0,1.0,1.0,1.0,1.0,0.0,0.0,0.0,2.0,0
25013548,EMEIEF LICA DUARTE,2516904,Uiraúna,1,3,0.0,0.0,0.0,0.0,1.0,1.0,1.0,1.0,1.0,0.0,0.0,0.0,8.0,0
25013556,EMEIEF LUIZA PINTO,2516904,Uiraúna,2,3,0.0,0.0,0.0,0.0,1.0,1.0,1.0,1.0,1.0,0.0,0.0,0.0,2.0,0
25013572,EMEIEF MANOEL MOREIRA DA COSTA,2516904,Uiraúna,2,3,0.0,0.0,0.0,0.0,1.0,1.0,1.0,1.0,0.0,0.0,0.0,0.0,2.0,0
25013580,EMEIEF MANOEL PAULO DE OLIVEIRA,2516904,Uiraúna,2,3,0.0,0.0,0.0,0.0,1.0,1.0,1.0,1.0,1.0,0.0,0.0,0.0,2.0,0
25013610,EMEIEF ANTONIO VIEIRA DA COSTA,2516904,Uiraúna,2,3,0.0,0.0,0.0,0.0,1.0,1.0,1.0,1.0,1.0,0.0,0.0,0.0,3.0,0
25013661,EMEIEF MARIA FRANCISCA ABRANTES,2516904,Uiraúna,2,3,0.0,0.0,0.0,0.0,0.0,1.0,1.0,1.0,0.0,0.0,0.0,0.0,0.0,0
25123220,EMEIF FRANCISCA GOMES DA SILVA,2516904,Uiraúna,1,3,0.0,0.0,0.0,0.0,1.0,1.0,1.0,1.0,0.0,0.0,0.0,0.0,9.0,0
25134701,EMEIEF FRANCISCA NOGUEIRA DUARTE,2516904,Uiraúna,2,3,0.0,0.0,0.0,0.0,1.0,1.0,1.0,0.0,0.0,0.0,0.0,0.0,2.0,0
25238930,CENTRO EVANGELICO FONTE DE VIDA,2516904,Uiraúna,1,4,0.0,0.0,0.0,0.0,1.0,0.0,1.0,1.0,0.0,0.0,0.0,0.0,7.0,0
25084950,ECIT PRESIDENTE JOAO PESSOA,2517001,Umbuzeiro,1,2,0.0,0.0,0.0,0.0,1.0,1.0,1.0,1.0,0.0,0.0,0.0,0.0,0.0,--
25085085,ESCOLA MUNICIPAL JOSE SEVERINO DOS SANTOS,2517001,Umbuzeiro,2,3,0.0,0.0,0.0,0.0,1.0,1.0,1.0,1.0,1.0,0.0,0.0,0.0,1.0,0
25085158,ESC MUL JOSE BARBOSA DE LIMA,2517001,Umbuzeiro,2,3,0.0,0.0,0.0,0.0,1.0,1.0,1.0,1.0,1.0,0.0,0.0,0.0,0.0,0
25085450,ESC MUL QUIRINO BARBOSA,2517001,Umbuzeiro,2,3,0.0,0.0,0.0,0.0,1.0,1.0,1.0,1.0,1.0,0.0,1.0,0.0,7.0,0
25085476,GR MUL ESMERALDINA CALDAS LINS,2517001,Umbuzeiro,2,3,0.0,0.0,0.0,0.0,1.0,1.0,1.0,1.0,1.0,0.0,0.0,0.0,2.0,0
25085506,GR MUL JOSE TRAVASSOS SARINHO,2517001,Umbuzeiro,2,3,0.0,0.0,0.0,0.0,1.0,1.0,1.0,1.0,0.0,0.0,0.0,0.0,0.0,0
25085522,ESC MUL MARIA PESSOA CAVALCANTE,2517001,Umbuzeiro,1,3,0.0,0.0,0.0,0.0,1.0,1.0,1.0,1.0,1.0,1.0,1.0,0.0,10.0,0
25085573,GR MUL JOAO INACIO CATU,2517001,Umbuzeiro,2,3,0.0,0.0,0.0,0.0,1.0,1.0,1.0,1.0,1.0,0.0,0.0,0.0,12.0,0
25085638,GR MUL CARLOS PESSOA DA SILVA,2517001,Umbuzeiro,2,3,0.0,0.0,0.0,0.0,1.0,1.0,1.0,1.0,0.0,0.0,0.0,0.0,4.0,0
25085662,ESCOLA MUNICIPAL ALZIRA FLORA DE AGUIAR,2517001,Umbuzeiro,2,3,0.0,0.0,0.0,0.0,1.0,1.0,1.0,1.0,1.0,0.0,0.0,0.0,0.0,0
25085778,ESCOLA MUNICIPAL MARIA BARBOSA DE SOUZA,2517001,Umbuzeiro,2,3,0.0,0.0,0.0,0.0,1.0,1.0,1.0,1.0,1.0,0.0,1.0,0.0,8.0,0
25085808,ESC MUL JOAO SEVERINO DA ROCHA,2517001,Umbuzeiro,2,3,0.0,0.0,0.0,0.0,1.0,1.0,1.0,1.0,1.0,0.0,0.0,0.0,2.0,0
25128400,EMEF II CORONEL ANTONIO PESSOA,2517001,Umbuzeiro,1,3,0.0,0.0,0.0,0.0,1.0,1.0,1.0,1.0,1.0,1.0,1.0,0.0,15.0,--
25132385,ESCOLA MUNICIPAL PROFESSORA ELIANE VIEIRA,2517001,Umbuzeiro,1,3,0.0,0.0,0.0,0.0,1.0,1.0,1.0,1.0,1.0,0.0,0.0,0.0,6.0,0
25135457,ESCOLA MUNICIPAL SOPHIA GABRIELLY GOMES DOS SANTOS,2517001,Umbuzeiro,2,3,0.0,0.0,0.0,0.0,1.0,1.0,1.0,1.0,1.0,0.0,1.0,0.0,0.0,0
25040600,ECI ODILON DE FIGUEIREDO,2517100,Várzea,1,2,0.0,0.0,0.0,0.0,0.0,1.0,1.0,1.0,0.0,0.0,0.0,1.0,3.0,--
25040715,EMEIF SANDOVAL RUBENS DE FIGUEIREDO,2517100,Várzea,1,3,0.0,0.0,0.0,0.0,1.0,1.0,1.0,1.0,0.0,0.0,1.0,0.0,8.0,0
25040758,EMEIF HERMINIO SILVANO DA SILVA,2517100,Várzea,2,3,3.0,0.0,0.0,0.0,1.0,1.0,1.0,1.0,0.0,0.0,0.0,0.0,2.0,0
25018957,EMEF JOAO ALVES DE SOUSA,2517209,Vieirópolis,2,3,0.0,0.0,0.0,0.0,1.0,1.0,1.0,1.0,1.0,0.0,0.0,0.0,7.0,0
25019740,ECI MARIA MOREIRA PINTO,2517209,Vieirópolis,1,2,0.0,0.0,0.0,0.0,1.0,1.0,1.0,1.0,0.0,0.0,0.0,0.0,0.0,--
25019775,EMEF AGRIPINO FERNANDES DAS CHAGAS,2517209,Vieirópolis,1,3,0.0,0.0,0.0,0.0,1.0,1.0,1.0,1.0,1.0,0.0,1.0,0.0,10.0,0
25019783,EMEIF ANTONIA MARIA DA COSTA,2517209,Vieirópolis,2,3,0.0,0.0,0.0,0.0,1.0,1.0,1.0,1.0,1.0,0.0,0.0,0.0,6.0,0
25019791,EMEF NOEL ALVES DE OLIVEIRA,2517209,Vieirópolis,2,3,0.0,0.0,0.0,0.0,1.0,1.0,1.0,1.0,0.0,0.0,0.0,0.0,10.0,0
25126342,EEEF ANTONIA MARIA ANUNCIACAO DONA DONINHA,2517209,Vieirópolis,2,2,0.0,0.0,0.0,0.0,1.0,1.0,1.0,1.0,1.0,0.0,0.0,0.0,0.0,--
25048368,ECI MARIA CELESTE DO NASCIMENTO,2517407,Zabelê,1,2,0.0,0.0,0.0,0.0,1.0,1.0,1.0,0.0,0.0,0.0,0.0,1.0,0.0,--
25048767,EMEIF MARIA BEZERRA DA SILVA,2517407,Zabelê,1,3,0.0,0.0,0.0,0.0,1.0,1.0,1.0,1.0,1.0,1.0,1.0,0.0,13.0,0
