ANO;PROCESSO ;CONVENENTE;SIAFI/SICONV;CONVÊNIO;OFÍCIO DA AECI;ENTREGUE NO TCU
2016;72031.000654/2012-29;Instituto Sul-Americano de Desenvolvimento Sustentável - ISDES;747124;1405/2010;Ofício n° 602/2016/AECI/MTur;24/05/2016
2016;72031.000499/2016-74;Município de Macarani;732163;0111/2010;Ofício n° 604/2016/AECI/MTur;24/05/2016
2016;72031.000498/2016-20;Sociedade Goiana de Pecuária e Agricultura - SGPA;707037;1180/2009;Ofício n° 603/2016/AECI/MTur;24/05/2016
2016;72031.000500/2016-61;Município de Lagoa dos Patos;739363;0963/2010;Ofício n° 601/2016/AECI/MTur;24/05/2016
2016; 72031.000313/2016-87                                                                                                                         ;Município de Bugre;704155;0720/2009;Ofício n° 529/2016/AECI/MTur;10/05/2016
2016;72031.000441/2016-21;Município de Auriflama;732966;0275/2010;Ofício n° 528/2016/AECI/MTur;10/05/2016
2016;72031.000307/2016-20;Município de Rolândia;706595;1164/2009;Ofício n° 527/2016/AECI/MTur;10/05/2016
2016;72031.011067/2010-01;Equipe Chakart;703505;306/2009;Ofício n° 526/2016/AECI/MTur;10/05/2016
2016;72031.000502/2015-79;Federação Brasileira de Convention & Visitors Bureaux - FBC&VB;"611030 (A)
559567 (B)611030 (A)
559567 (B)611030 (A)
559567 (B)611030 (A)
559567 (B)611030 (A)
559567 (B)611030 (A)
559567 (B)";"0611/2007 (A)
0120/2006 (B)0611/2007 (A)
0120/2006 (B)0611/2007 (A)
0120/2006 (B)0611/2007 (A)
0120/2006 (B)0611/2007 (A)
0120/2006 (B)0611/2007 (A)
0120/2006 (B)";Ofício n° 525/2016/AECI/MTur;10/05/2016
2016;72031.007354/2011-90;Associação Ruarte de Cultura;708669;1249/2009;Ofício n° 524/2016/AECI/MTur;10/05/2016
2016;72031.000358/2010-66;Município de São Pedro do Suaçuí;631701;841/2008;Ofício n° 523/2016/AECI/Mtur;10/05/2016
2016;72031.013810/2010-50;Município de Santana;700710;1326/2008;Ofício n° 522/2016/AECI/MTur;10/05/2016
2016;72031.012911/2010-11;Município de Atalaia;703680;0455/2009;Ofício n° 543/2016/AECI/MTur;10/05/2016
2016;72031.001444/2011-77;Município de Macarani;703722;0474/2009;Ofício n° 542/2016/AECI/MTur;10/05/2016
2016;72031.000113/2016-24;Instituto Educar e Crescer - IEC;702800;1661/2008;Ofício n° 541/2016/AECI/MTur;10/05/2016
2016;72031.000095/2016-81;Confederação Brasileira de Convention & Visitors Bureaux - CBC&VB;706590;1161/2009;Ofício n° 540/2016/AECI/MTur;10/05/2016
2016;72031.003249/2013-43;Instituto Educar e Crescer -IEC;705091;1084/2009;Ofício n° 539/2016/AECI/MTur;10/05/2016
2016;72031.000879/2015-28;Instituto Cia do Turismo;702734;1638/2008;Ofício n° 538/2016/AECI/MTur;10/05/2016
2016;72031.010662/2011-01;Município de Afrânio;735860;0485/2010;Ofício n° 537/2016/AECI/MTur;10/05/2016
2016;72031.004477/2015-01;Município de Manarí;730712;1519/2009;Ofício n° 536/2016/AECI/MTur;10/05/2016
2016;72031.004489/2015-27;Instituto Curitiba de Turismo & Eventos - CCVB;732393;0155/2010;Ofício n° 535/2016/AECI/MTur;10/05/2016
2016;72031.012117/2010-60;Município de Doutor Severiano;703630;0407/2009;Ofício n° 534/2016/AECI/MTur;10/05/2016
2016;72031.000196/2016-51;Município de Jales;703128;0105/2009;Ofício n° 530/2016/AECI/MTur;10/05/2016
2016;72031.002385/2009-30;Associação Os Independentes;593397;0319/2007;Ofício n° 533/2016/AECI/MTur;10/05/2016
2016;72031.012916/2010-36;Associação Os Independentes;703256;0174/2009;Ofício n° 532/2016/AECI/MTur;10/05/2016
2016;72031.006369/2013-01;Município de Poloni;701883;1478/2008;Ofício n° 531/2016/AECI/MTur;10/05/2016
2016;72031.006271/2014-26;Associação Os Independentes;633194;1168/2008;Ofício n° 292/2016/AECI/MTur;04/04/2016
2016;72031.000653/2012-84;Instituto Sul-Americano de Desenvolvimento  Sustentável-ISDES;744144;1336/2010;Ofício n° 290/2016/AECI/MTur;04/04/2016
2016;72031.004523/2015-63;Fundação Universa/DF;702306;1598/2008;Ofício n° 287/2016/AECI/MTur;04/04/2016
2016;72031.000909/2015-04;Instituto Educar e Crescer - IEC;736898;0660/2010;Ofício n° 288/2016/AECI/MTur;04/04/2016
2016;72031.003577/2015-10;Instituto Ideal;732164;0110/2010;Ofício n° 291/2016/AECI/MTur;04/04/2016
2016;72031.000306/2015-02 ;Associação Os Independentes ;704500;0857/2009;Ofício n° 293/2016/AECI/MTur;04/04/2016
2016;72031.004091/2015-91;Instituto Paidéia de Expressão e Comunicação ;738816;0846/2010;Ofício n° 289/2016/AECI/MTur;04/04/2016
2016;72031.003230/2015-69;Município de Quixeramobim;615657;1038/2007;Ofício n° 374/2016/AECI/MTur;04/04/2016
2016;00190.018597/2015-43;Município de Ubajara;614037;238.878-37/2007;Ofício n° 373/2016/AECI/MTur;04/04/2016
2016;72031.004409/2015-33;Liga de Amadores Brasileiros de Rádio e Emissão - LABRE;700147;1242/2008;Ofício n° 370/2016/AECI/MTur;04/04/2016
2016;72031.003579/2015-09;Federação Brasileira de Convention & Visitors Bureaux;628597;0677/2007;Ofício n° 369/2016/AECI/MTur;04/04/2016
2016;72031.003196/2012-80;Município de Solânea;703657;0432/2009;Ofício n° 372/2016/AECI/MTur;04/04/2016
2016;72031.004389/2011-77;Município de Buíque;563758;0135/2006;Ofício n° 368/2016/AECI/MTur;04/04/2016
2016;00190.026442/2015-81;Município de Buíque;516506;170.498-81/2004;Ofício n° 376/2016/AECI/MTur;04/04/2016
2016;00190.026284/2015-69;Município de São João;613851;227.456-03/2007;Ofício n° 375/2016/AECI/MTur;04/04/2016
2016;72031.004341/2015-92;Instituto Polo Internacional Iguassu - POLOIGUASSU;703573;0358/2009;Ofício n° 379/2016/AECI/MTur;04/04/2016
2016;72031.003617/2009-77;Município de Aquidabã;632903;0381/2008;Ofício n° 377/2016/AECI/MTur;04/04/2016
2016;72031.000662/2012-75;Instituto para Preservação do Meio Ambiente e Promoção do Desenvolvimento Sustentável-IATEC;754621;1567/2010;Ofício n° 371/2016/AECI/MTur;04/04/2016
2016;72031.003389/2015-83;Município de Álvares Florence;633562;0620/2008;Ofício n° 378/2016/AECI/MTur;04/04/2016
2016;72031.003229/2015-34;Município de Major Isidoro;721988;1604/2009;Ofício n° 184/2016/AECI/MTur;17/02/2016
2016;72031.003649/2015-11;Município de Capela;705319;1098/2009;Ofício n° 183/2016/AECI/MTur;17/02/2016
2016;72031.003667/2015-01;Município de Careiro;704664;0900/2009;Ofício n° 182/2016/AECI/MTur;17/02/2016
2016;72031.007274/2012-15;Município de Autazes;727171;1831/2009;Ofício n° 189/2016/AECI/MTur;17/02/2016
2016;72031.003817/2015-78;Empresa Estadual de Turismo - AMAZONASTUR;564417;0255/2006;Ofício n° 180/2016/AECI/MTur;17/02/2016
2016;72031.003354/2015-44;Sociedade Goiana de Pecuária e Agricultura - SGPA;734020;0368/2010;Ofício n° 187/2016/AECI/MTur;17/02/2016
2016;72031.003578/2015-56;Associação dos Criadores do Vale do Suaçuí;704147;0712/2009;Ofício n° 172/2016/AECI/MTur;17/02/2016
2016;72031.000304/2015-13;Município de Durandé;704085;0678/2009;Ofício n° 173/2016/AECI/MTur;17/02/2016
2016;72031.005624/2010-47;Município de Coroaci;624570;0103/2008;Ofício n° 190/2016/AECI/MTur;17/02/2016
2016;72031.008345/2012-05;Município de Solânea;739393;0988/2010;Ofício n° 178/2016/AECI/MTur;17/02/2016
2016;72031.006270/2014-81;Fundação Comissão de Turismo Integrado do Nordeste - CTI/NE;703785;0525/2009;Ofício n° 174/2016/AECI/MTur;17/02/2016
2016;72031.003724/2015-43;Município de Ibirajuba;625913;0127/2008;Ofício n° 188/2016/AECI/MTur;17/02/2016
2016;72031.003304/2015-67;Associação do Comércio, da Indústria e Agroindustrial de Garanhuns e Agreste Meridional - ACIAGAM;633651;1186/2008;Ofício n° 175/2016/AECI/MTur;17/02/2016
2016;00190.025136/2015-27;Município de Lagoa do Piauí;648411;281.732-71/2008;Ofício n° 186/2016/AECI/MTur;17/02/2016
2016;72031.003302/2015-78;Município de Borrazópolis;701075;1373/2008;Ofício n° 176/2016/AECI/MTur;17/02/2016
2016;72031.003350/2015-66;Município de Guaira;703214;0141/2009;Ofício n° 170/2016/AECI/MTur;17/02/2016
2016;72031.003403/2015-49;Instituto Maringá de Turismo e Eventos;703266;0179/2009;Ofício n° 181/2016/AECI/MTur;17/02/2016
2016;72031.000301/2015-71;Município de Ituporanga;700964;1354/2008;Ofício n° 171/2016/AECI/MTur;17/02/2016
2016;72031.003228/2015-90;Federação de Convention & Visitors Bureaux do Estado de São Paulo - FC&VB-SP;748694;1452/2010;Ofício n° 185/2016/AECI/MTur;17/02/2016
2016;72031.000297/2015-41;Instituto Quero-Quero;747278;1415/2010;Ofício n° 177/2016/AECI/MTur;17/02/2016
2016;72031.007893/2013-91;Município de Araguacema;733291;0322/2010;Ofício n° 179/2016/AECI/MTur;17/02/2016
2016;72031.013851/2010-46;Município de Granjeiro;703937;0615/2009;Ofício n° 146/2016/AECI/MTur;17/02/2016
2016;72031.003382/2015-61;Sociedade Goiana de Pecuária e Agricultura;625055;0116/2008;Ofício n° 192/2016/AECI/MTur;17/02/2016
2016;72031.006740/2012-45;Município de Amparo da Serra;739390;0990/2010;Ofício n° 193/2016/AECI/MTur;17/02/2016
2016;72031.009374/2013-67;Instituto Mundial de Desenvolvimento e da Cidadania - IMDC;596053;0550/2007;Ofício n° 194/2016/AECI/MTur;17/02/2016
2016;72031.003693/2015-21;Município de Araputanga;734260;0386/2010;Ofício n° 195/2016/AECI/MTur;17/02/2016
2016;72031.003390/2015-16;Município de Brejo dos Santos;736639;0584/2010;Ofício n° 196/2016/AECI/MTur;17/02/2016
2016;72031.003737/2015-12;Município de São João do Cariri;737556;0722/2010;Ofício n° 198/2016/AECI/MTur;17/02/2016
2016;00190.024971/2015-40;Município de Sertânia;713847;303.686-93/2009;Ofício n° 199/2016/AECI/MTur;17/02/2016
2016;72031.000661/2012-21;União Metropolitana dos Estudantes Secundários de Porto Alegre - UMESPA;744833;1335/2010;Ofício n° 197/2016/AECI/MTur;17/02/2016
2016;72031.000310/2015-62;Município de Salmourão;716157;1370/2009;Ofício n° 200/2016/AECI/MTur;17/02/2016
2016;72031.003282/2015-35;Município de Quixeramobim;625040;0087/2008;Ofício nº 14/2016/AECI/MTur;07/01/2016
2016;72031.003361/2015-46;Município de Quixeramobim;628578;0276/2008;Ofício nº 16/2016/AECI/MTur;07/01/2016
2016;72031.006856/2014-46;Arte Vida;739369;0955/2010;Ofício nº 19/2016/AECI/MTur;07/01/2016
2016;72031.004597/2011-76;Confederação Brasileira de Convention & Visitors Bureaux - CBC & VB;739176;0928/2010;Ofício nº 18/2016/AECI/MTur;07/01/2016
2016;72031.013846/2010-33;Município de Reduto;701587;1437/2008;Ofício nº 17/2016/AECI/MTur;07/01/2016
2016;72031.000860/2015-81;Município de Alegre;703598;0380/2009;Ofício nº 15/2016/AECI/MTur;07/01/2016
2015;72031.003653/2011-55;Município de Piranhas;736824;0637/2010;Ofício n° 2010/2015/AECI/MTur;18/12/2015
2015;72031.003184/2011-74;Município de Nova Módica;629814;0525/2008;Ofício n° 2013/2015/AECI/MTur;18/12/2015
2015;72031.010691/2011-64;Município de Gado Bravo;737996;0812/2010;Ofício n° 2015/2015/AECI/MTur;18/12/2015
2015;72031.009481/2011-23;Município de Pintópolis;637193;1333/2008;Ofício n° 2014/2015/AECI/MTur;18/12/2015
2015;72031.006926/2014-66;Município de Caucaia;718934;1449/2009;Ofício n° 2011/2015/AECI/MTur;18/12/2015
2015;72031.006263/2014-80;Centro Integrado de Ressocialização e Desenvolvimento Humano - CIRDH;534424;0501/2005;Ofício n° 2018/2015/AECI/MTur;18/12/2015
2015;72031.003633/2014-27;Instituto Educar e Crescer - IEC;703278;0187/2009;Ofício n° 2012/2016/AECI/MTur;18/12/2015
2015;72031.000762/2015-44;Município de Santo Antônio;741705;1180/2010;Ofício n° 2019/2015/AECI/MTur;18/12/2015
2015;72031.006954/2014-83;Município de Gravatal;704499;0851/2009;Ofício n° 2020/2015/AECI/MTur;18/12/2015
2015;72031.002162/2015-11;Município de Mari;700879;1347/2008;Ofício n° 2017/2015/AECI/MTur;18/12/2015
2015;00190.017817/2015-11;Município de Rio Preto da Eva;715898;304.970-60/2009;Ofício n° 2006/2015/AECI/MTur;18/12/2015
2015;72031.002158/2015-52;Instituto Projeto Viver;742115;1210/2010;Ofício n° 2021/2015/AECI/MTur;18/12/2015
2015;72031.006839/2010-85;Município de Abaira;565584;0328/2006;Ofício n° 2005/2015/AECI/MTur;18/12/2015
2015;72031.001429/2011-29;Feagro-Vale Feira e Exposição Agropecuária do Vale do Braço do Norte e Região;736671;0617/2010;Ofício n° 2007/2015/AECI/MTur;18/12/2015
2015;72031.000501/2015-24;Município de Tavares;592164;0085/2007;Ofício n° 2009/2015/AECI/MTur;18/12/2015
2015;00190.012434/2015-57;Município de São Vicente Ferrer;718813;306.537-53/2009;Ofício n° 2002/2015/AECI/MTur;18/12/2015
2015;72000.003687/2009-92;Município de Cacimba de Dentro;564086;0290/2006;Ofício n° 2008/2015/AECI/MTur;18/12/2015
2015;72031.000497/2015-02;Município de Perobal;626748;0063/2008;Ofício n° 2004/2015/AECI/MTur;18/12/2015
2015;72031.003349/2015-31;Município de São Félix do Coribe;733683;0342/2010;Ofício n° 2003/2015/AECI/MTur;18/12/2015
2015;72031.007936/2011-76;Projeto Atelier e Galeria Meninos da Enseada;706219;1140/2009;Ofício n° 2000/2015/AECI/MTur;18/12/2015
2015;00190.021522/2015-40;Município de Anori;581665;214.267-33/2006;Ofício n° 1997/2015/AECI/MTur;18/12/2015
2015;72031.000878/2015-83;Município de Mauá da Serra;733646;0336/2010;Ofício n° 1996/2015/AECI/MTur;18/12/2015
2015;72031.010471/2011-31;Município de Guarani de Goiás;741689;1157/2010;Ofício n° 1999/2015/AECI/MTur;18/12/2015
2015;72031.000761/2015-08;Município de Barra de São Francisco;728349;1872/2009;Ofício n° 1998/2015/AECI/MTur;18/12/2015
2015;00190.017584/2015-57;Município de Pesqueira ;707616;299.348-90/2009;Ofício n° 2001/2015/AECI/MTur;18/12/2015
2015;72031.006741/2012-90;Município de Jaguaribara;733122;0286/2010;Ofício nº 1871/2015/AECI/MTur;18/11/2015
2015;72031.006988/2012-14 ;Secretaria de Educação e Cultura do Estado da Paraíba;733294;0323/2010;Ofício nº 1872/2015/AECI/MTur;18/11/2015
2015;72031.000549/2015-32;Fundação Comissão de Turismo Integrado do Nordeste - CTI/NE;704963;1045/2009;Ofício nº 1873/2015/AECI/MTur;18/11/2015
2015;72031.001042/2011-72;Município de Quiterianópolis;736661;0606/2010;Ofício nº 1740/2015/AECI/MTur;16/11/2015
2015;72031.000298/2015-96;Município de Américo de Campos;704993;1052/2009;Ofício nº 1757/2015/AECI/MTur;16/11/2015
2015;72031.001064/2015-66;Associação Sergipana de Blocos de Trio - ASBT;628021;0559/2008;Ofício nº 1741/2015/AECI/MTur;16/11/2015
2015;72031.001393/2015-15;Associação Sergipana de Blocos de Trio - ASBT;632148;1182/2008;Ofício nº 1742/2015/AECI/MTur;16/11/2015
2015;72031.001284/2015-90;Associação Sergipana de Blocos de Trio - ASBT;704847;704847;Ofício nº 1743/2015/AECI/MTur;16/11/2015
2015;72031.001399/2015-84;Associação Sergipana de Blocos de Trio - ASBT;625836;0199/2008;Ofício nº 1744/2015/AECI/MTur;16/11/2015
2015;72031.010661/2011-58;Município de Bonito de Santa Fé;737463;0707/2010;Ofício nº 1745/2015/AECI/MTur;16/11/2015
2015;00190.010291/2015-49;Município de Capoeiras;502034;Contrato de Repasse nº 164.361-18/2004;Ofício nº 1746/2015/AECI/MTur;16/11/2015
2015;00190.007300/2015-14;Município de Tabira;709602;Contrato de Repasse nº 302.220-43/2009;Ofício nº 1747/2015/AECI/MTur;16/11/2015
2015;00190.015136/2015-19;Município de Baturité;567764;Contrato de Repasse nº 196.121-83/2006;Ofício nº 1748/2015/AECI/MTur;16/11/2015
2015;00190.009890/2015-10;Município de Indianópolis;585656;Contrato de Repasse nº 214.715-50/2006;Ofício nº 1749/2015/AECI/MTur;16/11/2015
2015;72031.000763/2015-99;Município de Amontada;650044 e 700370;1279/2008;Ofício nº 1750/2015/AECI/MTur;16/11/2015
2015;72031.010469/2011-61;Município de Palmeirândia;738472;0866/2010;Ofício nº 1751/2015/AECI/MTur;16/11/2015
2015;72031.001342/2015-85;Associação Sergipana de Blocos de Trio - ASBT;704915;1029/2009;Ofício nº 1752/2015/AECI/MTur;16/11/2015
2015;72031.015725/2010-26;Associação Brasileira de Clubes da Melhor Idade - ABCMI;731987;0027/2010;Ofício nº 1753/2015/AECI/MTur;16/11/2015
2015;72031.001205/2015-41;Associação Sergipana de Blocos de Trio - ASBT;703582;0361/2009;Ofício nº 1754/2015/AECI/MTur;16/11/2015
2015;72031.000307/2015-49;Município de Pacajus;727154;1829/2009;Ofício nº 1755/2015/AECI/MTur;16/11/2015
2015;72031.001410/2015-14;Associação Sergipana de Blocos de Trio - ASBT;732029;732029;Ofício nº 1756/2015/AECI/MTur;16/11/2015
2015;72031.001642/2011-31;Município de União dos Palmares;734951;0446/2010;Ofício nº 1758/2015/AECI/MTur;16/11/2015
2015;72031.001411/2015-51;Associação Sergipana de Blocos de Trio - ASBT;732638;0204/2010;Ofício nº 1759/2015/AECI/MTur;16/11/2015
2015;72031.001409/2015-81;Associação Sergipana de Blocos de Trio - ASBT;732402;0162/2010;Ofício nº 1760/2015/AECI/MTur;16/11/2015
2015;72031.000302/2015-16;Município de Lavandeira;708983;1261/2009;Ofício nº 1761/2015/AECI/MTur;16/11/2015
2015;72031.000499/2015-93;Município de Passa Quatro;701464;1414/2008;Ofício nº 1763/2015/AECI/MTur;16/11/2015
2015;72031.010475/2011-19;Município de Cândido Sales;741703;1170/2010;Ofício nº 1764/2015/AECI/MTur;16/11/2015
2015;72031.001395/2015-04;Associação Sergipana de Blocos de Trio - ASBT;703734;0485/2009;Ofício nº 1765/2015/AECI/MTur;16/11/2015
2015;72031.002509/2009-87;Associação Cultural - RECULUTA;567604;0402/2006;Ofício nº 1766/2015/AECI/MTur;16/11/2015
2015;72031.001398/2015-30;Associação Sergipana de Blocos de Trio - ASBT;703066;0090/2009;Ofício nº 1767/2015/AECI/MTur;16/11/2015
2015;72031.000910/2015-21;Município de Petrolândia;706748;1169/2009;Ofício nº 1767/2015/AECI/MTur;16/11/2015
2015;72000.002735/2009-25;Município de Santo Antônio da Barra;629915;0678/2008;Ofício nº 1768/2015/AECI/MTur;16/11/2015
2015;72031.001191/2015-65;Associação Sergipana de Blocos de Trio - ASBT;624906;0115/2008;Ofício nº 1769/2015/AECI/MTur;16/11/2015
2015;72031.001343/2015-20;Associação Sergipana de Blocos de Trio - ASBT;732929;0252/2010;Ofício nº 1770/2015/AECI/MTur;16/11/2015
2015;72031.001412/2015-03;Associação Sergipana de Blocos de Trio - ASBT;706010;1131/2009;Ofício nº 1771/2015/AECI/MTur;16/11/2015
2015;72031.000294/2015-16;Município de Altair;735846;0477/2010;Ofício nº 1772/2015/AECI/MTur;16/11/2015
2015;72031.006326/2014-06;Município de Buritis;736278;0554/2010;Ofício nº 1773/2015/AECI/MTur;16/11/2015
2015;72031.000548/2015-98;Município de Arambaré;751749;1528/2010;Ofício nº 1774/2015/AECI/MTur;16/11/2015
2015;72031.007206/2013-37;Município de Vila Boa;703763;0508/2009;Ofício nº 1775/2015/AECI/MTur;16/11/2015
2015;72031.001340/2015-96;Associação Sergipana de Blocos de Trio - ASBT;703747;0495/2009;Ofício nº 1776/2015/AECI/MTur;16/11/2015
2015;72031.014066/2010-19;Município de São João do Paraíso;601018;601018;Ofício nº 1777/2015/AECI/MTur;16/11/2015
2015;72031.001339/2015-61;Associação Sergipana de Blocos de Trio - ASBT;703497;0300/2009;Ofício nº 1778/2015/AECI/MTur;16/11/2015
2015;72031.000770/2015-91;Instituto Novas Fronteiras da Cooperação - INFC;600362;0547/2007;Ofício nº 1798/2015/AECI/MTur;16/11/2015
2015;72031.001235/2015-57;Associação Sergipana de Blocos de Trio - ASBT;704161;0752/2009;Ofício nº 1799/2015/AECI/MTur;16/11/2015
2015;00190.011715/2015-92;Município de Bezerros;585579;Contrato de repasse nº 213.873-52/2006;Ofício nº 1832/2015/AECI/MTur;16/11/2015
2015;72031.002161/2015-76;Município de Teixeira;703728;0484/2009;Ofício nº 1833/2015/AECI/MTur;16/11/2015
2015;72031.001338/2015-17;Associação Sergipana de Blocos de Trio - ASBT;732866;0251/2010;Ofício nº 1834/2015/AECI/MTur;16/11/2015
2015;72031.002110/2015-44;Município de Ubirajara;704408;0826/2009;Ofício nº 1835/2015/AECI/MTur;16/11/2015
2015;72031.002160/2015-21;Empresa de Turismo da Bahia S.A - BAHIATURSA;723673;1723/2009;Ofício nº 1837/2015/AECI/MTur;16/11/2015
2015;72031.001405/2015-01;Associação Sergipana de Blocos de Trio - ASBT;703617;0398/2009;Ofício nº 1838/2015/AECI/MTur;16/11/2015
2015;72031.000867/2015-01;Município de Frei Paulo;631783;0679/2008;Ofício nº 1839/2015/AECI/MTur;16/11/2015
2015;72031.000863/2015-15;Associação Cena Aberta;703578;0370/2009;Ofício nº 1840/2015/AECI/MTur;16/11/2015
2015;72031.001184/2015-63;Associação Sergipana de Blocos de Trio - ASBT;704584;0897/2009;Ofício nº 1841/2015/AECI/MTur;16/11/2015
2015;72031.001406/2015-48;Associação Sergipana de Blocos de Trio - ASBT;732636;0200/2010;Ofício nº 1843/2015/AECI/MTur;16/11/2015
2015;72031.005575/2010-42;Instituto Educar e Crescer - IEC;632058;1160/2008;Ofício nº 1844/2015/AECI/MTur;16/11/2015
2015;72031.002159/2015-05;Associação Sergipana de Blocos de Trio - ASBT;703495;0299/2009;Ofício nº 1845/2015/AECI/MTur;16/11/2015
2015;72031.002111/2015-99;Associação Sergipana de Blocos de Trio - ASBT;703153;0112/2009;Ofício nº 1846/2015/AECI/MTur;16/11/2015
2015;72031.001083/2015-92;Associação Sergipana de Blocos de Trio - ASBT;703813;0546/2009;Ofício nº 1848/2015/AECI/MTur;16/11/2015
2015;72031.002107/2015-21;Município Quiterianópolis;764802;0475/2011;Ofício nº 1849/2015/AECI/MTur;16/11/2015
2015;72031.001067/2015-08;Associação Sergipana de Blocos de Trio - ASBT;742106;1203/2010;Ofício nº 1850/2015/AECI/MTur;16/11/2015
2015;72031.001063/2015-11;Associação Sergipana de Blocos de Trio - ASBT;732317;0142/2010;Ofício nº 1851/2015/AECI/MTur;16/11/2015
2015;72031.000819/2015-13;Município Gonzaga;733685;0344/2010;Ofício nº 1852/2015/AECI/MTur;16/11/2015
2015;72031.001190/2015-11;Associação Sergipana de Blocos de Trio - ASBT;732004;0033/2010;Ofício nº 1842/2015/AECI/MTur;16/11/2015
2015;72031.001066/2015-55;Associação Sergipana de Blocos de Trio - ASBT;703816;0549/2009;Ofício nº 1853/2015/AECI/MTur;16/11/2015
2015;72031.001234/2015-11; Associação Sergipana de Blocos de Trio - ASBT;700266;1265/2008;Ofício nº 1854/2015/AECI/MTur;16/11/2015
2015;72031.000765/2015-88;Associação Comercial de Governador Valadares ;633658;1192/2008;Ofício nº 1855/2015/AECI/MTur;16/11/2015
2015;72031.001274/2015-54;Associação Sergipana de Blocos de Trio - ASBT;703498;0303/2009;Ofício nº 1856/2015/AECI/MTur;16/11/2015
2015;72031.008442/2011-17;Oscip Tercon Brasil;723876;1755/2009;Ofício nº 1718/2015/AECI/MTur;13/11/2015
2015;72031.009216/2010-64;Associação Sergipana de Blocos de Trio - ASBT;702988;0034/2009;Ofício nº 1719/2015/AECI/MTur;13/11/2015
2015;72031.008794/2011-64;Município de Juripiranga;703789;0528/2009;Ofício nº 1720/2015/AECI/MTur;13/11/2015
2015;72031.001568/2015-86;Associação Sergipana de Blocos de Trio - ASBT;739365;0934/2010;Ofício nº 1721/2015/AECI/MTur;13/11/2015
2015;72031.001156/2015-46;Associação Sergipana de Blocos de Trio - ASBT;649530;1610/2008;Ofício nº 1722/2015/AECI/MTur;13/11/2015
2015;00190.001293/2015-47;Município de Triunfo;565555;Contrato de Repasse nº 193.624-99/2006;Ofício nº 1723/2015/AECI/MTur;13/11/2015
2015;72031.008902/2010-18;Município de Palmas;703815;0548/2009;Ofício nº 1724/2015/AECI/MTur;13/11/2015
2015;72031.010055/2011-32;Município de Itapipoca;742219;1287/2010;Ofício nº 1725/2015/AECI/MTur;13/11/2015
2015;72031.001065/2015-19;Associação Sergipana de Blocos de Trio - ASBT;703216;0143/2009;Ofício nº 1726/2015/AECI/MTur;13/11/2015
2015;72031.001413/2015-40;Associação Sergipana de Blocos de Trio - ASBT;623787;0066/2008;Ofício nº 1727/2015/AECI/MTur;13/11/2015
2015;00190.000830/2015-31;Município de Goiana;604942;Contrato de Repasse nº 227.458-21/2007;Ofício nº 1728/2015/AECI/MTur;13/11/2015
2015;72031.001082/2015-48;Associação Sergipana de Blocos de Trio - ASBT;629760;1139/2008;Ofício nº 1729/2015/AECI/MTur;13/11/2015
2015;72031.000296/2015-05;Município de São José do Barreiro;701930;7350/2008;Ofício nº 1730/2015/AECI/MTur;13/11/2015
2015;72031.001074/2015-00;Associação Sergipana de Blocos de Trio - ASBT;704183;0736/2009;Ofício nº 1731/2015/AECI/MTur;13/11/2015
2015;72031.006920/2014-99;Associação Cena Aberta;629813;1129/2008;Ofício nº 1732/2015/AECI/MTur;13/11/2015
2015;72031.008101/2013-03;Município de Quiterianópolis;626802;0201/2008;Ofício nº 1733/2015/AECI/MTur;13/11/2015
2015;72031.006389/2013-73;Município de Quiterianópolis;703510;0312/2009;Ofício nº 1734/2015/AECI/MTur;13/11/2015
2015;72031.006980/2010-88;Companhia de Turismo do Estado do Rio de Janeiro - TURISRIO;447907;0089/2001;Ofício nº 1735/2015/AECI/MTur;13/11/2015
2015;00190.012932/2015-08;Município de São Vicente Ferrer;704389;291.445-09/2009;Ofício nº 1736/2015/AECI/MTur;13/11/2015
2015;72031.008507/2013-88;Município de Pires do Rio;719197;1459/2009;Ofício nº 1737/2015/AECI/MTur;13/11/2015
2015;72031.001407/2015-92;Associação Sergipana de Blocos de Trio - ASBT;702995;0043/2009;Ofício nº 1738/2015/AECI/MTur;13/11/2015
2015;72100.000722/2012-99 ;Confederação Brasileira de Convention & Visitors Bureaux - CBC&VB;702338;0039/2008;Ofício nº 1739/2015/AECI/MTur;13/11/2015
2015;72031.001071/2015-68;Associação Sergipana de Blocos de Trio - ASBT;703085;0101/2009;Ofício nº 1762/2015/AECI/MTur;13/11/2015
2015;72031.007255/2011-16;Município de Joaquim Nabuco;564858;0337/2006;Ofício nº 1780/2015/AECI/MTur;13/11/2015
2015;72031.000865/2015-12;Fundação Porto Seguro Promoções e Eventos;731910;0009/2010;Ofício nº 1781/2015/AECI/MTur;13/11/2015
2015;72031.000870/2015-17;Município de Ubirajara;733118;0283/2010;Ofício nº 1783/2015/AECI/MTur;13/11/2015
2015;72031.002157/2015-16;Município de Vista Serrana;737995;0809/2010;Ofício nº 1784/2015/AECI/MTur;13/11/2015
2015;72031.010533/2011-12;Instituto Projeto Viver;737579;0761/2010;Ofício nº 1785/2015/AECI/MTur;13/11/2015
2015;72031.000875/2015-40;Município de Campina Grande;703586;0360/2009;Ofício nº 1786/2015/AECI/MTur;13/11/2015
2015;72031.000911/2015-75;Liga Nacional de Esportes de Aventura - LIGA;600359;0672/2007;Ofício nº 1787/2015/AECI/MTur;13/11/2015
2015;72031.001408/2015-37;Associação Sergipana de Blocos de Trio - ASBT;708815;1252/2009;Ofício nº 1788/2015/AECI/MTur;13/11/2015
2015;72031.004593/2011-98;Município de Divinópolis de Goiás;741552;1181/2010;Ofício nº 1789/2015/AECI/MTur;13/11/2015
2015;72031.000869/2015-92;Município de Campo Alegre;737113;0684/2010;Ofício nº 1790/2015/AECI/MTur;13/11/2015
2015;72031.001212/2015-42;Associação Sergipana de Blocos de Trio - ASBT;625046;0187/2008;Ofício nº 1791/2015/AECI/MTur;13/11/2015
2015;72031.000868/2015-48;Município de Porto Esperidião;720436;1536/2009;Ofício nº 1792/2015/AECI/MTur;13/11/2015
2015;72031.001275/2015-07;Associação Sergipana de Blocos de Trio - ASBT;704042;0656/2009;Ofício nº 1793/2015/AECI/MTur;13/11/2015
2015;72031.001283/2015-45;Associação Sergipana de Blocos de Trio - ASBT;732314;0113/2010;Ofício nº 1794/2015/AECI/MTur;13/11/2015
2015;72031.000552/2015-56;Município de São José do Sabugi;703701;0496/2009;Ofício nº 1795/2015/AECI/MTur;13/11/2015
2015;72031.002108/2015-75;Município de Sertãozinho;703234;0159/2009;Ofício nº 1796/2015/AECI/MTur;13/11/2015
2015;72031.000814/2015-82;Município de Monte Alegre;740826;1063/2010;Ofício nº 1798/2015/AECI/MTur;13/11/2015
2015;72031.001285/2015-34;Associação Sergipana de Blocos de Trio - ASBT;733218;0304/2010;Ofício nº 1800/2015/AECI/MTur;13/11/2015
2015;72031.006501/2010-23;Município de Penedo;629376;0196/2008;Ofício nº 1803/2015/AECI/MTur;13/11/2015
2015;72031.000500/2015-80;Município de Laranjeiras;733131;0296/2010;Ofício nº 1804/2015/AECI/MTur;13/11/2015
2015;72031.001394/2015-51;Associação Sergipana de Blocos de Trio - ASBT;629761;1140/2008;Ofício nº 1805/2015/AECI/MTur;13/11/2015
2015;72031.001185/2015-16;Associação Sergipana de Blocos de Trio - ASBT;734870;0416/2010;Ofício nº 1806/2015/AECI/MTur;13/11/2015
2015;72031.001204/2015-04;Associação Sergipana de Blocos de Trio - ASBT;732318;0140/2010;Ofício nº 1808/2015/AECI/MTur;13/11/2015
2015;72031.001192/2015-18;Associação Sergipana de Blocos de Trio - ASBT;703484;0288/2009;Ofício nº 1809/2015/AECI/MTur;13/11/2015
2015;00190.010686/2015-41;Município de Alto Alegre;571651;197.213-14/2006;Ofício nº 1810/2015/AECI/MTur;13/11/2015
2015;72031.001397/2015-95;Associação Sergipana de Blocos de Trio - ASBT;638541/701741;1460/2008;Ofício nº 1811/2015/AECI/MTur;13/11/2015
2015;72031.010621/2011-14;Município de Nova Aurora;738746;0878/2010;Ofício nº 1812/2015/AECI/MTur;13/11/2015
2015;72031.000303/2015-61;Departamento de Estradas de Rodagem do Estado do Tocantins;701230;1400/2008;Ofício nº 1813/2015/AECI/MTur;13/11/2015
2015;72031.002247/2012-56;Associação Sergipana de Blocos de Trio - ASBT;598155;0687/2007;Ofício nº 1814/2015/AECI/MTur;13/11/2015
2015;72031.012908/2010-90;Município de Nova Crixás;620235;1007/2007;Ofício nº 1815/2015/AECI/MTur;13/11/2015
2015;72031.000764/2015-33;Associação Cena Aberta;707682;1209/2009;Ofício nº 1816/2015/AECI/MTur;13/11/2015
2015;00190.017065/2015-99;Município de Carpina;653443;267.210-76/2008;Ofício nº 1817/2015/AECI/MTur;13/11/2015
2015;72031.002109/2015-10;Associação Sergipana de Blocos de Trio;732166;0116/2010;Ofício nº 1818/2015/AECI/MTur;13/11/2015
2015;72031.001634/2011-94;Integração do Progresso e Desenvolvimento Nacional - IPDN;744043;1355/2010;Ofício nº 1819/2015/AECI/MTur;13/11/2015
2015;72031.000309/2011-12;Município de Mucambo;628538;0204/2008;Ofício nº 1820/2015/AECI/MTur;13/11/2015
2015;72031.000237/2011-03;Município de Rio dos Bois;733277;0316/2010;Ofício nº 1821/2015/AECI/MTur;13/11/2015
2015;72031.000667/2012-06;Instituto Cultural e Educacional do Paraguaçu - INCEP;753290;1537/2010;Ofício nº 1822/2015/AECI/MTur;13/11/2015
2015;72031.002156/2015-63;Associação Sergipana de Blocos de Trio;703583;0368/2009;Ofício nº 1823/2015/AECI/MTur;13/11/2015
2015;72031.001396/2011-17;Município de Gurupi;703480;0286/2009;Ofício nº 1824/2015/AECI/MTur;13/11/2015
2015;72031.000309/2015-38;Associação Cena Aberta;634092;1153/2008;Ofício nº 1825/2015/AECI/MTur;13/11/2015
2015;72031.000300/2015-27;Instituto Zabilin de Arte e Cultura;728246;1864/2009;Ofício nº 1826/2015/AECI/MTur;13/11/2015
2015;72031.010663/2011-47;Município de Água Azul do Norte;737596;0784/2010;Ofício nº 1836/2015/AECI/MTur;13/11/2015
2015;72031.000871/2015-61;Municipio de Lucélia;715267;1346/2009;Ofício nº 1847/2015/AECI/MTur;13/11/2015
2015;72031.000547/2015-43;Associação Ruarte de Cultura;704443;839/2009;Ofício nº 1512/2015/AECI/MTur;05/10/2015
2015;72031.000305/2015-50;Prefeitura Municipal de Montalvânia;732612;199/2010;Ofício nº 1513/2015/AECI/MTur;05/10/2015
2015;72031.008466/2012-49;Prefeitura Municipal de Sapé;703835;563/2009;Ofício nº 1514/2015/AECI/MTur;05/10/2015
2015;72031.000308/2015-93;Prefeitura Municipal de Pau D'arco;734012;371/2010;Ofício nº 1515/2015/AECI/MTur;05/10/2015
2015;72031.000550/2015-67;Secretaria de Estado de Infraestrutura de Mato Grosso -SINFRA (Secretaria de Estado de Transporte e Pavimentação Urbana);740291;1001/2010;Ofício nº 1516/2015/AECI/MTur;05/10/2015
2015;72031.009961/2011-94;Prefeitura Municipal de Cachoeira de Pajeú;742120;1278/2010;Ofício nº 1517/2015/AECI/MTur;05/10/2015
2015;72031.000815/2015-27;Secretaria de Estado de Infraestrutura de Mato Grosso -SINFRA (Secretaria de Estado de Transporte e Pavimentação Urbana);740290;1000/2010   ;Ofício nº 1518/2015/AECI/MTur;05/10/2015
2015;72031.007348/2011-32;Agência de Desenvolvimento do Município da Mesorregião do Vale do Ribeira/Guaraqueçaba - Agência MVRG;510285;213/2004;Ofício nº 1519/2015/AECI/MTur;05/10/2015
2015;72031.006507/2010-09;Prefeitura Municipal de Pilões;704461;844/2009;Ofício nº 1520/2015/AECI/MTur;05/10/2015
2015;72031.001397/2011-61;Integração do Progresso e Desenvolvimento Nacional-IPDN;742131;1282/2010;Ofício nº 1521/2015/AECI/MTur;05/10/2015
2015;72031.016517/2010-44;Prefeitura Municipal de Américo de Campos;701746;1464/2008;Ofício nº 1522/2015/AECI/MTur;05/10/2015
2015;72031.010479/2011-05;Associação de Amigos 100% Saruga;533790;441/2005;Ofício nº 1523/2015/AECI/MTur;05/10/2015
2015;72031.000242/2011-16;Prefeitura Municipal de Japoatã;732848;242/2010;Ofício nº 1524/2015/AECI/MTur;05/10/2015
2015;72031.000312/2011-28;Prefeitura Municipal de Luís Gomes;720176;1503/2009;Ofício nº 1525/2015/AECI/MTur;05/10/2015
2015;72031.001628/2011-37;Prefeitura Municipal de Coreau;734944;441/2010;Ofício nº 1526/2015/AECI/MTur;05/10/2015
2015;72031.003647/2011-06;Prefeitura Municipal de Olho D'Água;739916;1014/2010;Ofício nº 1527/2015/AECI/MTur;05/10/2015
2015;72031.000981/2012-81;Prefeitura Municipal de Uruburetama;732012;41/2010;Ofício nº 1528/2015/AECI/MTur;05/10/2015
2015;72031.000759/2015-21;Associação de Moradores da Comunidade de Cuiabá - AMCC;704616;667/2009;Ofício nº 1529/2015/AECI/MTur;05/10/2015
2015;72031.000323/2011-16;Prefeitura Municipal de Lagamar;734527;400/2010;Ofício nº 1530/2015/AECI/MTur;05/10/2015
2015;72031.010472/2011-85;Prefeitura Municipal de Iepê;740545;1030/2010;Ofício nº 1531/2015/AECI/MTur;05/10/2015
2015;72031.010467/2011-72;Prefeitura Municipal de Colorado;742233;1218/2010;Ofício nº 1532/2015/AECI/MTur;05/10/2015
2015;72031.001196/2011-64;Prefeitura Municipal de Goiana ;732603;183/2010;Ofício nº 1533/2015/AECI/MTur;05/10/2015
2015;72031.006939/2011-92;Associação Menino Jesus de Praga - Tapera das Artes;564833;299/2006;Ofício nº 1534/2015/AECI/MTur;05/10/2015
2015;00190.000562/2015-58;Prefeitura Municipal de Luzilândia;546474;188.160-97/2005;Ofício nº 1535/2015/AECI/MTur;05/10/2015
2015;72031.007366/2011-14;Instituto de Apoio Técnico Especializado à Cidadania - IATEC;592717;145/2007;Ofício nº 1536/2015/AECI/MTur;05/10/2015
2015;72031.000874/2015-03;Prefeitura Municipal de Iporã;703221;148/2009;Ofício nº 1537/2015/AECI/MTur;05/10/2015
2015;72031.010628/2011-28;Prefeitura Municipal de Sítio Novo do Tocantins;634077;975/2008;Ofício nº 1538/2015/AECI/MTur;05/10/2015
2015;72031.012924/2010-82;Prefeitura Municipal de Emas ;704211;754/2009;Ofício nº 1539/2015/AECI/MTur;05/10/2015
2015;72031.000760/2015-55;Prefeitura Municipal de Braúna;741310;1062/2010;Ofício nº 1540/2015/AECI/MTur;05/10/2015
2015;72031.005634/2010-82;Fundação Porto Seguro Promoções e Eventos;622706;jan/08;Ofício nº 1541/2015/AECI/MTur;05/10/2015
2015;72031.004370/2011-21;Instituto de Apoio Técnico Especializado à Cidadania - IATEC;629173;200/2008;Ofício nº 1542/2015/AECI/MTur;05/10/2015
2015;72031.001195/2011-10;Fundação de Cultura, Assistência Social e Saúde da Paraíba;733221;307/2010;Ofício nº 1543/2015/AECI/MTur;05/10/2015
2015;72031.000873/2015-51;Instituto Caminho das Artes-ICA;732146;95/2010;Ofício nº 1544/2015/AECI/MTur;05/10/2015
2015;72031.000872/2015-14;Prefeitura Municipal de São Mamede/PB;703824;557/2009;Ofício nº 1545/2015/AECI/MTur;05/10/2015
2015;72031.002815/2012-19;Fundação Cultural Santa Edwiges;629347;764/2008;Ofício nº 1546/2015/AECI/MTur;05/10/2015
2015;72031.013833/2010-64;Prefeitura Municipal de Alto Rio Novo;702449;1505/2008;Ofício nº 1547/2015/AECI/MTur;05/10/2015
2015;72031.007484/2011-22;Prefeitura Municipal de Nipoã;600349;771/2007;Ofício nº 1549/2015/AECI/MTur;05/10/2015
2015;72031.000864/2015-60;Prefeitura Municipal de Conceição do Tocantins ;738466;859/2010;Ofício nº 1550/2015/AECI/MTur;05/10/2015
2015;72031.013826/2010-62;Prefeitura Municipal de Paudalho;703233;157/2009;Ofício nº 1551/2015/AECI/MTur;05/10/2015
2015;72031.004369/2011-04;Município de Jacinto;622042;0853/2007;Ofício nº 1422/2015/AECI/MTur;10/09/2015
2015;00190.003116/2015-03;Município de Aliança;659519 e 647787;Contratos de Repasse nº 312.673-33/2009 e nº 280.353-75/2009;Ofício nº 1423/2015/AECI/MTur;10/09/2015
2015;00190.001087/2015-37;Município de Marcelino Vieira;585255;Contrato de Repasse nº  200.590-69/2006;Ofício nº 1424/2015/AECI/MTur;10/09/2015
2015;72031.000498/2015-49;Município de Serrinha dos Pintos;732304;0127/2010;Ofício nº 1425/2015/AECI/MTur;10/09/2015
2015;72031.006827/2010-51;Município de Palmares Paulista/SP;629490;0468/2008;Ofício nº 1392/2015/AECI/MTur;04/09/2015
2015;72031.013801/2010-69;Município de Desterro/PB;703822;0559/2009;Ofício nº 1393/2015/AECI/MTur;04/09/2015
2015;72031.006583/2013-59;Município de Bela Cruz/CE;633824;0382/2008;Ofício nº 1394/2015/AECI/MTur;04/09/2015
2015;72031.006219/2010-46;Município de Camutanga/PE;620230;0917/2007;Ofício nº 1395/2015/AECI/MTur;04/09/2015
2015;00190.000682/2015-55;Municípío de Goiana/PE;594733 e 605101;221.531-84/2007 e 247.024-90/2007;Ofício nº 1396/2015/AECI/MTur;04/09/2015
2015;72031.008901/2010-73;Município de Paudalho/PE;704542;0881/2009;Ofício nº 1397/2015/AECI/MTur;04/09/2015
2015;   72031.006264/2014-24;Associação Brusque Jeep Clube/SC;749308;1469/2010;Ofício nº 1398/2015/AECI/MTur;04/09/2015
2015;72031.004770/2014-89;Município de Santarém/PB;703580;0369/2009;Ofício nº 1399/2015/AECI/MTur;04/09/2015
2015;72031.013347/2010-46;Prefeitura Municipal de Iati/PE;703780;0518/2009;Ofício nº 1400/2015/AECI/MTur;04/09/2015
2015;72031.013820/2010-95;Município de Itapaci/GO;704302;0783/2009;Ofício nº 1401/2015/AECI/MTur;04/09/2015
2015;72031.003645/2014-51;Município de Uauá/BA;736293;0558/2010;Ofício nº 1403/2015/AECI/MTur;04/09/2015
2015;72031.016512/2010-11;Município de Funilândia/MG;720159;1498/2009;Ofício nº 1404/2015/AECI/MTur;04/09/2015
2015;72031.003140/2014-97;Fundação Municipal de Cultura e Turismo - MANAUSCULT/AM;731422;1923/2009;Ofício nº 1405/2015/AECI/MTur;04/09/2015
2015;72031.012906/2010-09;Município de Santa Quitéria/CE;703778;0514/2009;Ofício nº 1406/2015/AECI/MTur;04/09/2015
2015;72031.013909/2010-51;Município de Ielmo Marinho/RN;703812;0545/2009;Ofício nº 1407/2015/AECI/MTur;04/09/2015
2015;72031.008527/2010-14;Associação Brasileira dos Criadores do Cavalo Mangalarga Marchador - ABCCMM/MG;732375;0138/2010;Ofício nº 1408/2015/AECI/MTur;04/09/2015
2015;72031.000660/2009-81;Município de Nova Granada/SP;622867;0017/2008;Ofício nº 1409/2015/AECI/MTur;04/09/2015
2015;72031.000295/2015-52;Município de Estância/SE;740092;1008/2010;Ofício nº 1410/2015/AECI/MTur;04/09/2015
2015;72031.000245/2014-94;Município de Porangatu/GO;732379;0152/2010;Ofício nº 1411/2015/AECI/MTur;04/09/2015
2015;72031.006509/2010-90;Município de Cacimba de Areia/PB;704511;0872/2009;Ofício nº 1412/2015/AECI/MTur;04/09/2015
2015;720312.000214/2014-33;Confederação Brasileira de Convention & Visitors Bureaux;651772;1564/2008;Ofício nº 1107/2015/AECI/MTur;03/08/2015
2015;72031.006753/2014-86;Instituto Zabilin de Arte e Cultura-DF;720399;1537/2009;Ofício nº 1108/2015/AECI/MTur;03/08/2015
2015;72031.005436/2014-42;Prefeitura Municipal de São Caetano - PE;703637;0406/2009;Ofício nº 1109/2015/AECI/MTur;03/08/2015
2015;72031.006274/2014-60;Prefeitura Municipal de Zacarias;632639;353/2008;Ofício nº 1110/2015/AECI/MTur;03/08/2015
2015;72031.006754/2014-21;Prefeitura Municipal de Papanduva;732150;092/2010;Ofício nº 1111/2015/AECI/MTur;03/08/2015
2015;72031.003045/2014-93;Confederação Brasileira de Convention & Visitors Bureaux;703451;0265/2009;Ofício nº 1112/2015/AECI/MTur;03/08/2015
2015;72031.006513/2010-58;Prefeitura Municipal de Olho D'Água dos Borges;703777;0515/2009;Ofício nº 1113/2015/AECI/MTur;03/08/2015
2015;72031.006755/2014-75;Prefeitura Municipal de São Geraldo do Baixio;704113;0697/2009;Ofício nº 1114/2015/AECI/MTur;03/08/2015
2015;72031.000836/2014-61;Instituto Recriar;736129;0531/2010;Ofício nº 1115/2015/AECI/MTur;03/08/2015
2015;72031.002950/2014-26;Prefeitura Municipal de Mataraca;703805;0538/2009;Ofício nº 1116/2015/AECI/MTur;03/08/2015
2015;72031.004096/2014-32;Prefeitura Municipal de Fortaleza do Tabocão;704409;0827/2009;Ofício nº 1117/2015/AECI/MTur;03/08/2015
2015;72031.006751/2014-97;Prefeitura Municipal de Ribeirão do Sul;733183;0292/2010;Ofício nº 1118/2015/AECI/MTur;03/08/2015
2015;72031.006344/2014-80;Fundação Delmiro Gouveia;732099;0075/2010;Ofício nº 1119/2015/AECI/MTur;03/08/2015
2015;72031.006269/2014-57;Prefeitura Municipal de Comodoro;733674;0341/2010;Ofício nº 1120/2015/AECI/MTur;03/08/2015
2015;72031.000059/2014-55;Prefeitura Municipal de Guaraciaba do Norte;564087;0294/2006;Ofício nº 1121/2015/AECI/MTur;03/08/2015
2015;72031.003063/2014-75;Hipnos Companhia de Artes;736822;0658/2010;Ofício nº 1122/2015/AECI/MTur;03/08/2015
2015;72031.001420/2014-61;Prefeitura Municipal de Vargem Alegre ;704081;0675/2009;Ofício nº 1123/2015/AECI/MTur;03/08/2015
2015;72031.005296/2014-11;Prefeitura Municipal de Lages;736461;0549/2010;Ofício nº 1124/2015/AECI/MTur;03/08/2015
2015;72031.008543/2013-41;Prefeitura Municipal de Tuparetama;628169;0508/2008;Ofício nº 1125/2015/AECI/MTur;03/08/2015
2015;72000.003130/2009-51;Prefeitura Municipal de Juazeirinho;631103;0585/2008;Ofício nº 1126/2015/AECI/MTur;03/08/2015
2015;72031.000337/2014-74;Prefeitura Municipal de Jacupiranga;740832;1070/2010;Ofício nº 1127/2015/AECI/MTur;03/08/2015
2015;72031.011701/2011-89;Prefeitura Municipal de Quatis ;638232;1274/2008;Ofício nº 1128/2015/AECI/MTur;03/08/2015
2015;72031.006265/2014-79;Prefeitura Municipal de Jaguaribe;703868;0595/2009;Ofício nº 1129/2015/AECI/MTur;03/08/2015
2015;72031.006256/2014-88;Empresa de Turismo da Bahia S.A. - BAHIATURSA;737565;0749/2010;Ofício nº 1130/2015/AECI/MTur;03/08/2015
2015;72031.006927/2014-19;Instituto de Pesquisa e Ação Modular;704873;1008/2009;Ofício nº 1131/2015/AECI/MTur;03/08/2015
2015;72031.006918/2014-10;Associação do Comércio da Indústria e Agroindustrial de Garanhuns e Agreste Meridional – Aciagam/PE;629878;0786/2008;Ofício nº 1132/2015/AECI/MTur;03/08/2015
2015;72031.004136/2014-46;Prefeitura Municipal de Inhambupe;704479;0860/2009;Ofício nº 1133/2015/AECI/MTur;03/08/2015
2015;72031.000839/2014-03;Prefeitura Municipal de São José do Sabugi;742098;1212/2010;Ofício nº 1134/2015/AECI/MTur;03/08/2015
2015;72031.008886/2011-44;Fundação Quinteto Violado;485107;0073/2003;Ofício nº 1135/2015/AECI/MTur;03/08/2015
2015;72031.005394/2014-40;Município de Espírito Santo do Turvo;634081;0920/2008;Ofício nº 1136/2015/AECI/MTur;03/08/2015
2015;72031.003806/2014-15;Prefeitura Municipal de São João das Duas Pontes;739977;1017/2010;Ofício nº 1137/2015/AECI/MTur;03/08/2015
2015;72031.005479/2014-28;Prefeitura Municipal de Corumbaíba/GO;735477;0462/2010;Ofício nº 1138/2015/AECI/MTur;03/08/2015
2015;72031.003800/2014-30;Prefeitura Municipal de Cáceres;732644;0212/2010;Ofício nº 1139/2015/AECI/MTur;03/08/2015
2015;72031.006346/2014-79;Prefeitura Municipal de São Desidério;764551;0461/2011;Ofício nº 1140/2015/AECI/MTur;03/08/2015
2015;72031.007357/2011-23;Município de Sebastianópolis do Sul;703853;584/2009;Ofício nº 1210/2015/AECI/MTur;03/08/2015
2015;72031.003048/2014-27;Fundação Universa;723828;1732/2009;Ofício nº 1211/2015/AECI/MTur;03/08/2015
2015;72031.006742/2012-34;Minucípio de Pingo D'Água;705812;1123/2009;Ofício nº 1212/2015/AECI/MTur;03/08/2015
2015;72031.003141/2014-31;Município de Mucugê;733644;332/2010;Ofício nº 1213/2015/AECI/MTur;03/08/2015
2015;72031.000352/2014-12;Secretaria do Turismo do Estado do Piauí;733989;361/2010;Ofício nº 1214/2015/AECI/MTur;03/08/2015
2015;72031.007245/2012-53;Confederação Brasileira de Convention & Visitors Bureaux;724380;1694/2009;Ofício nº 1215/2015/AECI/MTur;03/08/2015
2015;72031.004599/2011-65;Município de Penedo;737612;742/2010;Ofício nº 1216/2015/AECI/MTur;03/08/2015
2015;72031.001404/2011-25;Centro de Tradições Gaúchas Sela de Prata;703442;262/2009;Ofício nº 1217/2015/AECI/MTur;03/08/2015
2015;72031.005294/2014-13;Município de Arcoverde;738460;850/2010;Ofício nº 1218/2015/AECI/MTur;03/08/2015
2015;72031.001034/2011-26;Piauí Turismo - Piemtur;706523;1152/2009;Ofício nº 1219/2015/AECI/MTur;03/08/2015
2015;72031.013343/2010-68;Município de Guaimbê;703545;337/2009;Ofício nº 1220/2015/AECI/MTur;03/08/2015
2015;72031.003187/2011-16;Município de São Sebastião do Umbuzeiro;737608;764/2010;Ofício nº 1221/2015/AECI/MTur;03/08/2015
2015;72031.005331/2011-41;Município de Serraria;732939;273/2010;Ofício nº 1222/2015/AECI/MTur;03/08/2015
2015;72031.000336/2014-20;Município de Arcoverde;703500;301/2009;Ofício nº 1223/2015/AECI/MTur;03/08/2015
2015;72031.001374/2011-57;Município de Pilões;703774;513/2009;Ofício nº 1224/2015/AECI/MTur;03/08/2015
2015;72031.006367/2014-94;Instituto Brazil Global;704316;789/2009;Ofício nº 1225/2015/AECI/MTur;03/08/2015
2015;72031.006714/2011-36;Associação Paranaense da Indústria Têxtil e do Vestuário - Vestpar;510060;211/2004;Ofício nº 1226/2015/AECI/MTur;03/08/2015
2015;72031.005437/2014-97;Município de Planalto;629881;281/2008;Ofício nº 1227/2015/AECI/MTur;03/08/2015
2015;72031.006266/2014-13;Clube dos Vinte e Dois;704313;786/2009;Ofício nº 1228/2015/AECI/MTur;03/08/2015
2015;72031.000234/2011-61;Município de São Pedro do Turvo;735848;496/2010;Ofício nº 1229/2015/AECI/MTur;03/08/2015
2015;72031.008452/2013-14;Federação Brasileira de Convention & Visitors Bureaux;559382;108/2006;Ofício nº 1230/2015/AECI/MTur;03/08/2015
2015;72031.004592/2011-43;Município de Primavera;736921;677/2010;Ofício nº 1231/2015/AECI/MTur;03/08/2015
2015;72031.004638/2011-24;Município de Balbinos;739368;959/2010;Ofício nº 1232/2015/AECI/MTur;03/08/2015
2015;72031.013794/2010-03;Município de Diamante;704298;779/2009;Ofício nº 1233/2015/AECI/MTur;03/08/2015
2015;72031.015715/2010-91;Município de São João do Paraíso;703697;463/2009;Ofício nº 1234/2015/AECI/MTur;03/08/2015
2015;72031.008294/2013-94;Município de Traipu;722480;1646/2009;Ofício nº 1235/2015/AECI/MTur;03/08/2015
2015;72031.010057/2011-21;Município de Alvares Florence;701874;1475/2008;Ofício nº 1236/2015/AECI/MTur;03/08/2015
2015;72031.007632/2011-17;Município de José Boiteux;703209;138/2009;Ofício nº 1237/2015/AECI/MTur;03/08/2015
2015;72031.006365/2014-03;Município de Mira Estrela;704119;702/2009;Ofício nº 1238/2015/AECI/MTur;03/08/2015
2015;72100.000182/2011-62;Prefeitura Municipal de Ilhéus/ BA;393411;31/2000;Ofício nº 1242/2015/AECI/MTur;03/08/2015
2015;72031.000525/2012-31;Prefeitura Municipal de Pirenópolis/GO;731926;0015/2010;Ofício nº 1243/2015/AECI/MTur;03/08/2015
2015;72031.007049/2013-60;Associação de Radiodifusão Comunitária dos Amigos de Iara/ CE;724704;1778/2009;Ofício nº 1244/2015/AECI/MTur;03/08/2015
2015;72031.006709/2011-23;Município de Terezópolis de Goiás / GO;707413;1195/2009;Ofício nº 1245/2015/AECI/MTur;03/08/2015
2015;72031.000984/2012-14;Prefeitura Municipal de Sertânia/PE;734939;0437/2010;Ofício nº 1246/2015/AECI/MTur;03/08/2015
2015;72031.007264/2012-80;Município de Divinolândia de Minas/ MG;705786;1106/2009;Ofício nº 1247/2015/AECI/MTur;03/08/2015
2015;72031.010065/2011-78;Município de Aroeiras/PB;742220;1175/2010;Ofício nº 1248/2015/AECI/MTur;03/08/2015
2015;72031.011530/2011-98;Empresa Brasiliense de Turismo - Brasíliatur;626323;031/2008;Ofício nº 1249/2015/AECI/MTur;03/08/2015
2015;72031.008719/2013-65;Prefeitura Municipal de Apuiarés/CE;739394;0985/2010;Ofício nº 1250/2015/AECI/MTur;03/08/2015
2015;72031.006272/2014-71;Goiás Turismo - Agência Estadual do Turismo/GO;638512/700425;1285/2008;Ofício nº 1251/2015/AECI/MTur;03/08/2015
2015;72000.003271/2009-74;Abrigo Dr. Juiz Demóstenes Batista Veras;509329;0215/2004;Ofício nº 1252/2015/AECI/MTur;03/08/2015
2015;72031.009645/2013-84;Município de Piquete/SP;628487;391/2008;Ofício nº 1253/2015/AECI/MTur;03/08/2015
2015;72031.008354/2012-98;Prefeitura Municipal de Cruzeiro da Fortaleza / MG;735861;0486/2010;Ofício nº 1254/2015/AECI/MTur;03/08/2015
2015;72031.001931/2014-82;Prefeitura Municipal de Santana/AP;700684;1320/2008;Ofício nº 1255/2015/AECI/MTur;03/08/2015
2015;72031.006944/2011-03;Prefeitura Municipal de Umbaúba/SE;629298;0320/2008;Ofício nº 1256/2015/AECI/MTur;03/08/2015
2015;72031.006083/2010-74;Prefeitura Municipal de Santarém/PB;564785;309/2006;Ofício nº 1257/2015/AECI/MTur;03/08/2015
2015;72031.008796/2013-15;Prefeitura Municipal de Chapecó/SC;740846;1105/2010;Ofício nº 1258/2015/AECI/MTur;03/08/2015
2015;00190.000055/2015-14;Prefeitura Municipal de Fonte Boa/AM;525865;174.538-43/2005;Ofício nº 1259/2015/AECI/MTur;03/08/2015
2015;00190.000230/2015-73;Prefeitura Municipal de Itinga do Maranhão/MA;629021;260.698-10/2008;Ofício nº 1260/2015/AECI/MTur;03/08/2015
2015;00190.003114/2015-14;Prefeitura Municipal de Iati/PE;585193;199.524-16/2006;Ofício nº 1261/2015/AECI/MTur;03/08/2015
2015;72031.006760/2014-88;Município de Ituverava/SP;707457;1202/2009;Ofício nº 1141/2015/AECI/MTur;31/07/2015
2015;72031.001808/2014-61;PM de Piquete/SP;733117;0287/2010;Ofício nº 1142/2015/AECI/MTur;31/07/2015
2015;72031.000215/2014-88;Instituto Paidéia de Expressão e Comunicação/DF;738801;880/2010;Ofício nº 1143/2015/AECI/MTur;31/07/2015
2015;72031.004139/2014-80;PM de Careiro/AM;727152;1821/2009;Ofício nº 1144/2015/AECI/MTur;31/07/2015
2015;72031.002998/2014-34;Prefeitura Municipal de Tavares;703446;0263/2009;Ofício nº 1145/2015/AECI/MTur;31/07/2015
2015;72031.003648/2014-95;Instituto Educar e Crescer - IEC/DF;632057;1156/2008;Ofício nº 1146/2015/AECI/MTur;31/07/2015
2015;72031.002007/2014-13;Associação dos Amigos da Educação e Cultura do Norte do Paraná;732967;0277/2010;Ofício nº 1147/2015/AECI/MTur;31/07/2015
2015;72031.004781/2014-69;PM de Porto Calvo/AL;721981;1595/2009;Ofício nº 1148/2015/AECI/MTur;31/07/2015
2015;72031.006366/2014-40;Empresa Brasiliense de Turismo - Brasíliatur;620567;0964/2007;Ofício nº 1149/2015/AECI/MTur;31/07/2015
2015;72031.003044/2014-49;Município de Tupaciguara/MG;719459;1465/2009;Ofício nº 1150/2015/AECI/MTur;31/07/2015
2015;72031.003647/2014-41;PM de São Domingos do Prata/MG;586534;588/2006;Ofício nº 1151/2015/AECI/MTur;31/07/2015
2015;72031.004138/2014-35;PM de Frei Inocêncio/MG;704327;0793/2009;Ofício nº 1152/2015/AECI/MTur;31/07/2015
2015;72031.000260/2014-32;PM de Campina Grande/PB;724796;1790/2009;Ofício nº 1153/2015/AECI/MTur;31/07/2015
2015;72031.004707/2014-42;PM de Piaçabuçu/AL;742119;01248/2010;Ofício nº 1154/2015/AECI/MTur;31/07/2015
2015;72031.004098/2014-21;Instituto Educar e Crescer - IEC/DF;705085;1062/2009;Ofício nº 1155/2015/AECI/MTur;31/07/2015
2015;72031.006951/2014-40;Instituto Educar e Crescer - IEC;705097;1090/2009;Ofício nº 1156/2015/AECI/MTur;31/07/2015
2015;72031.006752/2014-31;Associação do Desenvolvimento Comunitário e dos Pequenos Produtores Rurais de Gurinhatã - ADCPPRG/MG;729126;1908/2009;Ofício nº 1157/2015/AECI/MTur;31/07/2015
2015;72031.002992/2014-67;PM de Tanguá/RJ;732416;0168/2010;Ofício nº 1158/2015/AECI/MTur;31/07/2015
2015;72031.006917/2014-75;PM de Jaguaraçu/MG;703534;330/2009;Ofício nº 1160/2015/AECI/MTur;31/07/2015
2015;72031.006759/2014-53;PM de Central de Minas/MG;705310;1099/2009;Ofício nº 1161/2015/AECI/MTur;31/07/2015
2015;72031.006916/2014-21;Instituto de Pesquisa e Ação Modular - IPAM/DF;704496;858/2009;Ofício nº 1162/2015/AECI/MTur;31/07/2015
2015;72031.006341/2014-46;PM de Livramento/PB;703723;0478/2009;Ofício nº 1163/2015/AECI/MTur;31/07/2015
2015;72031.003646/2014-04;Município de Córrego Novo/MG;700884;1350/2008;Ofício nº 1164/2015/AECI/MTur;31/07/2015
2015;72031.006924/2014-77;Município de Orós/CE;629139;0499/2008;Ofício nº 1165/2015/AECI/MTur;31/07/2015
2015;72031.006855/2014-00;Município de Aiuaba/CE;703038;0081/2009;Ofício nº 1166/2015/AECI/MTur;31/07/2015
2015;72031.004767/2014-65;Instituto Brasil de Arte, Esporte, Cultura e Lazer - INBRASIL;737450;0692/2010;Ofício nº 1167/2015/AECI/MTur;31/07/2015
2015;72031.006369/2014-83;Confederação Brasileira de Convention & Visitors Bureaux/DF;704095;0684/2009;Ofício nº 1168/2015/AECI/MTur;31/07/2015
2015;72031.000216/2014-22;PM de Boqueirão/PB;629497;600/2008;Ofício nº 1169/2015/AECI/MTur;31/07/2015
2015;72031.006348/2014-68;PM de Wenceslau Guimarães/BA;703599;0378/2010;Ofício nº 1170/2015/AECI/MTur;31/07/2015
2015;72031.001807/2014-17;PM de Riacho das Almas/PE;704916;1030/2009;Ofício nº 1171/2015/AECI/MTur;31/07/2015
2015;72031.006345/2014-24;PM de Água Branca/AL;704300;0781/2009;Ofício nº 1172/2015/AECI/MTur;31/07/2015
2015;72031.006298/2014-19;PM de Brejo da Madre de Deus/PE;717490;1396/2009;Ofício nº 1173/2015/AECI/MTur;31/07/2015
2015;72031.006363/2014-14;PM de Lourenço do Sul/RS;731918;012/2010;Ofício nº 1173/2015/AECI/MTur;31/07/2015
2015;72031.004783/2014-58;Associação do Núcleo da Mulher/BA;723601;004/2009;Ofício nº 1174/2015/AECI/MTur;31/07/2015
2015;72031.006368/2014-39;PM de Itabirinha/MG;625907;0216/2008;Ofício nº 1175/2015/AECI/MTur;31/07/2015
2015;72031.005398/2014-28;PM de Uauá/BA;703618;0400/2009;Ofício nº 1176/2015/AECI/MTur;31/07/2015
2015;72031.006275/2014-12;Goiás Turismo - Agência Goiana de Turismo/GO;702561;1538/2008;Ofício nº 1177/2015/AECI/MTur;31/07/2015
2015;72031.006921/2014-33;PM de Lagoa Santa/GO;703765;509/2009;Ofício nº 1178/2015/AECI/MTur;31/07/2015
2015;72031.003802/2014-29;PM de Barreirinha/AM;736119;0520/2010;Ofício nº 1179/2015/AECI/MTur;31/07/2015
2015;72031.006255/2014-33;PM  de Silvânia/GO;704544;0887/2010;Ofício nº 1180/2015/AECI/MTur;31/07/2015
2015;72031.006919/2014-64;PM de Piracanjuba/GO;709142;01273/2009;Ofício nº 1181/2015/AECI/MTur;31/07/2015
2015;72031.003797/2014-54;Prefeitura Municipal de São Gonçalo do Amarante;446791;0419/2001;Ofício nº 1182/2015/AECI/MTur;31/07/2015
2015;72031.006757/2014-64;Prefeitura Municipal de Virgolândia;625887;0318/2008;Ofício nº 1183/2015/AECI/MTur;31/07/2015
2015;72031.005082/2012-74;Prefeitura Municipal de Sorriso;620043;0720/2007;Ofício nº 1184/2015/AECI/MTur;31/07/2015
2015;72031.005441/2014-55;Prefeitura Municipal de Fazenda Rio Grande;737606;0768/2010;Ofício nº 1185/2015/AECI/MTur;31/07/2015
2015;72031.006323/2014-64;Prefeitura Municipal de Itaú;719192;1458/2009;Ofício nº 1186/2015/AECI/MTur;31/07/2015
2015;72031.005275/2014-97;Empresa Brasiliense de Turismo - Brasíliatur/DF;599909;0744/2007;Ofício nº 1187/2015/AECI/MTur;31/07/2015
2015;72031.000259/2014-16;Federação Brasileira de Convention & Visitors Bureaux;622363;0950/2007;Ofício nº 1188/2015/AECI/MTur;31/07/2015
2015;72031.001255/2014-47;Instituto Comunidade Participativa - ICP;736292;0560/2010;Ofício nº 1189/2015/AECI/MTur;31/07/2015
2015;72031.003649/2014-30;Instituto Educar e Crescer;704786;0972/2009;Ofício nº 1190/2015/AECI/MTur;31/07/2015
2015;72031.000080/2014-51;Prefeitura Municipal de Tamboril;723189;1690/2009;Ofício nº 1191/2015/AECI/MTur;31/07/2015
2015;72031.003051/2014-41;Prefeitura Municipal de Mogeiro;628561;0227/2008;Ofício nº 1192/2015/AECI/MTur;31/07/2015
2015;72031.006321/2014-75;Prefeitura Municipal de Rio Casca;721995;1603/2009;Ofício nº 1193/2015/AECI/MTur;31/07/2015
2015;72031.006359/2014-48;Prefeitura Municipal de Muribeca;703928;0607/2009;Ofício nº 1194/2015/AECI/MTur;31/07/2015
2015;72031.006758/2014-17;Prefeitura Municipal de São Bento;701168;1398/2008;Ofício nº 1195/2015/AECI/MTur;31/07/2015
2015;72031.003798/2014-07;Instituto Brasileiro de Desenvolvimento Institucional ;733968;0363/2010;Ofício nº 1196/2015/AECI/MTur;31/07/2015
2015;72031.005433/2014-17;PROJEMAXI - Projetos, Eventos e Desenvolvimento;"732399/
732171732399/
732171732399/
732171732399/
732171732399/
732171732399/
732171732399/
732171732399/
732171732399/
732171732399/
732171732399/
732171732399/
732171732399/
732171732399/
732171732399/
732171732399/
732171732399/
732171732399/
732171732399/
732171732399/
732171732399/
732171";"0165/2010
0115/20100165/2010
0115/20100165/2010
0115/20100165/2010
0115/20100165/2010
0115/20100165/2010
0115/20100165/2010
0115/20100165/2010
0115/20100165/2010
0115/20100165/2010
0115/20100165/2010
0115/20100165/2010
0115/20100165/2010
0115/20100165/2010
0115/20100165/2010
0115/20100165/2010
0115/20100165/2010
0115/20100165/2010
0115/20100165/2010
0115/20100165/2010
0115/20100165/2010
0115/2010";Ofício nº 1197/2015/AECI/MTur;31/07/2015
2015;72031.006325/2014-53;Prefeitura Municipal de Paracuru;728337;1873/2009;Ofício nº 1198/2015/AECI/MTur;31/07/2015
2015;72031.006362/2014-61;Prefeitura Municipal de Iati;704715;0933/2009;Ofício nº 1199/2015/AECI/MTur;31/07/2015
2015;72031.006273/2014-15;Prefeitura Municipal de Mãe D'Água;704023;0642/2009;Ofício nº 1200/2015/AECI/MTur;31/07/2015
2015;72031.006756/2014-10;Prefeitura Municipal de Pirapozinho;703877;0596/2009;Ofício nº 1201/2015/AECI/MTur;31/07/2015
2015;72031.006914/2014-31;Prefeitura Municipal de Sousa;740402;1045/2010;Ofício nº 1202/2015/AECI/MTur;31/07/2015
2015;72031.001300/2014-63;Prefeitura Municipal de Vila Boa;727172;1823/2009;Ofício nº 1203/2015/AECI/MTur;31/07/2015
2015;72031.006370/2014-16;Secretaria de Estado de Desenvolvimento do Turismo de Mato Grosso/MT;703606;0384/2009;Ofício nº 1204/2015/AECI/MTur;31/07/2015
2015;72031.006923/2014-22;PM de Catingueira/PB;592949;263/2007;Ofício nº 1205/2015/AECI/MTur;31/07/2015
2015;72031.006300/2014-50;Instituto Educar e Crescer;703293;0196/2009;Ofício nº 1206/2015/AECI/MTur;31/07/2015
2015;72031.006252/2014-08;Empresa de Turismo da Bahia S.A. - BAHIATUR SA;740839;1109/2010;Ofício nº 1207/2015/AECI/MTur;31/07/2015
2015;72031.005295/2014-68;Prefeitura Municipal de Santo Anastácio ;708671;1250/2009;Ofício nº 1208/2015/AECI/MTur;31/07/2015
2015;72031.000096/2014-63;Prefeitura Municipal de Quijingue;723139;1670/2009;Ofício nº 1209/2015/AECI/MTur;31/07/2015
2015;72031.005475/2014-40;Prefeitura Municipal de Itaporanga/SC;732043;631/2010 ;Ofício nº 767/2015/AECI/MTur;30/06/2015
2015;72031.005438/2014-31;Prefeitura Municipal  de Diogo de Vasconcelos/MG;704661;922/2009;Ofício nº 768/2015/AECI/MTur;30/06/2015
2015;72031.003139/2014-62 ;Associação de Cultura e Turismo de Gramado – ACTG/RS;594613;413/2007;Ofício nº 769/2015/AECI/MTur;30/06/2015
2015;72031.000095/2014-19;Associação da Parada do Orgulho de Gays, Lésbicas, Bissexuais e Transgêneros de São Paulo;736670;618/2010;Ofício nº 770/2015/AECI/MTur;30/06/2015
2015;72031.000084/2014-39;Feira Nacional do Milho;592054;044/2007;Ofício nº 771/2015/AECI/MTur;30/06/2015
2015;72031.003795/2014-65;Associação de Rodeio Completo de Taciba – Os Tropeiros/SP;703402;249/2009;Ofício nº 772/2015/AECI/MTur;30/06/2015
2015;72031.001831/2014-56;Prefeitura Municipal de Porto Nacional/TO;633212;1040/2008;Ofício nº 774/2015/AECI/MTur;30/06/2015
2015;72031.005474/2014-03;Secretaria de Estado de Desenvolvimento do Turismo de Mato Grosso – SEDTUR/MT;702217;1555/2008;Ofício nº 775/2015/AECI/MTur;30/06/2015
2015;72031.004709/2014-31;Prefeitura Municipal  de Uruaçu/GO;703756;503/2009;Ofício nº 776/2015/AECI/MTur;30/06/2015
2015;72031.006340/2014-00 ;Prefeitura Municipal  de Uruaçu/GO;724724;1780/2009;Ofício nº 777/2015/AECI/MTur;30/06/2015
2015;72031.005272/2014-53;Prefeitura Municipal de Poloni/SP;707698;1212/2009;Ofício nº 779/2015/AECI/MTur;30/06/2015
2015;72031.000339/2014-63;Prefeitura Municipal  de Itabirinha/MG;618957;1008/2007;Ofício nº 780/2015/AECI/MTur;30/06/2015
2015;72031.000515/2014-67;Instituto Mineiro de Desenvolvimento de Cidadania – IMDC/MG;700990;1297/2008;Ofício nº 781/2015/AECI/MTur;30/06/2015
2015;72031.002948/2014-57;Prefeitura Municipal  de Santa Helena de Minas/MG;760401;374/2011;Ofício nº 782/2015/AECI/MTur;30/06/2015
2015;72031.005442/2014-08;Prefeitura Municipal  de São João do Manteninha/MG;763454;449/2011;Ofício nº 783/2015/AECI/MTur;30/06/2015
2015;72031.005442/2014-08;Prefeitura Municipal  de São João do Manteninha/MG;701141;1384/2008;Ofício nº 783/2015/AECI/MTur;30/06/2015
2015;72031.006262/2014-35;Prefeitura Municipal de Embaúba/SP;724789;1777/2009;Ofício nº 784/2015/AECI/MTur;30/06/2015
2015;72031.005392/2014-51;Prefeitura Municipal  de Ubaporanga/MG;732643;209/2010;Ofício nº 785/2015/AECI/MTur;30/06/2015
2015;72031.008346/2012-41;PM de São Felix de Minas/MG;704093;688/2009;Ofício nº 787/2015/AECI/MTur;30/06/2015
2015;72031.014074/2010-57;Prefeitura Municipal de São José da Safira/MG;629843;332/2008;Ofício nº 788/2015/AECI/MTur;30/06/2015
2015;72031.004768/2014-18;Prefeitura Municipal  de Tavares/PB;627942;234/2008;Ofício nº 789/2015/AECI/MTur;30/06/2015
2015;72031.000502/2014-98;Prefeitura Municipal  de Boqueirão/PB;700053;1214/2009;Ofício nº 790/2015/AECI/MTur;30/06/2015
2015;72031.001929/2014-11;Prefeitura Municipal  de Piancó/PB;564292;134/2006;Ofício nº 792/2015/AECI/MTur;30/06/2015
2015;72031.003106/2014-12;Associação para o Desenvolvimento Imobiliário e Turístico do Brasil - ADIT-Nordeste/AL ;732282;118/2010;Ofício nº 793/2015/AECI/MTur;30/06/2015
2015;72031.001185/2014-27;Premium Avança Brasil/GO;704124;706/2009;Ofício nº 794/2015/AECI/MTur;30/06/2015
2015;72031.001185/2014-27;Premium Avança Brasil/GO;704055;660/2009;Ofício nº 794/2015/AECI/MTur;30/06/2015
2015;72031.001185/2014-27;Premium Avança Brasil/GO;704009;629/2009;Ofício nº 794/2015/AECI/MTur;30/06/2015
2015;72031.001185/2014-27;Premium Avança Brasil/GO;704195;745/2009;Ofício nº 794/2015/AECI/MTur;30/06/2015
2015;72031.001185/2014-27;Premium Avança Brasil/GO;703217;144/2009;Ofício nº 794/2015/AECI/MTur;30/06/2015
2015;72031.005397/2014-83;Prefeitura Municipal  de Rubiácea/SP;704512;873/2009;Ofício nº 795/2015/AECI/MTur;30/06/2015
2015;72031.005399/2014-72;Prefeitura Municipal de Paraiso do Tocantins/TO;732639;205/2010;Ofício nº 796/2015/AECI/MTur;30/06/2015
2015;72031.006322/2014-10 ;Prefeitura Municipal de Teixeira/PB;629921;722/2008;Ofício nº 798/2015/AECI/MTur;30/06/2015
2015;72031.003108/2014-10;Prefeitura Municipal de Pau D’arco/TO;635820;867/2008;Ofício nº 799/2015/AECI/MTur;30/06/2015
2015;72031.001834/2014-90 ;PM de Itabirinha do Mantena/MG;593676;341/2007;Ofício nº 800/2014/AECI/MTur;30/06/2015
2015;72031.001834/2014-90 ;PM de Itabirinha do Mantena/MG;619523;931/2007;Ofício nº 800/2015/AECI/MTur;30/06/2015
2015;72031.001869/2014-29;Prefeitura Municipal  de Orobó/PE;629749;800/2008;Ofício nº 801/2015/AECI/MTur;30/06/2015
2015;72031.005434/2014-53;Prefeitura Municipal de Lagoa de Dentro/PB;741708;1179/2010;Ofício nº 802/2015/AECI/MTur;30/06/2015
2015;72031.005276/2014-31;Prefeitura Municipal de Floreal/SP;704495;855/2009;Ofício nº 803/2015/AECI/MTur;30/06/2015
2015;72031.004152/2014-39;Prefeitura Municipal de Água Branca/PB;703852;581/2009;Ofício nº 806/2015/AECI/MTur;30/06/2015
2015;72031.002993/2014-10;Arte e Vida Brasília/DF;742543;1296/2010;Ofício nº 807/2015/AECI/MTur;30/06/2015
2015;72031.000445/2014-47;Prefeitura Municipal de Santana do Acaraú/CE;704043;657/2009;Ofício nº 808/2015/AECI/MTur;30/06/2015
2015;72031.001870/2014-53;Fundação Cultural Museu Étnico do Nordeste – FUNET/PB;706522;1151/2009;Ofício nº 809/2015/AECI/MTur;30/06/2015
2015;72031.002996/2014-45;IEC – Instituto Educar e Crescer/DF;704853;999/2009;Ofício nº 810/2015/AECI/MTur;30/06/2015
2015;72031.003803/2014-73;Prefeitura Municipal  de Bela Cruz/CE;706858;1175/2009;Ofício nº 811/2015/AECI/MTur;30/06/2015
2015;72031.000112/2014-18;Prefeitura Municipal  de Viçosa/AL;724734;1781/2009;Ofício nº 812/2015/AECI/MTur;30/06/2015
2015;00190.028167/2014-59;Prefeitura Municipal de Pesqueira/PE;643013;Contrato de Repasse nº 275.733-63/2008;Ofício nº 813/2015/AECI/MTur;30/06/2015
2015;72031.001248/2014-45;Prefeitura Municipal  de Coronel João de Sá/BA;704159;724/2009;Ofício nº 838/2015/AECI/MTur;30/06/2015
2015;72031.007303/2011-68;Núcleo de Produções Culturais – NUPROC;631738;324/2008;Ofício nº 840/2015/AECI/MTur;30/06/2015
2015;72031.001270/2014-95;PM de Mucugê/BA;737894;720/2010;Ofício nº 842/2015/AECI/MTur;30/06/2015
2015;72031.001039/2011-59;Prefeitura Municipal de Limoeiro do Norte/CE;737374;687/2010;Ofício nº 843/2015/AECI/MTur;30/06/2015
2015;72031.000111/2014-73;Prefeitura Municipal  de Barra de São Miguel/AL;729119;1909/2009;Ofício nº 845/2015/AECI/MTur;30/06/2015
2015;72031.004715/2014-99;Município de Rio de Manso/MG;704548;889/2009;Ofício nº 860/2015/AECI/MTur;30/06/2015
2015;72031.003050/2014-04;Município de Mira de Estrela/SP;708818;1252/2009;Ofício nº 861/2015/AECI/MTur;30/06/2015
2015;72031.006925/2014-11;Município de Catuti/MG;703390;239/2009;Ofício nº 862/2015/AECI/MTur;30/06/2015
2015;72031.006347/2014-13;Associação Brasileira das Empresas de Transporte Aéreo Regional – Abetar/SP;635898;1287/2008;Ofício nº 863/2015/AECI/MTur;30/06/2015
2015;72031.004726/2014-79;Prefeitura Municipal de Novo Oriente/CE;703787;524/2009;Ofício nº 864/2015/AECI/MTur;30/06/2015
2015;72031.006300/2010-26;Município de Tomar de Geru/SE;629913;240/2008;Ofício nº 865/2015/AECI/MTur;30/06/2015
2015;72031.006922/2014-88;Associação de Poetas Repentistas do Alto Oeste Riograndense – APRAOR/RN;703528;322/2009;Ofício nº 867/2015/AECI/MTur;30/06/2015
2015;72031.001444/2014-10;Município de Tarumirim/MG;727472;712/2010;Ofício nº 868/2015/AECI/MTur;30/06/2015
2015;72031.005476/2014-94;Prefeitura Municipal de Pesqueira/PE;703614;394/2009;Ofício nº 869/2015/AECI/MTur;30/06/2015
2015;72031.006694/2014-46;Município de Tamandaré/PE;762957;426/2011;Ofício nº 870/2015/AECI/MTur;30/06/2015
2015;72031.006339/2014-77;Município de Emas/PB;739359;960/2010;Ofício nº 871/2015/AECI/MTur;30/06/2015
2015;72031.006881/2014-20;Município de Campo Alegre de Goiás/GO ;704295;775/2009;Ofício nº 872/2015/AECI/MTur;30/06/2015
2015;72031.006324/2014-17;Fundação Delmiro Gouveia/AL;750960;1526/2010;Ofício nº 874/2015/AECI/MTur;30/06/2015
2015;72031.006372/2014-05;Município de São Lourenço do Sul/RS;701712;1448/2008;Ofício nº 875/2015/AECI/MTur;30/06/2015
2015;72031.003801/2014-84;Município de Diamantina/MG;728589;1887/2009;Ofício nº 876/2015/AECI/MTur;30/06/2015
2015;72031.006854/2014-57;Município de Itacuruba/PE;732635;201/2010;Ofício nº 877/2015/AECI/MTur;30/06/2015
2015;72031.004135/2014-00;Município de Capitão Andrade/MG;705060;1067/2009;Ofício nº 878/2015/AECI/MTur;30/06/2015
2015;72031.004708/2014-97;Município de Penedo/AL;724849;1797/2009;Ofício nº 880/2015/AECI/MTur;30/06/2015
2015;72031.005439/2014-86;Município de Mirabela/MG;704609;903/2009;Ofício nº 881/2015/AECI/MTur;30/06/2015
2015;72031.000197/2012-72;Município de Triunfo/PE;629253;655/2005;Ofício nº 882/2015/AECI/MTur;30/06/2015
2015;72031.003061/2014-86;Município de Planalto/SP;732641;211/2010;Ofício nº 883/2015/AECI/MTur;30/06/2015
2015;72031.002003/2014-35;Município de Senador Georgino Avelino/RN;732936;263/2010;Ofício nº 884/2015/AECI/MTur;30/06/2015
2015;72031.000835/2014-17;Município de São João do Oriente/MG;737901;800/2010;Ofício nº 885/2015/AECI/MTur;30/06/2015
2015;72031.003796/2014-18;Instituto Terra Viva/MG;;;Ofício nº 886/2015/AECI/MTur;30/06/2015
2015;72031.005395/2014-94;Município de Pombos/PE;703838;567/2009;Ofício nº 887/2015/AECI/MTur;30/06/2015
2015;72031.004716/2014-33;Prefeitura Municipal de Goianinha/RN;634372;811/2008;Ofício nº 888/2015/AECI/MTur;30/06/2015
2015;72031.016518/2010-99;Prefeitura Municipal  de Santana de Pirapama/MG;707164;1188/2009;Ofício nº 889/2015/AECI/MTur;30/06/2015
2015;72031.006299/2014-63;Prefeitura Municipal de Icaraí de Minas/MG;764547; 458/2011;Ofício nº 890/2015/AECI/MTur;30/06/2015
2015;72031.006250/2014-19;Prefeitura Municipal de Cumaru/PE;764660;473/2011;Ofício nº 891/2015/AECI/MTur;30/06/2015
2015;72031.000100/2014-93;Prefeitura Municipal de Francisco Dumont/MG;723150;1677/2009;Ofício nº 892/2015/AECI/MTur;30/06/2015
2015;72031.006261/2014-91;Prefeitura Municipal de Santa Fé da Araguaia/TO;703914;603/2009;Ofício nº 894/2015/AECI/MTur;30/06/2015
2015;72031.000314/2011-17;Prefeitura Municipal de Marabá Paulista/SP;;;Ofício nº 895/2015/AECI/MTur;30/06/2015
2015;72031.011668/2011-97;Prefeitura Municipal de Inhaúma/MG;729084;1900/2009;Ofício nº 896/2015/AECI/MTur;30/06/2015
2015;72031.006459/2014-74;Município de Morro do Chapéu do Piauí /PI;740392;947/2010;Ofício nº 897/2015/AECI/MTur;30/06/2015
2015;72031.006459/2014-74;Município de Morro do Chapéu do Piauí /PI;755571;99/2011;Ofício nº 897/2015/AECI/MTur;30/06/2015
2015;72031.006360/2014-72;Município de Rio da Conceição/TO;632264;862/2008;Ofício nº 898/2015/AECI/MTur;30/06/2015
2015;72031.006320/2014-21;Município de Cáceres/MT;704194;744/2009;Ofício nº 899/2015/AECI/MTur;30/06/2015
2015;72031.006258/2014-77;Município de Porto das Pedras/AL;742110;1257/2010;Ofício nº 900/2015/AECI/MTur;30/06/2015
2015;72031.000830/2014-94;Associação dos Grupos de Folclore de Belém/PA;635565;314/2008;Ofício nº 901/2015/AECI/MTur;30/06/2015
2015;72031.006259/2014-11;Município de Vila Bela da Santíssima Trindade/MT;737998;811/2010;Ofício nº 902/2015/AECI/MTur;30/06/2015
2015;72031.005393/2014-03;Município de Urussanga/SC;735475;459/2010;Ofício nº 903/2015/AECI/MTur;30/06/2015
2015;72031.006952/2014-94;Município de Natividade/TO;704375;812/2012;Ofício nº 904/2015/AECI/MTur;30/06/2015
2015;72031.006251/2014-55;Município de Primavera/PE;759777;369/2011;Ofício nº 905/2015/AECI/MTur;30/06/2015
2015;72031.004771/2014-23;Município de Auaba/CE;735868;481/2010;Ofício nº 906/2015/AECI/MTur;30/06/2015
2015;72031.004097/2014-87;Fundação Cultural Assistencial Divino Espírito Espirito Santo – FUNCADIES/SC;703463;272/2009;Ofício nº 907/2015/AECI/MTur;30/06/2015
2015;72031.006297/2014-74;Município de Nova Aliança/SP;732605;185/2010;Ofício nº 908/2015/AECI/MTur;30/06/2015
2015;72031.005391/2014-14;Município de Rio dos Bois/TO;738813;904/2010;Ofício nº 909/2015/AECI/MTur;30/06/2015
2015;72031.000342/2014-87;Município de Echaporã/SP;704186;739/2009;Ofício nº 910/2015/AECI/MTur;30/06/2015
2015;72031.002004/2014-80;Município de Cedro/CE;706587;1156/2009;Ofício nº 912/2015/AECI/MTur;30/06/2015
2015;72031.006357/2014-59;Prefeitura Municipal de Divino das Laranjeiras/MG;736127;522/2010;Ofício nº 919/2015/AECI/MTur;30/06/2015
2015;72031.001892/2014-13;Prefeitura Municipal de Aricanduva/MG;703236;160/2009;Ofício nº 920/2015/AECI/MTur;30/06/2015
2015;72031.001891/2014-79;Prefeitura Municipal de Murici/AL;713264;1310/2009;Ofício nº 921/2015/AECI/MTur;30/06/2015
2015;72031.000085/2014-83;Prefeitura Municipal  de Promissão/SP;703450;806/2009;Ofício nº 922/2015/AECI/MTur;30/06/2015
2015;72031.004711/2014-19;Associação dos Municípios do Circuito Turístico Parque Nacional da Serra do Cipó/MG;627682;118/2008;Ofício nº 923/2015/AECI/MTur;30/06/2015
2015;72031.004133/2014-11;Prefeitura Municipal de Irapuã/SP;629046;852/2008;Ofício nº 804/2015/AECI/MTur;26/06/2015
2015;72031.004769/2014-54;Instituto Brasil de Arte, Esporte, Cultura e Lazer - Inbrasil/DF;739360;948/2010;Ofício nº 814/2015/AECI/MTur;26/06/2015
2015;72031.001441/2014-86;Prefeitura Municipal de Cardoso/SP;704128;693/2009;Ofício nº 815/2015/AECI/MTur;26/06/2015
2015;72031.013852/2010-91;Associação Brasileira de Agências de Viagens do Ceará;702822;1.670/2008;Ofício nº 816/2015/AECI/MTur;26/06/2015
2015;72031.002997/2014-90;Prefeitura Municipal de Água Branca/PI;718059;1.416/2009;Ofício nº 817/2015/AECI/MTur;26/06/2015
2015;72031.007278/2012-01;Prefeitura Municipal de Tacaimbó/PE;700776;1.339/2008;Ofício nº 818/2015/AECI/MTur;26/06/2015
2015;72031.003049/2014-71;Prefeitura Municipal de Missão Velha/CE;704537;880/2009;Ofício nº 819/2015/AECI/MTur;26/06/2015
2015;72031.001890/2014-24;Prefeitura Municipal de Passa e Fica/RN;629879;847/2008;Ofício nº 820/2015/AECI/MTur;26/06/2015
2015;72031.000351/2014-78;Prefeitura Municipal de Miguel/RN;740000;1011/2010;Ofício nº 821/2015/AECI/MTur;26/06/2015
2015;72031.002947/2014-11;Prefeitura Municipal de Caratinga/MG;703760;501/2009;Ofício nº 822/2015/AECI/MTur;26/06/2015
2015;72031.005293/2014-79;Prefeitura Municipal de Itabirinha/MG;704062;664/2009;Ofício nº 823/2015/AECI/MTur;26/06/2015
2015;72031.000833/2014-28;Confederação Brasileira de Convention & Visitors Bureaux/DF;702982;30/2009;Ofício nº 824/2015/AECI/MTur;26/06/2015
2015;72031.003634/2014-71;Prefeitura Municipal de Diamante do Norte/PR;701582;1434/2008;Ofício nº 825/2015/AECI/MTur;26/06/2015
2015;72031.003634/2014-71;Prefeitura Municipal de Diamante do Norte/PR;718486;1429/2009;Ofício nº 825/2015/AECI/MTur;26/06/2015
2015;72031.003105/2014-78;Prefeitura Municipal de Manacapuru/AM;704087;681/2009;Ofício nº 826/2015/AECI/MTur;26/06/2015
2015;72031.003631/2014-38;Instituto Educar e Crescer - IEC/DF;705070;1063/2009;Ofício nº 827/2015/AECI/MTur;26/06/2015
2015;72031.003632/2014-82 ;Instituto Educar e Crescer - IEC/DF;703335;221/2009;Ofício nº 828/2015/AECI/MTur;26/06/2015
2015;72031.000503/2014-32;Confederação Brasileira de Convention & Visitors Bureaux/DF;704848;996/2009;Ofício nº 829/2015/AECI/MTur;26/06/2015
2015;72031.006253/2014/44;Prefeitura Municipal de Alto Piquiri/PR;704811;977/2009;Ofício nº 830/2015/AECI/MTur;26/06/2015
2015;72031.003001/2014-63;Prefeitura Municipal de Pombos/PE;703810;543/20009;Ofício nº 831/2015/AECI/MTur;26/06/2015
2015;72031.003173/2014-37;Prefeitura Municipal de São Gonçalo do Amarante/CE;447416;411/2001;Ofício nº 832/2015/AECI/MTur;26/06/2015
2015;72031.001243/2014-12;Prefeitura Municipal de Terezinha/PE;707407;1194/2009;Ofício nº 833/2015/AECI/MTur;26/06/2015
2015;72031.000340/2014-98;Prefeitura Municipal de Ouricuri/PE;704641;917/2009;Ofício nº 834/2015/AECI/MTur;26/06/2015
2015;72031.005440/2014-19;Prefeitura Municipal de Piumhi/MG;736135;526/2010;Ofício nº 835/2015/AECI/MTur;26/06/2015
2015;72031.004132/2014-68;Prefeitura Municipal de Limoeiro do Anadia/AL;717482;1391/2009;Ofício nº 836/2015/AECI/MTur;26/06/2015
2015;72031.006695/2014-91;Prefeitura Municipal de Vereda/BA;740675;1035/2010;Ofício nº 837/2015/AECI/MTur;26/06/2015
2015;72031.006327/2014-42;Instituto Solid'art Gestão Profissional, Cultural, Turismo e Ambiental/DF;738470;860/2010;Ofício nº 839/2015/AECI/MTur;26/06/2015
2015;72031.006260/2014-46;Prefeitura Municipal do Brejo da Madre de Deus/PE;744110;1302/2010;Ofício nº 841/2015/AECI/MTur;26/06/2015
2015;72031.002252/2012-69;Prefeitura Municipal de Juripiranga/PB;632255;797/2008;Ofício nº 844/2015/AECI/MTur;26/06/2015
2015;72031.000156/2014-48;Confederação Brasileira de Convention & Visitors Bureaux/DF;700004;1200/2008;Ofício nº 846/2015/AECI/MTur;26/06/2015
2015;72031.003064/2014-10;Prefeitura Municipal de Canindé/CE;732782;217/2010;Ofício nº 847/2015/AECI/MTur;26/06/2015
2015;72031.006409/2014-97;Prefeitura Municipal de Campina do Monte Alegre/SP;736286;555/2010;Ofício nº 848/2015/AECI/MTur;26/06/2015
2015;72031.006342/2014-91;Instituto Educar e Crescer - IEC/DF;728225;1866/2009;Ofício nº 849/2015/AECI/MTur;26/06/2015
2015;72031.006460/2014-07;Sociedade Rural de São Jorge do Patrocínio/PR;749938;1486/2010;Ofício nº 850/2015/AECI/MTur;26/06/2015
2015;72031.006460/2014-07;Sociedade Rural de São Jorge do Patrocínio/PR;705062;1069/2009;Ofício nº 850/2015/AECI/MTur;26/06/2015
2015;72031.006268/2014-11;Prefeitura Municipal de Doutor Severiano/RN;628486;694/2008;Ofício nº 851/2015/AECI/MTur;26/06/2015
2015;72031.001303/2014-05;Prefeitura Municipal de São Geraldo de Baixio/MG;626999;331/2008;Ofício nº 852/2015/AECI/MTur;26/06/2015
2015;72031.000837/2014-14;Confederação Latino Americana do Comércio Lojista - CLAC/DF;577842;479/2006;Ofício nº 853/2015/AECI/MTur;26/06/2015
2015;72031.006599/2010-19;Prefeitura Municipal de Piancó/PB;631524;402/631524;Ofício nº 854/2015/AECI/MTur;26/06/2015
2015;72031.000158/2014-37;Instituto Paideia de Expressão e Comunicação/DF;736653;611/2010;Ofício nº 855/2015/AECI/MTur;26/06/2015
2015;72031.006696/2014-35;Instituto Educar e Crescer - IEC/DF;703212;139/2009;Ofício nº 856/2015/AECI/MTur;26/06/2015
2015;72031.002999/2014-89;Prefeitura Municipal de Rio Negrinho/SC;732610;192/2010;Ofício nº 857/2015/AECI/MTur;26/06/2015
2015;72031.013837/2010-42;Prefeitura Municipal de Flexeiras/AL;704663;926/2009;Ofício nº 858/2015/AECI/MTur;26/06/2015
2015;72031.000512/2014-23;Prefeitura Municipal de Rondonópolis/MT;747796;717796/2009;Ofício nº 486/2015/AECI/MTur;17/04/2015
2015;72031.004712/2014-55;Prefeitura Municipal de Umbuzeiro/PB;633517;476/2008;Ofício nº 487/2015/AECI/MTur;17/04/2015
2015;72031.003000/2014-19;Prefeitura Municipal de Cortês/PE;625908;180/2008;Ofício nº 491/2015/AECI/MTur;17/04/2015
2015;72031.001247/2014-09;Associação Sergipana de Blocos de Trio - ASBT;732319;0139/2010;Ofício nº 492/2015/AECI/MTur;17/04/2015
2015;72031.003046/2014-38;Prefeitura Municipal de Moita Bonita/SE;703292;703292/2009;Ofício nº 493/2015/AECI/MTur;17/04/2015
2015;72031.002994/2014-56;Prefeitura Municipal de Castro Alves/BA;728250;728250/2009;Ofício nº 495/2015/AECI/MTur;17/04/2015
2015;72031.001299/2014-77;Federação das Associações de pequenos Produtores Rurais do Distrito Federal e do Entorno;705991;705991/2009;Ofício nº 497/2015/AECI/MTur;17/04/2015
2015;72031.000743/2012-75;Sociedade Evangélica Beneficente de Curitiba - SEB;708657;708657/2009;Ofício nº 499/2015/AECI/MTur;17/04/2015
2015;72031.000069/2014-91;Prefeitura Municipal de Colinas do Sul/GO;736108;736108/2010;Ofício nº 471/2015/AECI/MTur;16/04/2015
2015;72031.007567/2011-11;Prefeitura Municipal de Vila Boa/GO;631479;914/2008;Ofício nº 472/2015/AECI/MTur;16/04/2015
2015;72031.003170/2014-01;Premium Avança Brasil;702569;1.545/2008;Ofício nº 473/2015/AECI/MTur;16/04/2015
2015;72031.001873/2014-97;Premium Avança Brasil;704090;704090/2009;Ofício nº 474/2015/AECI/MTur;16/04/2015
2015;72031.001764/2014-70;Prefeitura Municipal de Itapaci/GO;723875;723875/2009;Ofício nº 475/2015/AECI/MTur;16/04/2015
2015;72031.006041/2014-67;Premium Avança Brasil;703005;0052/2009;Ofício nº 476/2015/AECI/MTur;16/04/2015
2015;72031.002949/2014-00;Sindicato dos Gurias de Turismo de Foz do Iguaçu - SINGTUR FOZ;625045;009/2008;Ofício nº 477/2015/AECI/MTur;16/04/2015
2015;72031.001332/2014-69;Prefeitura Municipal de Orós/CE;701076;701076/2008;Ofício nº 478/2015/AECI/MTur;16/04/2015
2015;72031.004137/2014-91;Prefeitura Municipal de São Gonçalo do Piauí/PI;720161;1.499/2009;Ofício nº 479/2015/AECI/MTur;16/04/2015
2015;00190.024963/2014-12;Prefeitura Municipal de Madeiro/PI;742669;Contrato de Repasse nº 333.740-82/2010;Ofício nº 480/2015/AECI/MTur;16/04/2015
2015;72031.000509/2014-18;Prefeitura Municipal de São Gonçalo do Piauí/PI;733648;733648/2010;Ofício nº 481/2015/AECI/MTur;16/04/2015
2015;72031.001805/2014-28;Prefeitura Municipal de Anori/AM;724819;1.795/2009;Ofício nº 482/2015/AECI/MTur;16/04/2015
2015;72031.000507/2014-11;Prefeitura Municipal de Iranduba/AM;702753;1.651/2008;Ofício nº 483/2015/AECI/MTur;16/04/2015
2015;00190.022949/2014-84;Prefeitura Municipal de Aliança/PE;708244;Contrato de Repasse nº 300.373-57/2009;Ofício nº 488/2015/AECI/MTur;16/04/2015
2015;00190.028493/2014-66;Prefeitura Municipal de Pesqueira/PE;722182;Contrato de Repasse nº 307.412-72/2009;Ofício nº 489/2015/AECI/MTur;16/04/2015
2015;00190.016026/2014-93;Prefeitura Municipal de Santa Luzia do Pará/PA;585288;Contrato de Repasse nº 200.926-12/2006;Ofício nº 494/2015/AECI/MTur;16/04/2015
2015;72031.000831/2014-39;Prefeitura Municipal de Pindobaçu/BA;707699;707699/2009;Ofício nº 496/2015/AECI/MTur;16/04/2015
2015;72031.004766/2014-11;Prefeitura Municipal de Cajueiro/AL;634527;693/2008;Ofício nº 498/2015/AECI/MTur;16/04/2015
2015;72031.008254/2013-42;Prefeitura Municipal de Divinolândia de Minas/MG;755783;755783/2011;Ofício nº 374/2015/AECI/MTur;06/04/2015
2015;72031.008151/2011-11;Instituto de Desenvolvimento da Organização Nacional de Excelência Administrativa - Idonea;703197;703197/2009;Ofício nº 375/2015/AECI/MTur;06/04/2015
2015;72031.005274/2014-42;Premium Avança Brasil;703694;703694/2009;Ofício nº 376/2015/AECI/MTur;06/04/2015
2015;72031.000371/2014-49;Premium Avança Brasil;650066;702888/2008;Ofício nº 377/2015/AECI/MTur;06/04/2015
2015;72031.001076/2014-18;Premium Avança Brasil;700391;1280/2008;Ofício nº 378/2015/AECI/MTur;06/04/2015
2015;72031.003174/2014-81;Premium Avança Brasil;703511;703511/2009;Ofício nº 379/2015/AECI/MTur;06/04/2015
2015;72031.003107/2014-67;Prefeitura Municipal de Pratinha/MG;737900;737900/2010;Ofício nº 380/2015/AECI/MTur;06/04/2015
2015;72031.000513/2014-78;Instituto Mineiro de Desenvolvimento e da Cidadania - IMDC;702676;702976/2009;Ofício nº 382/2015/AECI/MTur;06/04/2015
2015;72031.008331/2013-64;Prefeitura Municipal de Indiaroba/SE;633912;420/2008;Ofício nº 383/2015/AECI/MTur;06/04/2015
2015;72031.004714/2014-44;Prefeitura Municipal de Jundiá/AL;731229;732129/2010;Ofício nº 384/2015/AECI/MTur;06/04/2015
2015;72031.001762/2014-81;Prefeitura Municipal de Campina Grande/PB;755498;0022/2011;Ofício nº 385/2015/AECI/MTur;06/04/2015
2015;72031.001298/2014-22;Prefeitura Municipal de Carneirinho/MG;732403;732403/2010;Ofício nº 387/2015/AECI/MTur;06/04/2015
2015;72031.006432/2012-10;Prefeitura Municipal de Ibiracatu/MG;701492/638292;701492/2008;Ofício nº 388/2015/AECI/MTur;06/04/2015
2015;00190.016025/2014-49;Prefeitura Municipal de Palmeirinha/PE;578752;Contrato de Repasse nº 196.620-29/2006;Ofício nº 389/2015/AECI/MTur;06/04/2015
2015;00190.013825/2014-16;Prefeitura Municipal de Saloá/PE;528349;Contrato de Repasse nº 175.823-36/2005;Ofício nº 390/2015/AECI/MTur;06/04/2015
2015;72031.001242/2014-78;Associação Sergipana de Blocos de Trio - ASBT;703634;703634/2009;Ofício nº 391/2015/AECI/MTur;06/04/2015
2015;72031.005273/2014-06;Premium Avança Brasil;704311;704311/2009;Ofício nº 392/2015/AECI/MTur;06/04/2015
2015;72031.002835/2012-90;Associação para Equidade de Gênero e transformação Social Zuleika Angel Jones - Zuzu Angel;700673;700673/2008;Ofício nº 393/2015/AECI/MTur;06/04/2015
2015;72031.001273/2014-29;Prefeitura Municipal de Ferraz de Vasconcelos/SP;703940;616/2009;Ofício nº 395/2015/AECI/MTur;06/04/2015
2015;72031.001256/2014-91;Prefeitura Municipal de Russas/CE;737454;0700/2010;Ofício nº 399/2015/AECI/MTur;06/04/2015
2015;72031.008440/2013-16;Prefeitura Municipal de São João do Jaguaribe/CE;739387;739387/2010;Ofício nº 400/2015/AECI/MTur;06/04/2015
2015;72031.000832/2014-83;Prefeitura Municipal de Campo Erê/SC;732381;732381/2010;Ofício nº 401/2015/AECI/MTur;06/04/2015
2015;72031.007072/2013-54;Prefeitura Municipal de Iguaí/BA;704662;704662/2009;Ofício nº 402/2015/AECI/MTur;06/04/2015
2015;00190.016697/2014-54;Prefeitura Municipal de Santo Sé/BA;672106;Contrato de Repasse nº 0312.0009-87/2010;Ofício nº 403/2015/AECI/MTur;06/04/2015
2015;00190.018235/2014-71;Prefeitura Municipal de São Bento do Tocantins/To;610045;Contrato de Repasse nº 0243-526-78/2007;Ofício nº 404/2015/AECI/MTur;06/04/2015
2015;00190.014248/2014-23;Prefeitura Municipal de Teresópolis/RJ;651126;Contrato de Repasse nº 279.404-69/2008;Ofício nº 405/2015/AECI/MTur;06/04/2015
2015;72031.008106/2013-28;Prefeitura Municipal de São Pedro do Turvo/SP;717251;717251/2009;Ofício nº 406/2015/AECI/MTur;06/04/2015
2015;00190.016548/2014-95;Prefeitura Municipal de Buíque/PE;656463;Contrato de Repasse nº 187.007-04/2005;Ofício nº 407/2015/AECI/MTur;06/04/2015
2015;72031.003138/2014-18;Premium Avança Brasil;703512;314/2009;Ofício nº 408/2015/AECI/MTur;06/04/2015
2015;72031.005480/2014-52;Prefeitura Municipal de Echaporã/SP;704543;704543/2009;Ofício nº 410/2015/AECI/MTur;06/04/2015
2015;72031.000244/2014-40;Brasil Ação Solidária - BRASOL;629877;473/2008;Ofício nº 411/2015/AECI/MTur;06/04/2015
2015;72031.008896/2013-41;Sindicato das Empresas de Turismo no Estado de Mato Grosso;626675;626675;Ofício nº 412/2015/AECI/MTur;06/04/2015
2015;72031.001443/2014-75;Prefeitura Municipal de Lupércio/SP;704672;704672/2009;Ofício nº 419/2015/AECI/MTur;06/04/2015
2015;72031.008103/2013-94;Prefeitura Municipal de Caputira/MG;701112;1379/2008;Ofício nº 303/2015/AECI/MTur;13/03/2015
2015;72031.008332/2013-17;Prefeitura Municipal de Marilac/MG;625929;212/2008;Ofício nº 304/2015/AECI/MTur;13/03/2015
2015;72031.010060/2011-45;Prefeitura Municipal de Itanhomi/MG;741701;741701/2010;Ofício nº 305/2015/AECI/MTur;13/03/2015
2015;72031.008972/2013-19;Prefeitura Municipal de Sebastianópolis do Sul/SP;623786;65/2008;Ofício nº 306/2015/AECI/MTur;13/03/2015
2015;72031.010482/2011-11;Empresa Brasiliense de Turismo - Brasiliatur/DF;625692;35/2008;Ofício nº 307/2015/AECI/MTur;13/03/2015
2015;00190.016246/2014-17;Prefeitura Municipal de Pacajus/CE;588288;Contrato de Repasse nº 213.912-29/2006;Ofício nº 308/2015/AECI/MTur;13/03/2015
2015;72031.013804/2010-01;Prefeitura Municipal de Ipubi/PE;702348;702348/2008;Ofício nº 309/2015/AECI/MTur;13/03/2015
2015;72031.006396/2013-75;Associação das Mulheres do Pesqueiro - Asmupesq/PA;700503;700503/2008;Ofício nº 310/2015/AECI/MTur;13/03/2015
2015;72031.005982/2010-50;Grêmio Recreativo Escola de Samba Portela - GRESP/RJ;534351;436/2005;Ofício nº 311/2015/AECI/MTur;13/03/2015
2015;72031.013911/2010-21;Prefeitura Municipal de Santa Helena de Minas/MG;703543;703543/2009;Ofício nº 250/2015/AECI/MTur;27/02/2015
2015;72031.008150/2011-76;Prefeitura Municipal de Barra dos Coqueiros/SE;634931;462/2008;Ofício nº 251/2015/AECI/MTur;27/02/2015
2015;72031.000510/2014-34;Prefeitura Municipal de Itabirinha/MG;744919;744919/2010;Ofício nº 252/2015/AECI/MTur;27/02/2015
2015;72031.001832/2014-09;Prefeitura Municipal de Quixadá/CE;595424;0486/2007;Ofício nº 152/2015/AECI/MTur;11/02/2015
2015;00190.015310/2014-42;Prefeitura Municipal de Sento Sé/BA;717729;Contrato de Repasse nº 0305.359-89/2010;Ofício nº 160/2015/AECI/MTur;11/02/2015
2015;72031.007250/2013-47;Associação Núcleo da Mulher;657952;004/2009;Ofício nº 163/2015/AECI/MTur;11/02/2015
2015;72031.008463/2012-13;Prefeitura Municipal de Wenceslau Guimarães/BA;732669;732669/2010;Ofício nº 164/2015/AECI/MTur;11/02/2015
2015;72031.000322/2014-14;Instituto Brazil Global/DF;722518;722518/2009;Ofício nº 167/2015/AECI/MTur;11/02/2015
2015;72031.003183/2011-20;Prefeitura Municipal de Vinhedo/SP;622908;830/2007;Ofício nº 168/2015/AECI/MTur;11/02/2015
2015;72031.006822/2012-90;Prefeitura Municipal de Maracaju/MS;732847;232847/2010;Ofício nº 176/2015/AECI/MTur;11/02/2015
2015;72031.004380/2011-66;Sociedade de Assistência Social, Cultural e Recreativa de Ibiraçu - Sacri;591876;46/2007;Ofício nº 195/2015/AECI/MTur;11/02/2015
2015;72031.000666/2012-53;Sociedade Evangélica Beneficente de Curitiba - SEB;747398;747398/2010;Ofício nº 196/2015/AECI/MTur;11/02/2015
2015;72031.000256/2014-74;Fundação Delmiro Gouveia/AL;750894;750894/2010;Ofício nº 197/2015/AECI/MTur;11/02/2015
2015;72031.006490/2012-43;Prefeitura Municipal de Curvelândia/MT;740389;740389/2010;Ofício nº 198/2015/AECI/MTur;11/02/2015
2015;72031.009287/2013-18;Confederação Brasileira de Convention & Visitors Bureaux;703052;703052/2009;Ofício nº 199/2015/AECI/MTur;11/02/2015
2015;72031.008871/2013-48;Instituto Zabilin de Arte e Cultura;640263 e 702675;1.616/2008;Ofício nº 200/2015/AECI/MTur;11/02/2015
2015;00190.013561/2014-92;Prefeitura Municipal de São Benedito/CE;588241;Contrato de Repasse nº 0213.104-49/2006;Ofício nº 153/2015/AECI/MTur;10/02/2015
2015;00190.013819/2014-51;Prefeitura Municipal de Guaramiranga/CE;716304;Contrato de Repasse nº 305.073-31/2009;Ofício nº 154/2015/AECI/MTur;10/02/2015
2015;00190.013477/2014-79;Prefeitura Municipal de São Benedito/CE;550609;Contrato de Repasse nº 185.240-94/2005;Ofício nº 155/2015/AECI/MTur;10/02/2015
2015;00190.013348/2014-81;Prefeitura Municipal de São Benedito/CE;567040;Contrato de Repasse nº 197.138-92/2006;Ofício nº 156/2015/AECI/MTur;10/02/2015
2015;72031.000341/2014-32;Prefeitura Municipal de  Granja/CE;563955;228/2006;Ofício nº 157/2015/AECI/MTur;10/02/2015
2015;72031.004330/2013-41;Prefeitura Municipal de Catunda/CE;737464;737464/2010;Ofício nº 158/2015/AECI/MTur;10/02/2015
2015;72031.013834/2010-17;Associação Brasileira de Windsurf;701742;701742/2008;Ofício nº 159/2015/AECI/MTur;10/02/2015
2015;72031.004931/2013-53;Prefeitura Municipal de Bonfim/BA;737554;733/2010;Ofício nº 161/2015/AECI/MTur;10/02/2015
2015;72031.006738/2012-76;Prefeitura Municipal de Wenceslau Guimarães/BA;738433;738433/2010;Ofício nº 162/2015/AECI/MTur;10/02/2015
2015;72031.000070/2014-15;Prefeitura Municipal de Monteiro Lobato/SP;732617;0197/2010;Ofício nº 165/2015/AECI/MTur;10/02/2015
2015;72031.004391/2011-46;Instituto Promur - Programa Multidisciplinar de Reabilitação;624872;27/2008;Ofício nº 166/2015/AECI/MTur;10/02/2015
2015;72031.008292/2013-03;Prefeitura Municipal de Nhandeara/SP;739386;935/2010;Ofício nº 169/2015/AECI/MTur;10/02/2015
2015;72031.008349/2012-85;Prefeitura Municipal de Pontalinda/SP;704426;704426/2009;Ofício nº 170/2015/AECI/MTur;10/02/2015
2015;72031.000834/2014-72;Instituto de Desenvolvimento Econômico, Social e Produtivo - IDESP;744039;1345/2010;Ofício nº 171/2015/AECI/MTur;10/02/2015
2015;72031.000311/2011-83;Prefeitura Municipal de Cortês/PE;620206;927/2007;Ofício nº 172/2015/AECI/MTur;10/02/2015
2015;72031.001269/2014-61;Prefeitura Municipal de Calçado/PE;739366;739366/2010;Ofício nº 173/2015/AECI/MTur;10/02/2015
2015;72031.007075/2013-98;Prefeitura Municipal de Macaparana/PE;703562;703562/2009;Ofício nº 174/2015/AECI/MTur;10/02/2015
2015;00190.009103/2014-59;Prefeitura Municipal de Camutanga/PE;604941;Contrato de Repasse nº 227.454-85/2007;Ofício nº 175/2015/AECI/MTur;10/02/2015
2015;72031.001096/2012-19;Prefeitura Municipal de Cruzeta/RN;732863;254/2010;Ofício nº 177/2015/AECI/MTur;10/02/2015
2015;72031.005918/2013-11;Prefeitura Municipal de São Tomé/RN;713692;713692/2009;Ofício nº 178/2015/AECI/MTur;10/02/2015
2015;72031.006621/2013-73;Prefeitura Municipal de Ielmo Matinho/RN ;629452;913/2008;Ofício nº 179/2015/AECI/MTur;10/02/2015
2015;72031.001377/2011-91;Associação Sergipana de Blocos de Trio - ASBT;734947;734947/2010;Ofício nº 180/2015/AECI/MTur;10/02/2015
2015;72031.009783/2011-00;Associação Sergipana de Blocos de Trio - ASBT;630492;1.151/2008;Ofício nº 181/2015/AECI/MTur;10/02/2015
2015;72031.014076/2010-11;Associação de Turismo de Arraial do Cabo/RJ;564958;366/2006;Ofício nº 182/2015/AECI/MTur;10/02/2015
2015;"72031.009212/2010-86
72031.006941/2011-61";Associação Beneficiente Centro de Cultura, Esporte e Assistência Social - ABCC (MG);594592 e 593751;404/2007 E 314/2007;Ofício nº 183/2015/AECI/MTur;10/02/2015
2015;72031.007209/2013-71;Prefeitura Municipal de São João do Oriente/MG;703678;703678/2009;Ofício nº 184/2015/AECI/MTur;10/02/2015
2015;00190.004892/2014-31;Sindicato Rural de Santa Vitória/MG;540537;Contrato de Repasse nº 178.661-47/2005;Ofício nº 185/2015/AECI/MTur;10/02/2015
2015;72031.000372/2014-93;Premium Avança Brasil;704034;0652/2009;Ofício nº 129/2015/AECI/MTur;09/02/2015
2015;72031.000442/2014-11;Premium Avança Brasil;703857;0578/2009;Ofício nº 130/2015/AECI/MTur;09/02/2015
2015;72031.000895/2013-59;Premium Avança Brasil;707038;707038/2009;Ofício nº 131/2015/AECI/MTur;09/02/2015
2015;72031.000370/2014-02;Premium Avança Brasil;629759;1.136/2008;Ofício nº 132/2015/AECI/MTur;09/02/2015
2015;72031.000319/2014-92;Premium Avança Brasil;703856;0580/2009;Ofício nº 133/2015/AECI/MTur;09/02/2015
2015;72031.000318/2014-48;Premium Avança Brasil;703444;703444/2009;Ofício nº 134/2015/AECI/MTur;09/02/2015
2015;72031000324/2014-03;Premium Avança Brasil;704228;764/2009;Ofício nº 135/2015/AECI/MTur;09/02/2015
2015;72031.000321/2014-61;Premium Avança Brasil;704547;882/2009;Ofício nº 136/2015/AECI/MTur;09/02/2015
2015;72031.000320/2014-17;Premium Avança Brasil;703280;703280/2009;Ofício nº 137/2015/AECI/MTur;09/02/2015
2015;72031.000444/2014-01;Premium Avança Brasil;704010;704010/2009;Ofício nº 139/2015/AECI/MTur;09/02/2015
2015;72031.001078/2014-07;Prefeitura Municipal de Nova de Goiás/GO;703401;703401/2009;Ofício nº 140/2015/AECI/MTur;09/02/2015
2015;72031.013166/2010-10;Associação Cena Aberta/GO;595722;510/2007;Ofício nº 141/2015/AECI/MTur;09/02/2015
2015;72031.015727/2010-15;Prefeitura Municipal de Esperança/PB;715269;715269;Ofício nº 142/2015/AECI/MTur;09/02/2015
2015;72031.000068/2014-46;Prefeitura Municipal de Santarém/PB ;737616;775/2010;Ofício nº 143/2015/AECI/MTur;09/02/2015
2015;72031.007279/2012-48;Prefeitura Municipal de Lagoa/PB;723144;723144/2009;Ofício nº 144/2015/AECI/MTur;09/02/2015
2015;72031.007568/2011-66 ;Prefeitura Municipal de Barra de Santana/PB;631704;970/2008;Ofício nº 145/2015/AECI/MTur;09/02/2015
2015;72031.010515/2011-22;Prefeitura Municipal de Juazeirinho/PB;734007;734007/2010;Ofício nº 146/2015/AECI/MTur;09/02/2015
2015;72031.009954/2011-92;Prefeitura Municipal de Ingá/PB;740834;740834/2010;Ofício nº 147/2015/AECI/MTur;09/02/2015
2015;72031.000443/2014-58;Premium Avança Brasil;704439;704439/2009;Ofício nº 138/2015/AECI/MTur;09/02/2015
2015;72031.007601/2011-58;Centro de Iniciativa Turística - Cenitur;629882;912/2008;Ofício nº 148/2015/AECI/MTur;09/02/2015
2015;72031.000083/2014-94;Prefeitura Municipal de Mentes Pimental/MG;737578;0782/2010;Ofício nº 27/2015/AECI/MTur;13/01/2015
2015;72031.007246/2013-89;Prefeitura Municipal de Ipaga/MG;734955;734955/2010;Ofício nº 28/2015/AECI/MTur;13/01/2015
2015;00190.009901/2014-81;Prefeitura Municipal de Ponto dos Volantes;637082;Contrato de Repasse nº 0267627-06/2008;Ofício nº 29/2015/AECI/MTur;13/01/2015
2015;72031.004328/2013-71;Associação dos Amigos da Viola de Pardinho - AAVP  - SP;565438;0357/2006;Ofício nº 30/2015/AECI/MTur;13/01/2015
2015;72031.004996/2013-07;Prefeitura Municipal de Poloni/SP;637284;1234/2008;Ofício nº 31/2015/AECI/MTur;13/01/2015
2015;72031.007816/2013-31;Prefeitura Municipal de Pau 'D Arco/TO;704444;704444/2009;Ofício nº 32/2015/AECI/MTur;13/01/2015
2015;72031.006581/2013-60;Prefeitura Municipal de Jales/SP;741688;1125/2010;Ofício nº 33/2015/AECI/MTur;13/01/2015
2015;72031.007077/2013-87;Prefeitura Municipal de Vertente do Lério/PE;703842;0572/2009;Ofício nº 34/2015/AECI/MTur;13/01/2015
2015;72031.009282/2013-87;Prefeitura Municipal de Ibimirim/PE;629446;354/2008;Ofício nº 35/2015/AECI/MTur;13/01/2015
2015;72031.004144/2013-10;Prefeitura Municipal de Jaguaretama/CE;703872;703872;Ofício nº 36/2015/AECI/MTur;13/01/2015
2015;72031.009425/2013-51;Prefeitura Municipal de Caririaçu/CE;737895;0741/2010;Ofício nº 37/2015/AECI/MTur;13/01/2015
2015;72031.007249/2013-12;Prefeitura Municipal de Maribondo;723196;1693/2009;Ofício nº 38/2015/AECI/MTur;13/01/2015
2015;72031.003248/2013-07;Prefeitura Municipal de Traipu/AL;734021;734021/2010;Ofício nº 39/2015/AECI/MTur;13/01/2015
2015;72031.007030/2013-13;Prefeitura Municipal de Iranduba/AM;632056;0544/2008;Ofício nº 40/2015/AECI/MTur;13/01/2015
2015;72031.008771/2013-11;Prefeitura Municipal de Riacho de Santo Antônio/PB;703152;703152/2009;Ofício nº 41/2015/AECI/MTur;13/01/2015
2015;72031.007074/2013-43;Prefeitura Municipal de Barra do Ribeiro/RS;721102;721102/2009;Ofício nº 42/2015/AECI/MTur;13/01/2015
2015;72031.009483/2013-84;Prefeitura Municipal de Manaíra/PB;738469;862/2010;Ofício nº 43/2015/AECI/MTur;13/01/2015
2015;72031.000048/2014-75;Prefeitura Municipal de Sertãozinho/PB;732674;732674/2010;Ofício nº 44/2015/AECI/MTur;13/01/2015
2015;72031.007105/2013-66;Prefeitura Municipal de Ituporanga/SC;715866;1363/2009;Ofício nº 45/2015/AECI/MTur;13/01/2015
2015;72031.008105/2013-83;Prefeitura Municipal de Jaci/SP;737993;737993/2010;Ofício nº 46/2015/AECI/MTur;13/01/2015
2014;72031.007023/2013-11;Prefeitura Municipal de Barroquinha/CE;565534;0256/2006;Ofício nº 1959/2014/AECI/MTur;12/01/2015
2014;72031.011637/2010-55;Prefeitura Municipal de Upanema/RN;704875;704875/2009;Ofício nº 1971/2014/AECI/MTur;12/01/2015
2014;72031.013338/2010-55;Prefeitura Municipal de Arari/MA;702560;702560/2008;Ofício nº 2000/2014/AECI/MTur;12/01/2015
2014;72031.006882/2010-41;Prefeitura Municipal de Caputira/MG;619521;896/2007;Ofício nº 2062/2014/AECI/MTur;12/01/2015
2014;72031.004364/2011-73;Prefeitura Municipal de São Domingos do Prata/MG;619524 e 625107;956/2007 e 114/2008;Ofício nº 2070/2014/AECI/MTur;12/01/2015
2014;72031.003617/2011-91;Prefeitura Municipal de São João do Rio do Peixe/PB;626072;225/2008;Ofício nº 2179/2014/AECI/MTur;12/01/2015
2014;72031.013830/2010-21;Prefeitura Municipal de Matias Cardoso/MG;703250;703250/2009;Ofício nº 2180/2014/AECI/MTur;12/01/2015
2014;72031.008752/2013-95;Instituto Mineiro de Desenvolvimento e da Cidadania - IMDC/MG;702558;1535/2008;Ofício nº 2182/2014/AECI/MTur;09/01/2015
2014;72031.006587/2013-37;Prefeitura Municipal de Duas Estradas/PB;703581;0456/2009;Ofício nº 1907/2014/AECI/MTur;08/01/2015
2014;72000.003313/2009-77;Sindicato Rural de Formosa;566131;395/2006;Ofício nº 1929/2014/AECI/MTur;08/01/2015
2014;72031.003203/2012-43;Associação das Cidades Historicas de Minas Gerais - MG;702531;1.500/2008;Ofício nº 1948/2014/AECI/MTur;08/01/2015
2014;72031.008058/2013-78;Prefeitura Municipal de Ibicuí/BA;740034;740034/2010;Ofício nº 1965/2014/AECI/MTur;08/01/2015
2014;72031.006744/2012-23;Prefeitura Municipal de Ielmo Marinho/RN;718505;718505/2009;Ofício nº 1973/2014/AECI/MTur;08/01/2015
2014;72031.006045/2011-01;Prefeitura Municipal de Jardim do Seridó/RN;629178;832/2008;Ofício nº 1974/2014/AECI/MTur;08/01/2015
2014;72031.004383/2011-08;Prefeitura Municipal de Bady Bassistt/SP;625504;110/2008;Ofício nº 1978/2014/AECI/MTur;08/01/2015
2014;72031.002554/2011-56;Prefeitura Municipal de Guaraíta/GO;629802;478/2008;Ofício nº 1979/2014/AECI/MTur;08/01/2015
2014;72031.008326/2013-51;Prefeitura Municipal de Presidente Kemmedy/TO ;703703;0472/2009;Ofício nº 1980/2014/AECI/MTur;08/01/2015
2014;72031.014069/2010-44;Prefeitura Municipal de Araguacema/TO;631702;826/2008;Ofício nº 1981/2014/AECI/MTur;08/01/2015
2014;72031.010063/2011-89;Prefeitura Municipal de Buriti Tocantins/TO;742095;742095/2010;Ofício nº 1985/2014/AECI/MTur;08/01/2015
2014;72031.001414/2011-61;Prefeitura Municipal de Gaúchas Juca Ruivo;732033;0059/2010;Ofício nº 1987/2014/AECI/MTur;08/01/2015
2014;72031.008868/2013-24;Prefeitura Municipal de Gravatal/SC;738473;738473/2010;Ofício nº 1988/2014/AECI/MTur;08/01/2015
2014;72031.009839/2013-80;Prefeitura Municipal de traipu/AL;723147;723147/2009;Ofício nº 1989/2014/AECI/MTur;08/01/2015
2014;72031.007984/2011-64;Instituto de Desenvolvimento da Organização Nacional de Excelência Administrativa – IDONEA/PR;704221;704221/2009;Ofício nº 1996/2014/AECI/MTur;08/01/2015
2014;72031.008328/2013-41;Prefeitura Municipal de Torres/rs;704855;1000/2009;Ofício nº 2009/2014/AECI/MTur;08/01/2015
2014;72031.009375/2013-10;Prefeitura Municipal de Ibiapina/CE;700689;1318/2013-10;Ofício nº 2014/2014/AECI/MTur;08/01/2015
2014;72031.008756/2013-73;Instituto Mineiro de Desenvolvimento;742228;742228/2010;Ofício nº 2016/2014/AECI/MTur;08/01/2015
2014;72031.001635/2011-39;Prefeitura Municipal de Peçanha/MG;735823;735823/2010;Ofício nº 2018/2014/AECI/MTur;08/01/2015
2014;72031.012920/2010-02;Prefeitura Municipal de Conceição/PB;703776;703776/2009;Ofício nº 2037/2014/AECI/MTur;08/01/2015
2014;72100.000731/2012-80;Instituto Centro-Brasileiro de Cultura -ICBC;601013;1/2007.;Ofício nº 2050/2014/AECI/MTur;08/01/2015
2014;72031.005912/2013-44;Instituto Cultural e Educacional do Paraguaçu - INCEP;753334;753334/2010;Ofício nº 2052/2014/AECI/MTur;08/01/2015
2014;72031.013346/2010-00;Prefeitura Municipal de Licínio de Almeida/BA;703775;703775/2009;Ofício nº 2058/2014/AECI/MTur;08/01/2015
2014;72031.007146/2013-52;Prefeitura Municipal de Borba/AM;727157;1.828/2009;Ofício nº 2067/2014/AECI/MTur;08/01/2015
2014;72031.008368/2011-21;Prefeitura Municipal de Alto Santo/CE;626407;160/2008;Ofício nº 2089/2014/AECI/MTur;08/01/2015
2014;72031.000235/2011-14;Associação Sergipana de Blocos de Trio/ASBT/SE;733184;0289/2010;Ofício nº 2091/2014/AECI/MTur;08/01/2015
2014;72031.009316/2010-91;Empresa Brasiliense de Turismo - Brasiliatur;703198;703198/2009;Ofício nº 2110/2014/AECI/MTur;08/01/2015
2014;72031.010622/2011-51;Liga de Quadrinhas Juninas do Acre/LIQUAJAC;738475;870/2010;Ofício nº 2116/2014/AECI/MTur;08/01/2015
2014;72031.007245/2013-34;Prefeitura Municipal de Tuparetama/PE;703215;142/2009;Ofício nº 2118/2014/AECI/MTur;08/01/2015
2014;72031.003202/2012-07;Prefeitura Municipal de Capela/AL;633556;781/2008;Ofício nº 2120/2014/AECI/MTur;08/01/2015
2014;72000.002732/2009-91;Prefeitura Municipal de Condado/PB;629315;951/2008;Ofício nº 2121/2014/AECI/MTur;08/01/2015
2014;72031.003783/2013-50;Prefeitura Municipal de Sapé/PB;721037;721037/2009;Ofício nº 2122/2014/AECI/MTur;08/01/2015
2014;72031.009862/2011-11;Prefeitura Municipal de Serra de São Bento/RN;738008;738008/2010;Ofício nº 2123/2014/AECI/MTur;08/01/2015
2014;72031.009635/2013-49;Prefeitura Municipal de Lambari D'Oeste/MT ;722025;1608/2009;Ofício nº 2124/2014/AECI/MTur;08/01/2015
2014;72031.004594/2011-32;Prefeitura Municipal de Alvinpolis/MS;627358;326/2008;Ofício nº 2126/2014/AECI/MTur;08/01/2015
2014;72031.001450/2011-24;Prefeitura Municipal de Casserengue/PB;703552;703552;Ofício nº 2127/2014/AECI/MTur;08/01/2015
2014;72031.004942/2009-57;Prefeitura Municipal de Bom Jesus dos Perdões/SP;701538;701538/2008;Ofício nº 2128/2014/AECI/MTur;08/01/2015
2014;72031.004927/2013-95;Prefeitura Municipal de Passira/PE;737601;0731/2010;Ofício nº 2129/2014/AECI/MTur;08/01/2015
2014;72031.007358/2011-78;Prefeitura Municipal de Uru/SP;703032;703032/2009;Ofício nº 2131/2014/AECI/MTur;08/01/2015
2014;72031.007933/2011-32;Piauí Turismo - PIEMTur/PI;650885;700711/2008;Ofício nº 2134/2014/AECI/MTur;08/01/2015
2014;72031.016474/2010-05;Prefeitura Municipal de Matinhas/PB;701736;701736/2008;Ofício nº 2135/2014/AECI/MTur;08/01/2015
2014;72031.006816/2010-71;Central das Associações de Mantenópolis - CEAMAN/ES;631739;625/2008;Ofício nº 2136/2014/AECI/MTur;08/01/2015
2014;72031.006631/2013-17;Prefeitura Municipal de Barra de Santo Antônio/AL;732941;0271/2010;Ofício nº 2137/2014/AECI/MTur;08/01/2015
2014;72031.011802/2010-79;Prefeitura Municipal de Coronel Vivida/PR;538401;519/2005;Ofício nº 2138/2014/AECI/MTur;08/01/2015
2014;72031.010465/2011-83;Hipnos Companhia das Artes;750419;750419/2010;Ofício nº 2139/2014/AECI/MTur;08/01/2015
2014;72031.007359/2011-12;Prefeitura Municipal de Ibimirim/PE;703471;703471/2009;Ofício nº 2140/2014/AECI/MTur;08/01/2015
2014;72031.008137/2013-89;Prefeitura Municipal de Santa Teresinha/PB;737599;737599/2010;Ofício nº 2141/2014/AECI/MTur;08/01/2015
2014;72031.008450/2011-55;Grupo Interdisciplinar Ecopolis - ECOPOLIS;703559;703559/2009;Ofício nº 2142/2014/AECI/MTur;08/01/2015
2014;72031.004823/2013-81;Prefeitura Municipal de São Simão/GO;706009;706009/2009;Ofício nº 2143/2014/AECI/MTur;08/01/2015
2014;72031.006435/2012-53;Prefeitura Municipal de Quijingue/BA;743426;743426/2010;Ofício nº 2144/2014/AECI/MTur;08/01/2015
2014;72031.009283/2013-21;Prefeitura Municipal de Crisólita/MG;625843;122/2008;Ofício nº 2145/2014/AECI/MTur;08/01/2015
2014;72031.012914/2010-47;Prefeitura Municipal de Pilar/AL;703636;703636/2009;Ofício nº 2146/2014/AECI/MTur;08/01/2015
2014;72031.001097/2012-63;Prefeitura Municipal de Pirajuí/SP;735478;735478/2010;Ofício nº 2147/2014/AECI/MTur;08/01/2015
2014;72031.007598/2011-72;Prefeitura Municipal de Pacatuba/SE;562261;132/2006;Ofício nº 2148/2014/AECI/MTur;08/01/2015
2014;72031.005622/2010-58;Prefeitura Municipal de Taperoá/BA;628703;565/2007;Ofício nº 2153/2014/AECI/MTur;08/01/2015
2014;00190.003393/2014-27;Prefeitura Municipal de Inhambupe/BA;589121;Contrato de Repasse n° 212.862-07/2006;Ofício nº 2154/2014/AECI/MTur;08/01/2015
2014;72031.003784/003784;Prefeitura Municipal de São Miguel/RN;722009;1601/2009;Ofício nº 2155/2014/AECI/MTur;08/01/2015
2014;72031.004756/2011-32;Prefeitura Municipal de Cocal/PI;734018;377/2010;Ofício nº 2156/2014/AECI/MTur;08/01/2015
2014;72031.004394/2011-80;Prefeitura Municipal de Váezea da Palma/MG;625915;189/2008;Ofício nº 2157/2014/AECI/MTur;08/01/2015
2014;72031.007202/2013-59;Prefeitura Municipal de São José do Barreiro/SP;704097;704097/2009;Ofício nº 1886/2014/AECI/MTur;07/01/2015
2014;72031.008721/2013-34;Prefeitura Municipal de Natividade da Serra/SP;701545;1431/2008;Ofício nº 1887/2014/AECI/MTur;07/01/2015
2014;72031.000257/2014-19;Associação de Rodeio Completo de Taciba - Os Tropeiros;732670;0219/2010;Ofício nº 1889/2014/AECI/MTur;07/01/2015
2014;72031.006582/2013-12;Associação Brasileira das Empresas de Transporte Aéreo Regional - ABETAR;732394;0149/2010;Ofício nº 1890/2014/AECI/MTur;07/01/2015
2014;72031.007104/2013-11;Prefeitura Municipal de Tupã/SP;706929;1179/2009;Ofício nº 1896/2014/AECI/MTur;07/01/2015
2014;72031.006627/2013-41;Associação Brasileira das Empresas de Transporte Aéreo Regional - ABETAR;703572;0357/2009;Ofício nº 1897/2014/AECI/MTur;07/01/2015
2014;72031.008759/2013-15;Prefeitura Municipal de Ferraz Vasconcelos/SP;706350;706350/2009;Ofício nº 1898/2014/AECI/MTur;07/01/2015
2014;72031.008377/2013-83;Prefeitura Municipal de Ferraz Iepê/SP;703762;703762/2009;Ofício nº 1899/2014/AECI/MTur;07/01/2015
2014;72031.006772/2010-89;União Brasileiro dos Promotores e Feiras - Ubrafe;593750;322/2007;Ofício nº 1900/2014/AECI/MTur;07/01/2015
2014;72031.008772/2013-66;Prefeitura Municipal de Balbinos/SP;742114;1200/2010;Ofício nº 1901/2014/AECI/MTur;07/01/2015
2014;72031.010689/2011-95;Associção da Parada de Orgulho Gays, Lésbicas, Bissexuais e Trangêneros de São Paulo - APOGLBT/SP;703645;703645/2009;Ofício nº 1904/2014/AECI/MTur;07/01/2015
2014;72031.009373/2013-12;Prefeitura Municipal de Cardoso/SP;733127;0298/2010;Ofício nº 1905/2014/AECI/MTur;07/01/2015
2014;72031.007599/2011-17;Associação dos Produtores Rurais de Manguape de Cima - APRAM (PB);632932;935/2008;Ofício nº 1906/2014/AECI/MTur;07/01/2015
2014;72031.016479/2010-20;Prefeitura Municipal de Olho D'Água/PB;703738;703738/2009;Ofício nº 1910/2014/AECI/MTur;07/01/2015
2014;72031.004386/2011-33;Prefeitura Municipal de Monteiro/PB;629845;962/2008;Ofício nº 1913/2014/AECI/MTur;07/01/2015
2014;72031.009959/2011-15;Prefeitura Municipal de Macaubal/SP;701730 - 640268;701730/2008;Ofício nº 1919/2014/AECI/MTur;07/01/2015
2014;72031.008307/2011-63;Prefeitura Municipal de Curral Velho/PB;703939;703939/2009;Ofício nº 1922/2014/AECI/MTur;07/01/2015
2014;72031.008366/2011-31;Prefeitura Municipal de Boa Ventura/PB;629146;656/2008;Ofício nº 1923/2014/AECI/MTur;07/01/2015
2014;72031.015723/2010-37;Prefeitura Municipal de Matinhas/PB;707391;707391/2009;Ofício nº 1924/2014/AECI/MTur;07/01/2015
2014;72031.006739/2012-11;Prefeitura Municipal de Várzea/PB;735869;0482/2010;Ofício nº 1925/2014/AECI/MTur;07/01/2015
2014;72031.000323/2014-51;Premium Avança Brasil;704165;704165/2009;Ofício nº 1927/2014/AECI/MTur;07/01/2015
2014;72031.009784/2011-46;Prefeitura Municipal de São Luiz do Norte/GO;628033;229/2008;Ofício nº 1928/2014/AECI/MTur;07/01/2015
2014;72031.005912/2013-88;Prefeitura Municipal de Queluz/SP;743440;743440/2010;Ofício nº 1937/2014/AECI/MTur;07/01/2015
2014;72031.004925/2013-04;Prefeitura Municipal de Ruachinho/MG;705679;705679/2009;Ofício nº 1941/2014/AECI/MTur;07/01/2015
2014;72031.004392/2011-91;Prefeitura Municipal de Barra Longa/MG;629372;442/2008;Ofício nº 1942/2014/AECI/MTur;07/01/2015
2014;72031.002698/2009-55;Prefeitura Municipal de Chalé/MG;629152;371/2008;Ofício nº 1943/2014/AECI/MTur;07/01/2015
2014;72031.004956/2010-15;Prefeitura Municipal de Santa Efigência de Minas/MG;704727;704727/2009;Ofício nº 1947/2014/AECI/MTur;07/01/2015
2014;72031.008809/2013-56;Prefeitura Municipal de Jequiri/MG;717481;1390/2009;Ofício nº 1949/2014/AECI/MTur;07/01/2015
2014;72031.007106/2013-19;Prefeitura Municipal de Periquito/MG;742109;742109/2010;Ofício nº 1950/2014/AECI/MTur;07/01/2015
2014;72031.001301/2014-16;Prefeitura Municipal de Cunha/SP;732310;732310/2010;Ofício nº 1951/2014/AECI/MTur;07/01/2015
2014;72031.001030/2011-48;Prefeitura Municipal de Lourdes/SP;733020;733020/2010;Ofício nº 1952/2014/AECI/MTur;07/01/2015
2014;"72031;007486/2011-11";Prefeitura Municipal de Turiúba/SP;631615;517/2008;Ofício nº 1953/2014/AECI/MTur;07/01/2015
2014;72031.008827/2013-38;Associção Brasileira das Empresas de Transporte Aéreo Regional - ABETAR;623731;0059/2008;Ofício nº 1954/2014/AECI/MTur;07/01/2015
2014;72031.007819/2013-74;Prefeitura Municipal de Neves Paulista/SP;759463;759463/2011;Ofício nº 1955/2014/AECI/MTur;07/01/2015
2014;72031.007204/2013-48;Prefeitura Municipal de Jales/SP;732316;0148/2010;Ofício nº 1956/2014/AECI/MTur;07/01/2015
2014;72031.007787/2011-45;Prefeitura Municipal de Fortim/CE;629777;993/2008;Ofício nº 1961/2014/AECI/MTur;07/01/2015
2014;72031.007275/2012-60;Prefeitura Municipal de Umari/CE;704199;747/2009;Ofício nº 1962/2014/AECI/MTur;07/01/2015
2014;72031.007800/2011-66;Fundação Cultural Manoel Antônio Nunes Neto;585743;544/2006;Ofício nº 1963/2014/AECI/MTur;07/01/2015
2014;72031.007258/2011-41;Fórum Internacional de Comunicação da Ecologia e Turismo-Ficet;632616;1155/2008;Ofício nº 1968/2014/AECI/MTur;07/01/2015
2014;72031.006812/2010-92;Prefeitura Municipal de Caraúbas/RN;629057;413/2008;Ofício nº 1972/2014/AECI/MTur;07/01/2015
2014;72031.012118/2010-12;Prefeitura Municipal de Vila Boa/GO;703222;703222/2009;Ofício nº 1976/2014/AECI/MTur;07/01/2015
2014;72031.007022/2013-77;Prefeitura Municipal de Caldas Novas/GO;702347;1.585/2008;Ofício nº 1977/2014/AECI/MTur;07/01/2015
2014;72031.008357/2012-21;Prefeitura Municipal de Araguaçu/TO;705009;705009/2009;Ofício nº 1982/2014/AECI/MTur;07/01/2015
2014;72031.008810/2013-81;Prefeitura Municipal de Caseara/TO;735680;735680/2010;Ofício nº 1983/2014/AECI/MTur;07/01/2015
2014;72031.013816/2010-27;Prefeitura Municipal de Araguanã/TO;703870;703870/2009;Ofício nº 1984/2014/AECI/MTur;07/01/2015
2014;72031.002646/2012-17;Prefeitura Municipal de Caseara/TO;632894;672/2008;Ofício nº 1986/2014/AECI/MTur;07/01/2015
2014;72031.008454/2013-03;Prefeitura Municipal de Rio Largo/AL;736673;736673/2010;Ofício nº 1990/2014/AECI/MTur;07/01/2015
2014;72031.003785/2013-49;Fundação Delmiro Gouveia/FUNDEG/AL;736662;600/2010;Ofício nº 1991/2014/AECI/MTur;07/01/2015
2014;72031.006633/2013-06;Prefeitura Municipal de Pilar/AL;700449;1288/2008;Ofício nº 1992/2014/AECI/MTur;07/01/2015
2014;72031.007814/2013-41;Prefeitura Municipal de Iporã/PR;732132;0081/2010;Ofício nº 1994/2014/AECI/MTur;07/01/2015
2014;72031.008895/2012-16;Luciana Andréa Accorsi Berardi;NÃO TEM;NÃO TEM;Ofício nº 1997/2014/AECI/MTur;07/01/2015
2014;72031.008545/2013-31;Instituto Educar e Crescer - IEC;629933;1141/2008;Ofício nº 1998/2014/AECI/MTur;07/01/2015
2014;72031.004929/2013-84;Prefeitura Municipal de Maracaju/MS;703219;703219/2009;Ofício nº 2001/2014/AECI/MTur;07/01/2015
2014;72031.009284/2013-76;Associação Brasileira de Agências de Viagens do Estado do Amapá/ABAV/AP;527544;321/2005;Ofício nº 2005/2014/AECI/MTur;07/01/2015
2014;72031.006488/2012-74;Prefeitura Municipal de Mucajaí/RR;732088;732088/2010;Ofício nº 2006/2014/AECI/MTur;07/01/2015
2014;72031.008257/2013-86;Prefeitura Municipal de Macajaí/RR;732103;732103/2010;Ofício nº 2007/2014/AECI/MTur;07/01/2015
2014;72031.013811/2010-02;Prefeitura Municipal de Parobé/RS;703380;703380/2009;Ofício nº 2012/2014/AECI/MTur;07/01/2015
2014;72031.015714/2010-46;Prefeitura Municipal de Jaguaruana/CE;722007;722007/2009;Ofício nº 2013/2014/AECI/MTur;07/01/2015
2014;72031.009902/2013-88;Prefeitura Municipal de Santa Cruz de Salinas/MG;721009;1.559/2009;Ofício nº 2017/2014/AECI/MTur;07/01/2015
2014;72031004395/2011-24;Prefeitura Municipal de Fagundes/PB ;629856;772/2008;Ofício nº 2019/2014/AECI/MTur;07/01/2015
2014;72031.006487/2012-20;Instituto FACC;741213;741213/2010;Ofício nº 2026/2014/AECI/MTur;07/01/2015
2014;72031008059/2013-12;Prefeitura Municipal de Frei Inocêncio/MG;721999;1596/2009;Ofício nº 2027/2014/AECI/MTur;07/01/2015
2014;72031.013782/2010-71;Prefeitura Municipal de Alfenas/MG;700148;700148/2008;Ofício nº 2031/2014/AECI/MTur;07/01/2015
2014;72031.008907/2010-41;Prefeitura Municipal de Piancó/PB;703565;703565/2009;Ofício nº 2034/2014/AECI/MTur;07/01/2015
2014;72000.000656/2011-76;Instituto Centro-Brasileiro de Cultura -ICBC;552713;56/2005;Ofício nº 2035/2014/AECI/MTur;07/01/2015
2014;72031.007484/2011-66;Prefeitura Municipal de Marcação/PB;635262;803/2008;Ofício nº 2036/2014/AECI/MTur;07/01/2015
2014;72031.006390/2013-06;Prefeitura Municipal de Silva Jardim/RJ;722027;1614/2009;Ofício nº 2038/2014/AECI/MTur;07/01/2015
2014;00190.006478/2014-67;Brasilcruise - Associação Brasileira de Terminais de Cruzeiros Marítimos;550799;Contrato de Repasse n° 175.873-43/2005;Ofício nº 2039/2014/AECI/MTur;07/01/2015
2014;72031.001460/2011-60;Associação Educacional e Assintencial Zumbi dos Palmares de Guapimirim/ZPG;736920;736.920/2010;Ofício nº 2041/2014/AECI/MTur;07/01/2015
2014;72031.009964/2011-28;Prefeitura Municipal de Conceição/PB;740404;740404/2010;Ofício nº 2043/2014/AECI/MTur;07/01/2015
2014;72031.011872/2010-27;Prefeitura Municipal de Wenceslau Guimarães/BA;629445;461/2008;Ofício nº 2048/2014/AECI/MTur;07/01/2015
2014;72031.006995/2012-16;Prefeitura Municipal de Nova Fátima/BA;736825;736825/2010;Ofício nº 2049/2014/AECI/MTur;07/01/2015
2014;72100.000001/2013-60;Federação Brasileira de Convention & Visitors Bureaux;592862;04/2007.;Ofício nº 2051/2014/AECI/MTur;07/01/2015
2014;72031.000318/2011-03;Prefeitura Municipal de São José do Egito/PE;733121;733121/2010;Ofício nº 2053/2014/AECI/MTur;07/01/2015
2014;72000.002794/2009-01;Prefeitura Municipal de Angelim/PE;626804;195/2008;Ofício nº 2054/2014/AECI/MTur;07/01/2015
2014;72031.003186/2011-63;Prefeitura Municipal de Nilo Peçanha/BA;742528;742528/2010;Ofício nº 2059/2014/AECI/MTur;07/01/2015
2014;72031.008541/2013-52;Organização Trajetória Mundial-OTM;705689;866/2008;Ofício nº 2055/2014/AECI/MTur;07/01/2015
2014;72031.007350/2011-10;Instituto de Apoio Técnico Especializado a Cidadania - Iatec;564108;283/2006;Ofício nº 2057/2014/AECI/MTur;07/01/2015
2014;72031.002644/2012-28;Prefeitura Municipal de Ipubí/PE;703481;282/2009;Ofício nº 2060/2014/AECI/MTur;07/01/2015
2014;72031.012125/2010-14;Associação Cultural de Capacitação e Inclusão Social - Ascapis;703249;703249/2009;Ofício nº 2068/2014/AECI/MTur;07/01/2015
2014;72031.006585/2013-48;Prefeitura Municipal de Afolgados da Ingazeira/PE;703854;703854/2009;Ofício nº 2069/2014/AECI/MTur;07/01/2015
2014;72031.008255/2013-97;Prefeitura Municipal de Teixeiras/MG;700629;700629/2008;Ofício nº 2071/2014/AECI/MTur;07/01/2015
2014;72031.006736/2012-87;Prefeitura Municipal de Alto Santo/CE;702195;702195/2008;Ofício nº 2075/2014/AECI/MTur;07/01/2015
2014;72031.008061/2013-91;Prefeitura Municipal de Belo Oriente/MG;722528;722528/2009;Ofício nº 2076/2014/AECI/MTur;07/01/2015
2014;72031.006077/2010-17;Prefeitura Municipal de São João do Paraiso/MG;627952;343/2008;Ofício nº 2077/2014/AECI/MTur;07/01/2015
2014;72031.006586/2013-92;Associação Sergipana de Blocos de Trio - ASBT;732144;0089/2010;Ofício nº 2078/2014/AECI/MTur;07/01/2015
2014;72031.001244/2010-33;Prefeitura Municipal de Pinhão/SE;703065;703065/2009;Ofício nº 2079/2014/AECI/MTur;07/01/2015
2014;72031.006584/2013-01;Associação Sergipana de Blocos de Trio - ASBT;703084;703084/2009;Ofício nº 2081/2014/AECI/MTur;07/01/2015
2014;72031001385/2011-37;Associação Sergipana de Blocos de Trio - ASBT;736114;736114/2010;Ofício nº 2082/2014/AECI/MTur;07/01/2015
2014;72031.005336/2011-73;Prefeitura Municipal de Rio Grande do Piaí/PI;737284;737284/2010;Ofício nº 2085/2014/AECI/MTur;07/01/2015
2014;72031.008971/2013-74;Piauí Turismo - PieMTur;632940;995/2008;Ofício nº 2086/2014/AECI/MTur;07/01/2015
2014;72031.007210/2013-03;Prefeitura Municipal de Itapipoca/CE;702725;1.637/2008;Ofício nº 2088/2014/AECI/MTur;07/01/2015
2014;72031.008102/2013-40;Prefeitura Municipal de Poço Verde/SE;734149;389/2010;Ofício nº 2090/2014/AECI/MTur;07/01/2015
2014;72031.008109/2013-61;Prefeitura Municipal de Nossa Senhora das Dores/SE;732426;732426/2010;Ofício nº 2092/2014/AECI/MTur;07/01/2015
2014;72031.001726/2010-93;Prefeitura Municipal de Pombos/PE;595664;466/2007;Ofício nº 2094/2014/AECI/MTur;07/01/2015
2014;72031.000796/2012-96;Prefeitura Municipal de Cortês/PE;628544;069/2008;Ofício nº 2095/2014/AECI/MTur;07/01/2015
2014;72031.006632/2013-53;Instituto Práxis de Educação, Cultura e Ação Social;633835;1175/2008;Ofício nº 2101/2014/AECI/MTur;07/01/2015
2014;72031.006241/2012-58;Prefeitura Municipal de Alto Santo/CE;714416;714416/2009;Ofício nº 2102/2014/AECI/MTur;07/01/2015
2014;72031.006994/2012-63;Prefeitura Municipal de Itapipoca/CE;728607;1.889/2009;Ofício nº 2103/2014/AECI/MTur;07/01/2015
2014;72031.006298/2010-95;Prefeitura Municipal de Quipapá/PE;623794;79/2008;Ofício nº 2105/2014/AECI/MTur;07/01/2015
2014;72031.007360/2011-47;Prefeitura Municipal de Belém de Maria/PE;623054;916/2007;Ofício nº 2106/2014/AECI/MTur;07/01/2015
2014;72031.009482/2011-78;Prefeitura Municipal de Santo Amaro do Maranhão/MA;705014;705014/2009;Ofício nº 2115/2014/AECI/MTur;07/01/2015
2014;72031.009791/2011-48;Prefeitura Municipal de Rio Branco/MT;703378;0233/2009;Ofício nº 2117/2014/AECI/MTur;07/01/2015
2014;72031.008897/2013-96;Prefeitura Municipal de Bom Sucesso/PB;703535;703535/2009;Ofício nº 2119/2014/AECI/MTur;07/01/2015
2014;72031.008060/2013-47;Prefeitura Municipal de Belém de Maria/PE;700075;1229/2008;Ofício nº 2125/2014/AECI/MTur;07/01/2015
2014;72031.012112/2010-37;Prefeitura Municipal de Cunha/SP;630696;737/2008;Ofício nº 2132/2014/AECI/MTur;07/01/2015
2014;72031.008775/2013-08;Associação Cria Brasil;704436;704436/2009;Ofício nº 2133/2014/AECI/MTur;07/01/2015
2014;72031.012116/2010-15;Prefeitura Municipal de Imbituba/SC;702867;702867/2008;Ofício nº 2149/2014/AECI/MTur;07/01/2015
2014;72031.013160/2012-42;Prefeitura Municipal de Paramoti/CE;634370;859/2008;Ofício nº 2150/2014/AECI/MTur;07/01/2015
2014;72031.006044/2011-58;Prefeitura Municipal de Paranatinga/MT;622159;1059/2007;Ofício nº 2151/2014/AECI/MTur;07/01/2015
2014;72031.004945/2009-91;Instituto Mundial de Desenvolvimento e da Cidadania – IMDC/MG;650581;702246/2008;Ofício nº 2152/2014/AECI/MTur;07/01/2015
2014;72031.008454/2013-84;Prefeitura Municipal de Caputira/MG;704380;704380/2009;Ofício nº 2158/2014/AECI/MTur;07/01/2015
2014;72031.008146/2011-16;Instituto de Desenvolvimento da Organização Nacional de Excelência Administrativa - IDONEA ;704180;735/2009;Ofício nº 2159/2014/AECI/MTur;07/01/2015
2014;72031.008438/2011-41;Prefeitura Municipal de Rio da Conceição/TO;722473;1.645/2009;Ofício nº 2160/2014/AECI/MTur;07/01/2015
2014;72031.016432/2010-66;Prefeitura Municipal de Assaré/CE;703045;703045/2009;Ofício nº 2161/2014/AECI/MTur;07/01/2015
2014;72031.006436/2012-06;Prefeitura Municipal de Getulina/SP;734271;734271/2010;Ofício nº 2162/2014/AECI/MTur;07/01/2015
2014;72031.009529/2011-01;Centro de Pesquisa e Promoção Cultural - CEPEC/MG;704181;624/2009;Ofício nº 2163/2014/AECI/MTur;07/01/2015
2014;72031.002659/2011-13;Prefeitura Municipal de Pirenópolis/GO;721791;1589/2009;Ofício nº 2164/2014/AECI/MTur;07/01/2015
2014;72031.006391/2013-42;Prefeitura Municipal de Joanópolis/SP;633832;756/2008;Ofício nº 2165/2014/AECI/MTur;07/01/2015
2014;72031.004326/2013-82;Prefeitura Municipal de Nilo Peçanha/BA;723890;1757/2009;Ofício nº 2166/2014/AECI/MTur;07/01/2015
2014;72031.002516/2009-89;Prefeitura Municipal de Uraí/PR;562960;156/2006;Ofício nº 2167/2014/AECI/MTur;07/01/2015
2014;72031.006299/2010-30;Prefeitura Municipal de Antônio Martins/RN;629175;123/2008;Ofício nº 2168/2014/AECI/MTur;07/01/2015
2014;72031.013342/2010-13;Prefeitura Municipal de Santa Vitória do Palmar/RS;702954;702954/2009;Ofício nº 2169/2014/AECI/MTur;07/01/2015
2014;72031.004930/2013-17;Prefeitura Municipal de Bom Jesus dos Perdões/SP;704164;704164/2009;Ofício nº 2170/2014/AECI/MTur;07/01/2015
2014;72031.002660/2011-30;Prefeitura Municipal de Satuba/AL;732.853/2010;732853/2010;Ofício nº 2171/2014/AECI/MTur;07/01/2015
2014;72031.006399/2013-17;Prefeitura Municipal de Estância/SE;736291;546/2010;Ofício nº 2172/2014/AECI/MTur;07/01/2015
2014;72031.008440/2011-10;Associação Brasileira dos Amigos do Vinho - ABAVI;702266;702266/2008;Ofício nº 2173/2014/AECI/MTur;07/01/2015
2014;72031.009190/2011-35;Prefeitura Municipal de Colônio de Leopoldina/AL;703577;362/2009;Ofício nº 2174/2014/AECI/MTur;07/01/2015
2014;72031.006807/2010-80;Prefeitura Municipal de Paratinga/BA;620229;889/2007;Ofício nº 2175/2014/AECI/MTur;07/01/2015
2014;72031.004325/2013-38;Prefeitura Municipal de Tuparetama/PE;703663;703663/2009;Ofício nº 2176/2014/AECI/MTur;07/01/2015
2014;72031.007029/2013-99;Prefeitura Municipal de Sãp João de Iracema/SP;631620;500/2008;Ofício nº 2177/2014/AECI/MTur;07/01/2015
2014;72031.007247/2013-23;Prefeitura Municipal de Argirita/MG;701367;701367/2008;Ofício nº 2178/2014/AECI/MTur;07/01/2015
2014;72031.009381/2013-69;Instituto Mineiro de Desenvolvimento e da Cidadania - IMDC/MG;623751;13/2008;Ofício nº 2183/2014/AECI/MTur;07/01/2015
2014;72031.007203/2013-01;Prefeitura Municipal de Jales/SP;704152;0718/2009;Ofício nº 1883/2014/AECI/MTur;06/01/2015
2014;72031.003201/2012-54;Prefeitura Municipal de Riacho de Santo Antônio/PB;634932;1037/2008;Ofício nº 1884/2014/AECI/MTur;06/01/2015
2014;72031.001399/2011-51;Prefeitura Municipal de Echaporã/SP;702253;702253/2008;Ofício nº 1885/2014/AECI/MTur;06/01/2015
2014;72031.007214/2013-83;Prefeitura Municipal de Indiaporã/SP;703283;703283/2009;Ofício nº 1888/2014/AECI/MTur;06/01/2015
2014;72031.007251/2013-91;Prefeitura Municipal de Turiúba/SP;704184;704184/2009;Ofício nº 1891/2014/AECI/MTur;06/01/2015
2014;72031.009634/2013-02;Prefeitura Municipal de Ituverava/SP;731958;731958/2010;Ofício nº 1892/2014/AECI/MTur;06/01/2015
2014;72031.006236/2012-45;Prefeitura Municipal de Nova Campina/SP;738453;738453/2010;Ofício nº 1893/2014/AECI/MTur;06/01/2015
2014;72031.009997/2011-78;ONG FONTE - Frente Organizada para Temática Étnica ;594580;229/2007;Ofício nº 1895/2014/AECI/MTur;06/01/2015
2014;72031.009931/2011-88;Prefeitura Municipal de Salles/SP;735850;735850/2010;Ofício nº 1902/2014/AECI/MTur;06/01/2015
2014;72031.004755/2011-98;Prefeitura Municipal de Pacaembu/SP;732383;732383/2010;Ofício nº 1903/2014/AECI/MTur;06/01/2015
2014;72031.005329/2011-71;Prefeitura Municipal de Zabelê/PB;735689;473/2010;Ofício nº 1908/2014/AECI/MTur;06/01/2015
2014;72031.013345/2010-57;Prefeitura Municipal de Lucena/PB;704326;704326/2009;Ofício nº 1909/2014/AECI/MTur;06/01/2015
2014;72031.013246/2010-75;Prefeitura Municipal de Paramoti/CE;703748;703748/2009;Ofício nº 1911/2014/AECI/MTur;06/01/2015
2014;72031.008755/2013-29;Prefeitura Municipal de Araponga/MG;737574;0760/2010;Ofício nº 1912/2014/AECI/MTur;06/01/2015
2014;72031.008929/2013-53;Associação Brasileira das Empresas de Transporte Aéreo Regional - ABETAR;629187;0431/2008;Ofício nº 1917/2014/AECI/MTur;06/01/2015
2014;72031.006737/2012-21;Prefeitura Municipal de Rubiácea/SP;741312;1058/2010;Ofício nº 1918/2014/AECI/MTur;06/01/2015
2014;72031.009838/2013-35;Prefeitura Municipal de Poço de José de Moura/PB;739354;0920/2010;Ofício nº 1920/2014/AECI/MTur;06/01/2015
2014;72031.001449/2011-08;Prefeitura Municipal de Frei Martinho/PB;706011;706011/2009;Ofício nº 1921/2014/AECI/MTur;06/01/2015
2014;72031.008243/2013-62;Prefeitura Municipal de Serra Branca/PB;634060;0459/2008;Ofício nº 1926/2014/AECI/MTur;06/01/2015
2014;72031.001633/2011-40;Prefeitura Municipal de Alexância/GO;732856;732856/2010;Ofício nº 1930/2014/AECI/MTur;06/01/2015
2014;72031.005635/2010-27;Premium Avança Brasil;650068;702904/2008;Ofício nº 1931/2014/AECI/MTur;06/01/2015
2014;72031.010054/2011-98;Associação Cria Brasil de Assessoria, Consultoria e Desenvolvimento de Ações Socias, e de Cultura, Meio Ambiente, Turismo, Educação e de Cidadania.;702975;702975/2009;Ofício nº 1935/2014/AECI/MTur;06/01/2015
2014;72031.016516/2010-08;Prefeitura Municipal de Getulina/SP;703310;703310/2009;Ofício nº 1936/2014/AECI/MTur;06/01/2015
2014;72031.001629/2011-81;Prefeitura Municipal de Nipoã/SP;734521;734521/2010;Ofício nº 1938/2014/AECI/MTur;06/01/2015
2014;72031.008678/2012-26;Centro Brasil Trabalho - CBT;622947;786/2007;Ofício nº 1939/2014/AECI/MTur;06/01/2015
2014;72031.006046/2011-47;Prefeitura Municipal de Carmo do Rio Claro/MG;703620;703620/2009;Ofício nº 1944/2014/AECI/MTur;06/01/2015
2014;72031.004388/2011-22;Prefeitura Municipal de Dores do Turvo/MG;629289;592/2008;Ofício nº 1945/2014/AECI/MTur;06/01/2015
2014;72031.006806/2010-35;Prefeitura Municipal de Vargem Alegre/MG;629361;616/2008;Ofício nº 1946/2014/AECI/MTur;06/01/2015
2014;72031.008722/2013-89;Prefeitura Municipal de Milhã/CE;741293;741293/2010;Ofício nº 1960/2014/AECI/MTur;06/01/2015
2014;72031.007817/2013-85;Prefeitura Municipal de Cabaceiras do Paranguaçu/BA;716161;716161/2009;Ofício nº 1964/2014/AECI/MTur;06/01/2015
2014;72031.005981/2010-13;Prefeitura Municipal de  Itiúba/BA;564106;305/2009;Ofício nº 1966/2014/AECI/MTur;06/01/2015
2014;72031.004953/2010-71;Prefeitura Municipal de Casa Nova/BA;704025;704025/2009;Ofício nº 1967/2014/AECI/MTur;06/01/2015
2014;72031.008773/2013-19;Fundação Cultural Capitania das Artes/Natal/RN;634928;0304/2008;Ofício nº 1969/2014/AECI/MTur;06/01/2015
2014;72031.008542/2013-05;Prefeitura Municipal de Santa Maria/RN;738450;738450/2010;Ofício nº 1970/2014/AECI/MTur;06/01/2015
2014;72031.004660/2010-93;Associação Cria Brasil de Assessoria, Consultoria e Desenvolvimento de Ações Socias, e de Cultura, Meio Ambiente, Turismo, Educação e de Cidadania - Cria Brasil;702956;702956/2009;Ofício nº 1975/2014/AECI/MTur;06/01/2015
2014;72031.004596/2011-21;Prefeitura Municipal de Marechal Deodoro/AL;737584;737584/2010;Ofício nº 1993/2014/AECI/MTur;06/01/2015
2014;72031.007098/2011-31;Instituto de Desenvolvimento da Organização Nacional de Excelência Administrativa – IDONEA/PR;703284;192/2009;Ofício nº 1995/2014/AECI/MTur;06/01/2015
2014;72031.013163/2010-86;Prefeitura Municipal de  Brejetuba/ES;640120;989/2008;Ofício nº 1999/2014/AECI/MTur;06/01/2015
2014;72031.007071/2013-18;Associação Cultural e Beneficiente Nipo - Brasileira de Curitiba - Nikkei Curitiba;737526;0702/2010;Ofício nº 2002/2014/AECI/MTur;06/01/2015
2014;72031.007093/2013-70;Prefeitura Municipal de Alto Piquiri/PR;737569;737569/2010;Ofício nº 2003/2014/AECI/MTur;06/01/2015
2014;72031.015717/2010-80;Prefeitura Municipal de Ponte Branca/MT;720493;720493/2009;Ofício nº 2008/2014/AECI/MTur;06/01/2015
2014;72031.007820/2013-07;Prefeitura Municipal de Patobé/RS;755552;0074/2011;Ofício nº 2010/2014/AECI/MTur;06/01/2015
2014;72031.004067/2011-28;Fórum Internacional de Comunicação da Ecologia e Turismo-Ficet;748358;748358/2010;Ofício nº 2011/2014/AECI/MTur;06/01/2015
2014;72031.006736/2013-68;Prefeitura Municipal de Lábrea/AM;724852;724852/2009;Ofício nº 2015/2014/AECI/MTur;06/01/2015
2014;72031006943/2011-51;Prefeitura Municipal de Anori/AM;598123;549/2007;Ofício nº 2020/2014/AECI/MTur;06/01/2015
2014;72031.007818/2013-20;Instituto Paidéia de Expressão e Comunicação;734956;0426/2010;Ofício nº 2021/2014/AECI/MTur;06/01/2015
2014;72031.009792/2011-92;Instituto Projeto Viver ;734024;350/2010;Ofício nº 2022/2014/AECI/MTur;06/01/2015
2014;72031012115/2010-71;Prefeitura Municipal de Centralina/MG;702815;702815/2008;Ofício nº 2023/2014/AECI/MTur;06/01/2015
2014;72031001557/2011-72;Prefeitura Municipal de Maraã/AM;728593;728.593/2009;Ofício nº 2024/2014/AECI/MTur;06/01/2015
2014;72031.008898/2013-31;Prefeitura Municipal de Porto Esperidião/MT;704635;704635/2009;Ofício nº 2025/2014/AECI/MTur;06/01/2015
2014;72031.006739/2013-00;Prefeitura Municipal de Inhapim/MG;718080;1423/2009;Ofício nº 2028/2014/AECI/MTur;06/01/2015
2014;72031.008895/2013-05;Prefeitura Municipal de Frei Inocêncio/MG;742100;742100/2010;Ofício nº 2029/2014/AECI/MTur;06/01/2015
2014;72031.013796/2010-94;Prefeitura Municipal de Raul Soares/MG;702660;702660/2008;Ofício nº 2030/2014/AECI/MTur;06/01/2015
2014;72031.012915/2010-91;Prefeitura Municipal de Itabaiana/PB;704671;704671/2009;Ofício nº 2032/2014/AECI/MTur;06/01/2015
2014;72031.013847/2010-88;Fundação de Cultura, Assitência e Saúde da Paraíba;703613;703613/2009;Ofício nº 2033/2014/AECI/MTur;06/01/2015
2014;72031.000734/2012-84;Associação dos Moradores do Campinho;701345;701345/2008;Ofício nº 2040/2014/AECI/MTur;06/01/2015
2014;72031.016476/2010-96;Prefeitura Municipal de Matinhas/PB;700767;700767/2008;Ofício nº 2042/2014/AECI/MTur;06/01/2015
2014;72031.008792/2013-37;Prefeitura Municipal de Cupira/PE;713520;713520/2009;Ofício nº 2044/2014/AECI/MTur;06/01/2015
2014;72100.000025/2013-19;Federação Brasileira de Convention & Visitors Bureaux;593517;12/2007.;Ofício nº 2045/2014/AECI/MTur;06/01/2015
2014;72031.008791/2011-21;Prefeitura Municipal de Nilo Peçanha/BA;740848;740848/2010;Ofício nº 2046/2014/AECI/MTur;06/01/2015
2014;72031.008378/2013-28;Prefeitura Municipal de Canudos/BA;706139;1138/2009;Ofício nº 2047/2014/AECI/MTur;06/01/2015
2014;72031.007890/2013-57;Prefeitura Municipal de Cortês;629851;796/2008;Ofício nº 2056/2014/AECI/MTur;06/01/2015
2014;72031.009370/2011-17;Prefeitura Municipal de Ibirajuba/PE;628165;804/2008;Ofício nº 2061/2014/AECI/MTur;06/01/2015
2014;72031.013843/2010-08;Prefeitura Municipal de Tuparetama/PE;702151 e 704604;702151/2008 e 704604/2009;Ofício nº 2063/2014/AECI/MTur;06/01/2015
2014;72031.012907/2010-45;Prefeitura Municipal de  Bélem de Maria/PE;632872;809/2009;Ofício nº 2064/2014/AECI/MTur;06/01/2015
2014;72031.015341/2010-11;Prefeitura Municipal de Solidão/PE;629141;504/2008;Ofício nº 2065/2014/AECI/MTur;06/01/2015
2014;72031.007103/2013-77;Prefeitura Municipal de Buritizeiro/MG;739389;739389/2010;Ofício nº 2072/2014/AECI/MTur;06/01/2015
2014;72031.001038/2011-12;Prefeitura Municipal de Itabirinha/MG;700108;700108/2008;Ofício nº 2073/2014/AECI/MTur;06/01/2015
2014;72031.008441/2011-64;Prefeitura Municipal de Barra dos Coqueiros/SE;624568;14/2008;Ofício nº 2080/2014/AECI/MTur;06/01/2015
2014;72031.009905/2013-11;Prefeitura Municipal de Cumbe/ES;732287;0129/2010;Ofício nº 2083/2014/AECI/MTur;06/01/2015
2014;72031.003614/2011-58;Piauí Turismo - PIEMTur;702522;702522/2008;Ofício nº 2084/2014/AECI/MTur;06/01/2015
2014;72031.003705/2009-36;Fundação Dr. José Abel Modesto Amorim;564193;206/2006;Ofício nº 2087/2014/AECI/MTur;06/01/2015
2014;72031.008253/2013-06;Associação Sergipana de Blocos de Trio/ASBT/SE;732942;732942/2010;Ofício nº 2093/2014/AECI/MTur;06/01/2015
2014;72031.007021/2013-22;Prefeitura Municipal de Trindade/PE;723768;1.729/2009;Ofício nº 2096/2014/AECI/MTur;06/01/2015
2014;72031.001239/2010-21;Prefeitura Municipal de Japurá/AM;702143;702143/2008;Ofício nº 2097/2014/AECI/MTur;06/01/2015
2014;72031.007096/2013-11;Prefeitura Municipal de Solonópole/CE;734873;734873/2010;Ofício nº 2098/2014/AECI/MTur;06/01/2015
2014;72031.006628/2013-95;Prefeitura Municipal de Independência/CE;706347;706347/2009;Ofício nº 2099/2014/AECI/MTur;06/01/2015
2014;72031.006237/2012-90;Prefeitura Municipal de Alto Santo/CE;700728;700728/2008;Ofício nº 2100/2014/AECI/MTur;06/01/2015
2014;72031.009207/2010-73;Prefeitura Municipal de Bugre/MG;626677;214/2008;Ofício nº 2104/2014/AECI/MTur;06/01/2015
2014;72031.000245/2011-41;Prefeitura Municipal de Nova Palmeira/PB;732604;732604/2010;Ofício nº 2130/2014/AECI/MTur;06/01/2015
2014;72031.002249/2012-45;Associação Sergipana de Blocos de Trio - ASBT;703311;703311/2009;Ofício nº 1721/2014/AECI/MTur;12/11/2014
2014;72031.008906/2010-04;Instituto de Desenvolvimento da Organização Nacional de Excelência Administrativa – IDONEA/PR;704563;704563/2009;Ofício nº 1722/2014/AECI/MTur;12/11/2014
2014;72031.001125/2013-23;Agnelo Pacheco Criação e Propaganda Ltda.;NÃO TEM;NÃO TEM;Ofício nº 1723/2014/AECI/MTur;12/11/2014
2014;72031.000659/2009-56;Prefeitura Municipal de Belo Campo/BA;633781;819/2008;Ofício nº 1724/2014/AECI/MTur;12/11/2014
2014;72031.006634/2013-42;Prefeitura Municipal de São José da Coroa Grande/PE;719185;1.456/2009;Ofício nº 1726/2014/AECI/MTur;12/11/2014
2014;72031.004393/2011-35;Prefeitura Municipal de Barroquinha/CE;633833;793/2008;Ofício nº 1727/2014/AECI/MTur;12/11/2014
2014;72031.007211/2013-40;Instituto Quero-Quero;728341;728341/2009;Ofício nº 1728/2014/AECI/MTur;12/11/2014
2014;72031.004145/2013-56;Associação Brasileira das Empresas de Transporte Aéreo Regional - ABETAR;749123;1.463/2010;Ofício nº 1729/2014/AECI/MTur;12/11/2014
2014;72031.008468/2010-76;Prefeitura Municipal de Uarini/AM;615152;680/2007;Ofício nº 1670/2014/AECI/MTur;31/10/2014
2014;72031.006368/2013-58;Prefeitura Municipal de Rio Manso/MG;741207;741207/2010;Ofício nº 1594/2014/AECI/MTur;16/10/2014
2014;72031.008261/2011-82;Prefeitura Municipal de Joaquim Nabuco/PE;624563;048/2008;Ofício nº 1595/2014/AECI/MTur;16/10/2014
2014;72031.007361/2011-91;Prefeitura Municipal de Altaneira/CE;631594;703/2008;Ofício nº 1596/2014/AECI/MTur;16/10/2014
2014;72031.013827/2010-15;Prefeitura Municipal de Mucajaí/RR;703144;703144/2009;Ofício nº 1598/2014/AECI/MTur;16/10/2014
2014;72031.008774/2013-55;Prefeitura Municipal de Santa Luzia/PB;592836;158/2007;Ofício nº 1599/2014/AECI/MTur;16/10/2014
2014;00190.014779/2012-01;Prefeitura Municipal de Ibiapina;442502;Contrato de Repasse nº 124.084-11/2001;Ofício nº 1600/2014/AECI/MTur;16/10/2014
2014;72031.005917/2013-77;Associação Brasileira de Surf na Pororoca - ABRASPO;703672;703672/2009;Ofício nº 1567/2014/AECI/MTur;15/10/2014
2014;72031.001388/2011-71;Prefeitura Municipal de Reduto/MG;703564;703564/2009;Ofício nº 1568/2014/AECI/MTur;15/10/2014
2014;72031.001384/2011-92;Prefeitura Municipal de Japonvar/MG;703719;703719/2009;Ofício nº 1569/2014/AECI/MTur;15/10/2014
2014;72031.009482/2013-30;Prefeitura Municipal de São Pedro dos Ferros/MG;700063;700063/2008;Ofício nº 1570/2014/AECI/MTur;15/10/2014
2014;72031.008760/2013-31;Instituto Mundial de Desenvolvimento e da Cidadania – IMDC/MG;702395;1603/2008;Ofício nº 1571/2014/AECI/MTur;15/10/2014
2014;72031.006786/2012-64;Prefeitura Municipal de Barra do Turvo/SP;741805;741805/2010;Ofício nº 1572/2014/AECI/MTur;15/10/2014
2014;72031.005931/2011-17;Prefeitura Municipal de Nipoã/SP;734529;734529;Ofício nº 1573/2014/AECI/MTur;15/10/2014
2014;72031.009933/2011-77;Prefeitura Municipal de Campos Novos Paulista/SP;741305;1067/2010;Ofício nº 1574/2014/AECI/MTur;15/10/2014
2014;72031.004387/2011-88;Prefeitura Municipal de Pacajá/CE;630693;516/2008;Ofício nº 1575/2014/AECI/MTur;15/10/2014
2014;00190.017826/2012-60;Prefeitura Municipal de Balsa Nova/PR;600048;Contrato de Repasse n° 238.375-55/2007;Ofício nº 1576/2014/AECI/MTur;15/10/2014
2014;72031.001452/2011-13;Agência para a Promoção do Desenvolvimento Sustentado - PRODESUL;703759;703759/2009;Ofício nº 1577/2014/AECI/MTur;15/10/2014
2014;72031.009426/2013-03;Fundação Dr. José Abel Modesto Amorim;564047;207/2006;Ofício nº 1578/2014/AECI/MTur;15/10/2014
2014;72031.001448/2011-55;Associação Folclórica Cultura Boi Bumbá Malhadinho;702349;702349/2008;Ofício nº 1579/2014/AECI/MTur;15/10/2014
2014;72031.003204/2012-98;Instituto de Desenvolvimento da Organização Nacional de Excelência Administrativa – IDONEA/PR;704894;704894;Ofício nº 1550/2014/AECI/MTur;14/10/2014
2014;72031.010518/2011-66;Oscip Tercon Brasil;724404;424404/2009;Ofício nº 1551/2014/AECI/MTur;14/10/2014
2014;72031.000959/2013-11;Premium Avança Brasil;703296;703296;Ofício nº 1552/2014/AECI/MTur;14/10/2014
2014;72031.003604/2013-84;Associação do Clube do Rodeio Gigante Vermelho de Candido Mota;737577;0779/2010;Ofício nº 1553/2014/AECI/MTur;14/10/2014
2014;72031.001380/2011-12;Instituto Arte, Cia e Cidadania;737573;737573/2010;Ofício nº 1554/2014/AECI/MTur;14/10/2014
2014;72031.009962/2011-39;Agência para a Promoção do Desenvolvimento Sustentado - PRODESUL;702340;702340/2008;Ofício nº 1555/2014/AECI/MTur;14/10/2014
2014;72031.007563/2011-33;Instituto de Pesquisa e Ação Modular - IPAM/DF;732159;732159;Ofício nº 1556/2014/AECI/MTur;14/10/2014
2014;72031.001238/2010-86;Fundação Museu Étnico do Nordeste - Funet;702351;702351/2008;Ofício nº 1557/2014/AECI/MTur;14/10/2014
2014;72031.006350/2013-56;Prefeitura Municipal de São Geraldo do Baixio/MG;701049;1366/2008;Ofício nº 1384/2014/AECI/MTur;25/09/2014
2014;72031.008443/2013-15;Prefeitura Municipal de Martins Soares/MG;717253;1.383/2009;Ofício nº 1387/2014/AECI/MTur;25/09/2014
2014;72031.002508/2009-32;Prefeitura Municipal de Mendes Pimentel/MG;593683;335/2007;Ofício nº 1388/2014/AECI/MTur;25/09/2014
2014;72031.007358/2010-97;Prefeitura Municipal de Coroaci/MG;600725;799/2007;Ofício nº 1390/2014/AECI/MTur;25/09/2014
2014;72031.006791/2010-13;Prefeitura Municipal de Cariús/CE;620808;1.035/2007;Ofício nº 1394/2014/AECI/MTur;25/09/2014
2014;72031.008456/2013-94;Prefeitura Municipal Alto Santo/CE;629788;1001/2008;Ofício nº 1395/2014/AECI/MTur;25/09/2014
2014;72031.012917/2010-81;Prefeitura Municipal de Picuí/PB;700286;1270/2008;Ofício nº 1402/2014/AECI/MTur;25/09/2014
2014;72031.009044/2013-71;Prefeitura Municipal de Americana/SP;736104;736104/2008;Ofício nº 1408/2014/AECI/MTur;25/09/2014
2014;72031.008753/2013-30;Prefeitura Municipal de Rio Largo/AL;721104;1572/2009;Ofício nº 1411/2014/AECI/MTur;25/09/2014
2014;72031.008166/2013-41;Prefeitura Municipal de Canarana/BA;704634;0912/2009;Ofício nº 1414/2014/AECI/MTur;25/09/2014
2014;72031.008140/2013-01;Prefeitura Municipal de Cajueiro/AL;709683;709683/2009;Ofício nº 1419/2014/AECI/MTur;25/09/2014
2014;72031.013337/2010-19;Liga Independente de Quadrilhas Juninas do Distrito Federal e Entorno;704343;799/2009;Ofício nº 1422/2014/AECI/MTur;25/09/2014
2014;72031.008139/2013-78;Prefeitura Municipal de Campo Eré/SC;704173;733/2009;Ofício nº 1424/2014/AECI/MTur;25/09/2014
2014;72031.009202/2010-41;Associação Brasileira dos Centros de Convenções e Feiras - ABRACCEF;566864;409/2006;Ofício nº 1430/2014/AECI/MTur;25/09/2014
2014;72031.014227/2010-66;Instituto Cultural de Integração Desenvolvimento e Cidadania Grupo o Resgate/SP;632282;1142/2008;Ofício nº 1433/2014/AECI/MTur;25/09/2014
2014;72031.000315/2011-61;Integração do Processo e Desenvolvimento Nacional - IPDN/MG;736277;736277/2010;Ofício nº 1434/2014/AECI/MTur;25/09/2014
2014;72031.007222/2010-87;Fundação Estrela da Manhã/RS;702958;702958/2008;Ofício nº 1435/2014/AECI/MTur;25/09/2014
2014;72031.011867/2010-14;Instituto Arte, Cia e Cidadania - IACC/DF;704200;704200/2009;Ofício nº 1436/2014/AECI/MTur;25/09/2014
2014;72000.002796/2009-92;Prefeitura Municipal de Porto de Folha/SE;629455;315/2008;Ofício nº 1437/2014/AECI/MTur;25/09/2014
2014;72031.004358/2011-16;Prefeitura Municipal de Cáceras/MT;620208;864/2007;Ofício nº 1438/2014/AECI/MTur;25/09/2014
2014;72031.009042/2013-82;Prefeitura Municipal de Acopiara/CE;705095;705095/2009;Ofício nº 1385/2014/AECI/MTur;24/09/2014
2014;72031.013327/2010-75;Prefeitura Municipal de Chaval/CE;703025;703025;Ofício nº 1389/2014/AECI/MTur;24/09/2014
2014;72031.007108/2011-38;Prefeitura Municipal de Pires Ferreira/CE;630699;577/2008;Ofício nº 1391/2014/AECI/MTur;24/09/2014
2014;72031.000305/2011-26;Prefeitura Municipal de Maripá de Minas/MG;633927;661/2008;Ofício nº 1392/2014/AECI/MTur;24/09/2014
2014;72031.004926/2013-41;Prefeitura Municipal de Marilac/MG;704497;0850/2009;Ofício nº 1393/2014/AECI/MTur;24/09/2014
2014;72031.013335/2010-11;Prefeitura Municipal de Prata/PB;703647;703647/2010;Ofício nº 1396/2014/AECI/MTur;24/09/2014
2014;72031.007102/2013-22;Prefeitura Municipal de Iracema/CE;732008;0037/2010;Ofício nº 1397/2014/AECI/MTur;24/09/2014
2014;72031.013333/2010-22;Prefeitura Municipal de Damião/PB;703661;436/2009;Ofício nº 1398/2014/AECI/MTur;24/09/2014
2014;72031.013168/2010-17;Prefeitura Municipal de Pacajus/CE;703421;703421/2009;Ofício nº 1399/2014/AECI/MTur;24/09/2014
2014;72031.000306/2011-71;Prefeitura Municipal de Alagoa Grande/PB;629215;426/2008;Ofício nº 1400/2014/AECI/MTur;24/09/2014
2014;72031.009906/2013-66;Prefeitura Municipal de Igaracy/PB;724821/2009;1794/2009;Ofício nº 1403/2014/AECI/MTur;24/09/2014
2014;72031.007894/2013-35;Prefeitura Municipal de Palmeira D'Oeste/SP;718492;718492/2009;Ofício nº 1404/2014/AECI/MTur;24/09/2014
2014;72031.006076/2010-72;Prefeitura Municipal de Fagundes/PB;592817;171/2007;Ofício nº 1405/2014/AECI/MTur;24/09/2014
2014;72031.008293/2013-40;Prefeitura Municipal de Poloni/SP;732832;231/2010;Ofício nº 1406/2014/AECI/MTur;24/09/2014
2014;72031.007482/2011-33;Prefeitura Municipal de Uru/SP;628701;538/2008;Ofício nº 1409/2014/AECI/MTur;24/09/2014
2014;72031.003424/2013-01;Prefeitura Municipal de Piquete/SP;701589;701589;Ofício nº 1410/2014/AECI/MTur;24/09/2014
2014;72031.007101/2013-88;Prefeitura Municipal de Cabeceiras do Paraguaçu/BA;717256;1.381/2009;Ofício nº 1412/2014/AECI/MTur;24/09/2014
2014;72031.006637/2013-86;Fundação Delmiro Gouveia/AL;732303;0128/2010;Ofício nº 1413/2014/AECI/MTur;24/09/2014
2014;72031.013831/2010-75;Prefeitura Municipal de Carneiros/AL;703702/2009;465/2009;Ofício nº 1415/2014/AECI/MTur;24/09/2014
2014;72031.013819/2010-61;Prefeitura Municipal de Itapecuru Mirim/MA;702730;702730;Ofício nº 1416/2014/AECI/MTur;24/09/2014
2014;72031.003624/2009-79;Prefeitura Municipal de Junco do Maranhão/MA;634528;947/2008;Ofício nº 1418/2014/AECI/MTur;24/09/2014
2014;72031.009836/2013-46;Federação Gaúcha de Surf/Porto Alegre/RS;736109;0509/2010;Ofício nº 1420/2014/AECI/MTur;24/09/2014
2014;72031.007214/2010-31;Associação Cria Brasil de Assessoria, Consultoria e Desenvolvimento de Ações Sociais, de Cultura, Meio Ambiente, Turismo, Educação e de Cidadania/SP;703658;703658/2009;Ofício nº 1421/2014/AECI/MTur;24/09/2014
2014;72031.016523/2010-00;Fundação de Cultura, Assistência e Saúde da Paraíba - FCASSPB;703825;703816/2009;Ofício nº 1423/2014/AECI/MTur;24/09/2014
2014;72031.013854/2010-80;Instituto de Desenvolvimento Social e Econômico Sul Paraense - IDESP/PA;704086;677/2009;Ofício nº 1425/2014/AECI/MTur;24/09/2014
2014;00190.013553/2011-01;Prefeitura Municipal de Arez/RN;572591;Contrato de Repasse n° 0200548-34/2006;Ofício nº 1426/2014/AECI/MTur;24/09/2014
2014;72031.013170/2010-88;Prefeitura Municipal de Goiatuba/GO;631740;1133/2008;Ofício nº 1427/2014/AECI/MTur;24/09/2014
2014;72031.007070/2013-65;Prefeitura Municipal de Araguaína/TO;704383;818/2009;Ofício nº 1428/2014/AECI/MTur;24/09/2014
2014;72031.003788/2013-82;Prefeitura Municipal de Itarumã/GO;704209;0725/2009;Ofício nº 1429/2014/AECI/MTur;24/09/2014
2014;72031.010547/2010-47;Associação Beneficente Centro de Cultura, Esporte e Assistência Social - ABCC;593696;311/2007;Ofício nº 1431/2014/AECI/MTur;24/09/2014
2014;72031.007105/2011-02;Fundação Maria Fernandes dos Santos/RN;564145;239/2006;Ofício nº 1432/2014/AECI/MTur;24/09/2014
2014;72031.006370/2013-27;Prefeitura Municipal de  Chorozinho/CE;732938;732938/2010;Ofício nº 1249/2014/AECI/MTur;25/08/2014
2014;72031.006292/2010-18;Associação Comunitária Rural dos Moradores do Sítio São Miguel São Mateus, Olho D'Água, Umburanas e Adjacência/CE;534755;490/2005;Ofício nº 1250/2014/AECI/MTur;25/08/2014
2014;72031.005006/2013-40;Prefeitura Municipal de Redenção/CE;738434;0825/2010;Ofício nº 1251/2014/AECI/MTur;25/08/2014
2014;72031.008899/2013-85;Secretaria do Turismo do Estado do Piauí;701059;1.360/2008;Ofício nº 1252/2014/AECI/MTur;25/08/2014
2014;72031.005000/2013-72;Prefeitura Municipal de Campo Azul/MG;700658;700658/2008;Ofício nº 1253/2014/AECI/MTur;25/08/2014
2014;72031.000247/2011-31;Prefeitura Municipal de Guaraíta/GO;723142;723142;Ofício nº 1254/2014/AECI/MTur;25/08/2014
2014;72000.003042/2009-50;Centro Cultural Viva Arte;521738;0370/2004;Ofício nº 1256/2014/AECI/MTur;25/08/2014
2014;72031.003250/2013-78;Prefeitura Municipal de Tarumirim/MG;627002;0269/2008;Ofício nº 1219/2014/AECI/MTur;19/08/2014
2014;72031.016521/2010-11;Associação Cria Brasil de Assessoria, Consultoria e Desenvolvimento de Ações Sócias, e de Cultura, Meio Ambiente, Turismo, Educação e de Cidadania.;702955;007/2009;Ofício nº 1220/2014/AECI/MTur;19/08/2014
2014;72031.001386/2011-81;Prefeitura Municipal de Itiúba/BA;703015;703015/2009;Ofício nº 1221/2014/AECI/MTur;19/08/2014
2014;72031.015713/2010-00;Fundação Belo Horizonte Turismo e Eventos;702755;702755/2008;Ofício nº 1222/2014/AECI/MTur;19/08/2014
2014;72031.015718/2010-24;Prefeitura Municipal de São Miguel dos Milagres/AL;729076;729076/2009;Ofício nº 1223/2014/AECI/MTur;19/08/2014
2014;72031.006295/2010-51;Centro Nacional de Educação Ambiental e Geração de Emprego-CENEAGE;586775;508/2006;Ofício nº 1181/2014/AECI/MTur;15/08/2014
2014;72031.008539/2013-83;Prefeitura Municipal de São Roque de Minas/MG;721908;1.592/2009;Ofício nº 1182/2014/AECI/MTur;15/08/2014
2014;72031.008463/2010-43;Prefeitura Municipal de Vila Boa/GO;620651;973/2007;Ofício nº 1183/2014/AECI/MTur;15/08/2014
2014;72031.009907/2013-19;Prefeitura Municipal de Olho D'agua do Borges/RN;704923;704923;Ofício nº 1185/2014/AECI/MTur;15/08/2014
2014;72031.001447/2011-19;Prefeitura Municipal de Brejo do Cruz/PB;701137;1383/2008;Ofício nº 1186/2014/AECI/MTur;15/08/2014
2014;72031.009641/2013-04;Arte Viva;740842;740842/2010;Ofício nº 1187/2014/AECI/MTur;15/08/2014
2014;72031.011866/2010-70;Instituto Brazil Global ;702341;1.581/2008;Ofício nº 1188/2014/AECI/MTur;15/08/2014
2014;72031.008450/2013-17;Prefeitura Municipal de São João do Rio do Peixe/PB;631686;642/2008;Ofício nº 1189/2014/AECI/MTur;15/08/2014
2014;72031.007026/2013-55;Prefeitura Municipal de Apuiarés/CE;629105;0416/2008;Ofício nº 1190/2014/AECI/MTur;15/08/2014
2014;72031.004958/2010-01;Prefeitura Municipal de Catingueira/PB;704301;704301/2009;Ofício nº 1191/2014/AECI/MTur;15/08/2014
2014;72031.017077/2010-42;Prefeitura Municipal de Bodoquena/MS;554544;506/2005;Ofício nº 1192/2014/AECI/MTur;15/08/2014
2014;72031.009209/2010-62;Prefeitura Municipal de Central/BA;593625;375/2007;Ofício nº 1145/2014/AECI/MTur;07/08/2014
2014;72031.008460/2013-52;Prefeitura Municipal de Curral Velho/PB;632139;0919/2008;Ofício nº 1146/2014/AECI/MTur;07/08/2014
2014;72031.003426/2013-91;Prefeitura Municipal de Batalha/PI;718485;718485/2009;Ofício nº 1147/2014/AECI/MTur;07/08/2014
2014;72031.001403/2011-81;Associação do Desenvolvimento Comunitário e dos Pequenos ;703166;703166/2010;Ofício nº 1148/2014/AECI/MTur;07/08/2014
2014;72031.004148/2013-90;Prefeitura Municipal de Bom Jesus do Norte/ES;728585;1888/2009;Ofício nº 1149/2014/AECI/MTur;07/08/2014
2014;72031.008469/2010-11;Instituto de Apoio Técnico Especial a Cidadania -IATEC;633813;144/2008;Ofício nº 1150/2014/AECI/MTur;07/08/2014
2014;72031.006802/2011-38;Agência Nacional de Gestão de Recursos para a Hileia Amazônica - ANGRHA;629863;771/2008;Ofício nº 1151/2014/AECI/MTur;07/08/2014
2014;72031.000958/2013-77;Premium Avança Brasil;702872;1681/2008;Ofício nº 1054/2014/AECI/MTur;21/07/2014
2014;72031.008073/2013-16;Instituto Brasileiro de Desenvolvimento Institucional - IBDI;733959;733959/2010;Ofício nº 1056/2014/AECI/MTur;21/07/2014
2014;72031.000909/2011-10;Fundação 21 de Abril;414032;216/2000;Ofício nº 1057/2014/AECI/MTur;21/07/2014
2014;72031.006351/2013-09;Instituto Centro-Brasileiro de Cultura -ICBC;730603;730603/2009;Ofício nº 1058/2014/AECI/MTur;21/07/2014
2014;72031.008776/2013-44;Instituto Brasileiro de Desenvolvimento Institucional - IBDI;733963;356/2010;Ofício nº 1059/2014/AECI/MTur;21/07/2014
2014;72031.000317/2011-51;Federação Carnavalesca de Pernambuco-FCP;742224;742224/2010;Ofício nº 875/2014/AECI/MTur;27/06/2014
2014;72031.001910/2011-14;Prefeitura Municipal de Indiaroba;622880/702885;702885/2008;Ofício nº 880/2014/AECI/MTur;27/06/2014
2014;72031.006366/2013-69;Prefeitura Municipal de Imbé de Minas/MG;732931;732931/2010;Ofício nº 882/2014/AECI/MTur;27/06/2014
2014;72031.003786/2013-93;Prefeitura Municipal de Curvelândia/MT;733293;0320/2010;Ofício nº 903/2014/AECI/MTur;27/06/2014
2014;72031.007213/2013-39;Organização Trajetória Mundial-OTM;719501;719501/2009;Ofício nº 906/2014/AECI/MTur;27/06/2014
2014;72031.006393/2013-31;Prefeitura Municipal de Uiraúna/PB;741556;741556/2010;Ofício nº 909/2014/AECI/MTur;27/06/2014
2014;72031.004932/2013-06;Prefeitura Municipal de Santa Rita de Minas/MG;620231;1.018/2007;Ofício nº 929/2014/AECI/MTur;27/06/2014
2014;72031.003606/2013-73;Prefeitura Municipal de Chalé/MG;704928;1037/2009;Ofício nº 930/2014/AECI/MTur;27/06/2014
2014;72031.002503/2009-18;Federação das Associações Comerciais e Empresarias do Estado de Minas Gerais – FEDERAMINAS-MG;521845;261/2004;Ofício nº 931/2014/AECI/MTur;27/06/2014
2014;00190.009442/2013-54;Governo do Estado de Pernambuco/PE;445664;Contrato de Repasse nº 0132.746-82/2001;Ofício nº 933/2014/AECI/MTur;27/06/2014
2014;72031.010514/2011-88;Premium Avança Brasil;703524;703524/2009;Ofício nº 942/2014/AECI/MTur;27/06/2014
2014;72031.002814/2012-74;Premium Avança Brasil/GO;703625;703625/2009;Ofício nº 944/2014/AECI/MTur;27/06/2014
2014;72031.013169/2010-53;Instituto de Apoio Técnico Especial a Cidadania -IATEC;631116;414/2008;Ofício nº 946/2014/AECI/MTur;27/06/2014
2014;72031.003428/2013-81;Instituto Planalto Central/DF;736913;675/2010;Ofício nº 948/2014/AECI/MTur;27/06/2014
2014;72031.004379/2011-31;Instituto de Apoio Técnica Especializado à Cidadania – IATEC;592512;153/2007;Ofício nº 949/2014/AECI/MTur;27/06/2014
2014;72031.000880/2013-91;Premium Avança Brasil/GO;704115;704115/2009;Ofício nº 951/2014/AECI/MTur;27/06/2014
2014;72031.003247/2013-54;Instituto e Educacional do Paraguaçu - INCEP/DF;748248;1.425/2010;Ofício nº 952/2014/AECI/MTur;27/06/2014
2014;72031.000956/2013-88;Premium Avança Brasil - PAB;704843;704844;Ofício nº 953/2014/AECI/MTur;27/06/2014
2014;72031.001833/2014-45;Premium Avança Brasil - PAB;704854;704854/2009;Ofício nº 953/2014/AECI/MTur;27/06/2014
2014;72031.006505/2010-10;Instituto de Desenvolvimento da Organização Nacional de Excelência Administrativa – IDONEA/PR;704219;704219/2009;Ofício nº 955/2014/AECI/MTur;27/06/2014
2014;72031.011868/2010-69;Instituto de Apoio Técnico Especial a Cidadania -IATEC;628695;203/2008;Ofício nº 956/2014/AECI/MTur;27/06/2014
2014;72000.003035/2009-58;Instituto Brasil Social - IBAS;626697;251/2008;Ofício nº 957/2014/AECI/MTur;27/06/2014
2014;72031.004146/2013-09;Instituto de Pesquisa e Ação Modular - IPAM/DF;749924;149/2010;Ofício nº 959/2014/AECI/MTur;27/06/2014
2014;72031.007210/2010-52;Prefeitura Municipal de Santa Rita Jacutinga/MG ;634930;891/2008;Ofício nº 883/2014/AECI/MTur;25/06/2014
2014;72031.008375/2013-94;Prefeitura Municipal de Matias Cardoso/MG;718070;718070/2009;Ofício nº 885/2014/AECI/MTur;25/06/2014
2014;72031.009201/2010-04;Prefeitura Municipal de Santo Antônio/RN;631193;715/2008;Ofício nº 887/2014/AECI/MTur;25/06/2014
2014;72031.008448/2013-48;Prefeitura Municipal de Quixaba/PB ;703420;703420/2009;Ofício nº 889/2014/AECI/MTur;25/06/2014
2014;72031.004359/2011-61;Prefeitura Municipal de Santo Antônio/RN;631490;1052/2008;Ofício nº 891/2014/AECI/MTur;25/06/2014
2014;72031.008343/2012-16;Prefeitura Municipal de Riachão do Dantas/SE;704891;704891/2009;Ofício nº 893/2014/AECI/MTur;25/06/2014
2014;72031.009007/2010-11;Clube de Mães, jovens e Infantes de Japaratuba/SE;622192;817/2007;Ofício nº 895/2014/AECI/MTur;25/06/2014
2014;72031.007094/2013-14;Prefeitura Municipal de Belém de Maria/PE;702339;702339/2008;Ofício nº 899/2014/AECI/MTur;25/06/2014
2014;72031.008457/2013-39;Prefeitura Municipal de Canarana/BA;760241;760241/2012;Ofício nº 901/2014/AECI/MTur;25/06/2014
2014;72031.007078/2013-21;Prefeitura Municipal de Juazeirinho/PB;721053;1561/2009;Ofício nº 905/2014/AECI/MTur;25/06/2014
2014;72031.011625/2010-21;Instituto 26 de Outubro de Desenvolvimento Social;705801;705801/2009;Ofício nº 911/2014/AECI/MTur;25/06/2014
2014;72031.005991/2010-41;Associação Afro Cultural Lemi Ayó/RJ;618977;628/2007;Ofício nº 912/2014/AECI/MTur;25/06/2014
2014;72031.011625/2010-21;Instituto 26 de Outubro de Desenvolvimento Sindical;719505;719505/2009;Ofício nº 915/2014/AECI/MTur;25/06/2014
2014;72031.004313/2013-11;Prefeitura Municipal de Victor Meireles - SC;732406;732406/2010;Ofício nº 917/2014/AECI/MTur;25/06/2014
2014;72031.004149/2013-34;Prefeitura Municipal de Mombaça/CE;704541;876/2009;Ofício nº 919/2014/AECI/MTur;25/06/2014
2014;72000.003315/2009-66;Prefeitura Municipal de Lagoa do Carro/PE;632995;716/08;Ofício nº 921/2014/AECI/MTur;25/06/2014
2014;72031.008244/2013-15;Prefeitura Municipal da Ingazeira/PE;739397;739397/2011;Ofício nº 923/2014/AECI/MTur;25/06/2014
2014;72031.007095/2013-69;Prefeitura Municipal de São Joaquim/SC;703229;703.229/2009;Ofício nº 925/2014/AECI/MTur;25/06/2014
2014;72031.007073/2013-07;Prefeitura Municipal de São Joaquim/SC;732404;732.404/2010;Ofício nº 927/2014/AECI/MTur;25/06/2014
2014;72031.008467/2010-21;Instituto de Apoio Técnica Especializado à Cidadania – IATEC;633285;045/2008;Ofício nº 941/2014/AECI/MTur;25/06/2014
2014;72031.009371/2013-23;Instituto Mundial de Desenvolvimento e da Cidadania – IMDC/MG;702555;1.532/2008;Ofício nº 945/2014/AECI/MTur;25/06/2014
2014;72031.011641/2010-13;Prefeitura Municipal de Paudalho/PE;715864;715864/2009;Ofício nº 834/2014/AECI/MTur;20/06/2014
2014;72031.001402/2011-36;Federação Carnavalesca de Pernambuco/PE;743550;2041/2010;Ofício nº 837/2014/AECI/MTur;20/06/2014
2014;72031.000319/2011-40;Federação Carnavalesca de Pernambuco/PE;742138;1267/2010;Ofício nº 839/2014/AECI/MTur;20/06/2014
2014;72031.001401/2011-91;Federação Carnavalesca de Pernambuco/PE;743532;2014/2010;Ofício nº 842/2014/AECI/MTur;20/06/2014
2014;72031.000307/2011-15;Prefeitura Municipal de Salitre/CE;628722;080/2008;Ofício nº 847/2014/AECI/MTur;20/06/2014
2014;72031.004589/2011-20;Prefeitura Municipal de Salitre/CE;741694;741694/2010;Ofício nº 851/2014/AECI/MTur;20/06/2014
2014;72031.010473/2011-20;Prefeitura Municipal de Salitre/CE;702453;702453/2008;Ofício nº 853/2014/AECI/MTur;20/06/2014
2014;72031.000491/2011-01;Sindicato dos Servidores Públicos do Município de Rialma/GO;700140;1.241/2008;Ofício nº 855/2014/AECI/MTur;20/06/2014
2014;72031.013349/2010-35;Prefeitura Municipal de Berizal/MG;703754;499/2009;Ofício nº 858/2014/AECI/MTur;20/06/2014
2014;72031.009382/2013-11;Prefeitura Municipal de Casa Nova/BA;707352;707352/2009;Ofício nº 860/2014/AECI/MTur;20/06/2014
2014;72031.013167/2010-64;Associação Folclórica Quadrilhas e Danças de Parintins;651004;456/2008;Ofício nº 862/2014/AECI/MTur;20/06/2014
2014;72031.004327/2013-27;Prefeitura Municipal de Novo Cruzeiro/MG;700962;700962;Ofício nº 864/2014/AECI/MTur;20/06/2014
2014;72031.011638/2010-08;Movimento Brasileiro de Cordel-MBC;709741;709741/2009;Ofício nº 866/2014/AECI/MTur;20/06/2014
2014;72031.003277/2013-61;Associação Sergipana de Blocos de Trios-ASBT/SE;741671;741671/2010;Ofício nº 868/2014/AECI/MTur;20/06/2014
2014;72031.013334/2010-77;Instituto Brazil Global-IBG ;700672;700672/2008;Ofício nº 869/2014/AECI/MTur;20/06/2014
2014;72031.005004/2013-51;Prefeitura Municipal de Ubarana/SP;715253;1.341/2009;Ofício nº 873/2014/AECI/MTur;20/06/2014
2014;72031.005004/2013-51;Prefeitura Municipal de Ubarana/SP;715253;1.341/2009;Ofício nº 873/2014/AECI/MTur;20/06/2014
2014;72031.008869/2013-79;Prefeitura Municipal de Rodolfo Fernandes/RN;734009;0382/2010;Ofício nº 783/2014/AECI/MTur;06/06/2014
2014;72031.004928/2013-30;Prefeitura Municipal de Poloni/SP ;622681;991/2007;Ofício nº 785/2014/AECI/MTur;06/06/2014
2014;72031.004331/2013-95;Prefeitura Municipal de Mombaça/CE;711554;711554/2009;Ofício nº 787/2014/AECI/MTur;06/06/2014
2014;72031.009562/2013-95;Prefeitura Municipal de Caldas Novas/GO;638253;701110/2008;Ofício nº 789/2014/AECI/MTur;06/06/2014
2014;72031.007152/2013-18;Prefeitura Municipal de Maracaí/SP;703235;703235/2009;Ofício nº 791/2014/AECI/MTur;06/06/2014
2014;72031.009840/2013-12;Confederação Brasileira de Convetion & Visitors Bureaux;700002;700002/2008;Ofício nº 795/2014/AECI/MTur;06/06/2014
2014;72031.009841/2013-59;Instituto Brasileiro de Assistência Social, Esportiva e Saúde;735864;735864/2010;Ofício nº 797/2014/AECI/MTur;06/06/2014
2014;72031.007891/2013-00;Prefeitura Municipal de Machados/PE;744050;1.359/2010;Ofício nº 559/2014/AECI/MTur;05/05/2014
2014;72100.001172/2006-87;Fundação Octávio Neves - São João Del-Rei/MG;368224;210/1998;Ofício nº 561/2014/AECI/MTur;05/05/2014
2014;72000.003012/2009-43;Grêmio Recreativo Escola de Samba Acadêmicos da Rocinha - GRESAR;629047;898/2007;Ofício nº 574/2014/AECI/MTur;05/05/2014
2014;72031.003603/2013-30;Prefeitura Municipal de Bagé/RS;704666;929/2009;Ofício nº 575/2014/AECI/MTur;05/05/2014
2014;72031.005003/2013-14;Prefeitura Municipal de Poloni/SP ;619392;994/2007;Ofício nº 576/2014/AECI/MTur;05/05/2014
2014;00190.000666/2014-81;Prefeitura Municipal de Ferreira Gomes/AP;516497;Contrato de Repasse n° 169.324-66/2004;Ofício nº 560/2014/AECI/MTur;29/04/2014
2014;72031.004143/2013-67;Prefeitura Municipal de Campo Azul/MG;633861;930/2008;Ofício nº 562/2014/AECI/MTur;29/04/2014
2014;72031.000621/2012-89;Prefeitura Municipal de Araruna/PB;502296;073/2004;Ofício nº 563/2014/AECI/MTur;29/04/2014
2014;72031.002420/2012-16;Associação Sergipana de Blocos de Trios-ASBT/SE;622758;  12/2008;Ofício nº 564/2014/AECI/MTur;29/04/2014
2014;72031.011819/2011-15;Prefeitura Municipal de São Joaquim/SC;629259;092/2008;Ofício nº 565/2014/AECI/MTur;29/04/2014
2014;72031.010910/2011-13;Instituto Brasil Central - Ibrace;727314;727314/2009;Ofício nº 567/2014/AECI/MTur;29/04/2014
2014;72031.006395/2013-21;Prefeitura Municipal de Miranorte/TO;717585;1.401/2009;Ofício nº 568/2014/AECI/MTur;29/04/2014
2014;72031.003761/2011-28;Fundação Educativa de Rádio e Televisão Ouro Preto -FEOP;513885;244/2004;Ofício nº 569/2014/AECI/MTur;29/04/2014
2014;72031.003605/2013-29;Prefeitura Municipal de Congo/PB;633622;673/2008;Ofício nº 570/2014/AECI/MTur;29/04/2014
2014;72031.016464/2010-61;Prefeitura Municipal de Icó/CE;704011;704.011/2009;Ofício nº 571/2014/AECI/MTur;29/04/2014
2014;72031.005903/2011-91;Origem - Instituto Internacional de Comunicação e Cultural/PR;628736;433/2008;Ofício nº 572/2014/AECI/MTur;29/04/2014
2014;72031.003601/2013-41;Prefeitura Municipal de Caseara/TO;703951;620/2009;Ofício nº 573/2014/AECI/MTur;29/04/2014
2014;72031.008464/2010-98;Prefeitura Municipal de Codó/MA;598717;487/2007;Ofício nº 471/2014/AECI/MTur;14/04/2014
2014;72031.006304/2010-12;Grêmio Recreativo Cultural e Carnavalesco Banda Redonda;623204;837/2007;Ofício nº 473/2014/AECI/MTur;14/04/2014
2014;72031.006822/2010-28;Sociedade Beneficente, Cultural e Recreativa Imperatriz Dona Leopoldina-S.B.C.R IMPERATRIZ;620769; 1003/2007;Ofício nº 475/2014/AECI/MTur;14/04/2014
2014;72031.004362/2011-84;Prefeitura de Fortim/CE;629091;412/2008;Ofício nº 308/2014/AECI/MTur;20/03/2014
2014;72031.006735/2012-32;Prefeitura Municipal de Lavadeira/TO;640261;1.385/2008;Ofício nº 310/2014/AECI/MTur;20/03/2014
2014;72031.006604/2010-93;Câmara de Dirigentes Lojistas de Pelotas/RG;508129;049/2004;Ofício nº 312/2014/AECI/MTur;20/03/2014
2014;72031.001124/2013-89;Prefeitura Municipal de Santa Quitéria/CE;631577;959/2008;Ofício nº 314/2014/AECI/MTur;20/03/2014
2014;72031.006349/2013-21;Instituto Brasileiro de Desenvolvimento de Infraestrutura Sustentável - IBRASI;721084;720184/2009;Ofício nº 316/2014/AECI/MTur;20/03/2014
2014;72031.006043/2012-94;Prefeitura Municipal de Cândido Sales/BA;632250;880/2008;Ofício nº 319/2014/AECI/MTur;20/03/2014
2014;72031.006515/2010-47;Fundação Caldas Novas, Convention & Visitors;567605;387/2006;Ofício nº 321/2014/AECI/MTur;20/03/2014
2014;00190.000301/2013-76;Sindicato Rural de Centralina -MG;567833 e 567834;Contrato de Repasse nºs 2690.0202761-76/2006 e 2690.0203031-55/2006;Ofício nº 324/2014/AECI/MTur;20/03/2014
2014;72031.004999/2013-32;Prefeitura de Mari/PB;743445;733445/2010;Ofício nº 326/2014/AECI/MTur;20/03/2014
2014;72031.004998/2013-98;Município de Araci/BA;739361;0953/2010;Ofício nº 328/2014/AECI/MTur;20/03/2014
2014;72031.006782/2012-86;Município de Chapada do Norte/MG;705694;705.694/2009;Ofício nº 330/2014/AECI/MTur;20/03/2014
2014;72031.004955/2010-60;Comissão XXI de Desenvolvimento Sócio-Cultural/DF;625546;146/2008;Ofício nº 332/2014/AECI/MTur;20/03/2014
2014;72031.007226/2013-16;Prefeitura Municipal de Cedro/CE;630689;866/2008;Ofício nº 334/2014/AECI/MTur;20/03/2014
2014;72100.000538/2011-68;Instituto Centro-Brasileiro de Cultura -ICBC;577744;Termo de Parceria n° 01/2006;Ofício nº 336/2014/AECI/MTur;20/03/2014
2014;72031.003423/2013-58;Anjos do Tempo e Ney Edison de Andrade Prux;515490;333/2004;Ofício nº 338/2014/AECI/MTur;20/03/2014
2014;72031.006115/2010-31;Prefeitura Municipal de Divisópolis/MG;631595;653/2008;Ofício nº 263/2014/AECI/MTur;11/03/2014
2014;72031.004947/2009-80;Prefeitura Municipal Caseara/TO;650884/703027;703027/2009;Ofício nº 267/2014/AECI/MTur;11/03/2014
2014;72031.007277/2012-59;Prefeitura Municipal de São Miguel de Taipu/PB;705096;705096/2009;Ofício nº 269/2014/AECI/MTur;11/03/2014
2014;72031.003602/2013-95;Prefeitura Municipal de Gurjão/PB;734/2008;629819;Ofício nº 270/2014/AECI/MTur;11/03/2014
2014;72031.006466/2010-42;Liga Independente Cultural das Escolas de Samba de Santos/SP;554767; 12/2006;Ofício nº 274/2014/AECI/MTur;11/03/2014
2014;72031.013157/2010-29;Prefeitura Municipal de Boa Ventura/PB;703736;703736/2009;Ofício nº 276/2014/AECI/MTur;11/03/2014
2014;72031.006461/2010-10;Festival Internacional do Turismo e Ecologia - FIPTUR/BA;559303;64/2006;Ofício nº 278/2014/AECI/MTur;11/03/2014
2014;72031.004312/2013-69;Prefeitura Municipal de Lourdes/SP;628502;245/2008;Ofício nº 280/2014/AECI/MTur;11/03/2014
2014;00190.000299/2013-35;Prefeitura Municipal de Alto Longá-PI;519975;Contrato de Repasse n° 172.117-12/2004;Ofício nº 282/2014/AECI/MTur;11/03/2014
2014;72031.006597/2010-20;Santuário Estadual Nossa Senhora do Rocio/PR;573220;464/2006;Ofício nº 106/2014/AECI/MTur;23/01/2014
2014;72031.000249/2011-20;Organização Trajetória Mundial-OTM/PE;732424;732424/2010;Ofício nº 66/2014/AECI/MTur;20/01/2014
2014;72031.006825/2010-61;Centro de Estudos Cineclubistas de Brasília;594614;412/2007;Ofício nº 67/2014/AECI/MTur;20/01/2014
2014;72031.006809/2010-79;Instituto da Cidade de Fortaleza/CE;619316;960/2007;Ofício nº 68/2014/AECI/MTur;20/01/2014
2014;72031.006302/2010-15;Centro Nacional de Educação Ambiental e Geração de Emprego-CENEAGE/PB;592723;170/2007;Ofício nº 69/2014/AECI/MTur;20/01/2014
2014;72031.002681/2013-17;Associação Profissional de Técnicas Cinematográficas do Rio Grande do Sul e Brasileira de Documentaristas-APTC;489326;89/2003 - EMBRATUR;Ofício nº 70/2014/AECI/MTur;20/01/2014
2014;72031.003395/2009-92;Prefeitura Municipal de Santana de Mangueira/PB;589565;590/2006;Ofício nº 71/2014/AECI/MTur;20/01/2014
2014;72031.007202/2010-14;Organização Solidária de Apoio Comunitária-OSAC/BA;703696;703696/09;Ofício nº 72/2014/AECI/MTur;20/01/2014
2014;72031.010476/2011-63;Hipnos Companhia das Artes/PE;750195;CV 1.507/2010;Ofício nº 57/2014/AECI/MTur;16/01/2014
2014;72031.006462/2010-64;Festival Internacional do Turismo e Ecologia - FIPTUR;509709;209/2004;Ofício nº 58/2014/AECI/MTur;16/01/2014
2014;72031.006352/2013-45;Prefeitura Municipal de Ingá/PB;755659;176/2011;Ofício nº 59/2014/AECI/MTur;16/01/2014
2014;72031.001240/2010-55;Associação dos Produtores e Empreendedores Culturais de Santa Maria/RS;702269;702269/2008;Ofício nº 60/2014/AECI/MTur;16/01/2014
2014;72031.006238/2012-34;Organização Trajetória Mundial/PE;715847;715.847/2009;Ofício nº 61/2014/AECI/MTur;16/01/2014
2014;72031.009012/2010-23;Prefeitura Municipal de Catingueira/PB;628056;454/2008;Ofício nº 62/2014/AECI/MTur;16/01/2014
2014;72031.006235/2012-09;Associação dos Guias Ecológicos de Formosa-AGEFO/GO;736912;736912/2010;Ofício nº 63/2014/AECI/MTur;16/01/2014
2014;72031.002643/2012-83;Associação Sergipana de Blocos de Trios-ASBT/SE;703165;703165/2009;Ofício nº 64/2014/AECI/MTur;16/01/2014
2014;72100.001384/2007-45;Instituto de Desenvolvimento Científico e Tecnológico do Xingó/SE;401508;141/2000;Ofício nº 65/2014/AECI/MTur;16/01/2014
2014;72031.006588/2013-81;Prefeitura Municipal de Joanópolis/SP;703639;703639/2009;Ofício nº 1474/2014/AECI/MTur;02/10/2010
2014;72031.006392/2013-97;Prefeitura Municipal de Matias Cardoso/MG;623779;72/2008;Ofício nº 1475/2014/AECI/MTur;02/10/2010
2013;72031.006042/2010-88;Associação  do Parque de Vaquejada Hipólito Ribeiro Soares-PI;592819;242/2007;Ofício n° 902/2013/AECI/Mtur;19/09/2013
2013;72031.002553/2011-10;Prefeitura Municipal de Petrolina-PE;629122;374/2008;Ofício n° 901/2013/AECI/Mtur;19/09/2013
2013;72031.005978/2010-91;Associação da Parada do Orgulho de Gays, Lésbicas, Bissexuais e Transgêneros de São Paulo - GLBT/SP.;628577;154/2008;Ofício n° 900/2013/AECI/Mtur;19/09/2013
2013;72100.000924/2012-31;Fundação Quinteto Violado/FQV-PE;406976;275/2000;Ofício n° 899/2013/AECI/Mtur;19/09/2013
2013;72031.016308/2010-09;Instituto Goiano do Terceiro Setor/IGTS/GO;593424;353/2007;Ofício n° 898/2013/AECI/Mtur;19/09/2013
2013;72031.009074/2011-16;Prefeitura Municipal de Pombos/PE;562893;230/2006;Ofício n° 897/2013/AECI/Mtur;19/09/2013
2013;72031.006942/2011-14;Instituto de Desenvolvimento da Organização Nacional de Excelência Administrativa-IDONEA;702.564/2008;702.564/2008;Ofício n° 820/2013/AECI/Mtur;02/09/2013
2013;72031.000662/2009-70;Fundação Memorial para a Cultural Sertaneja de Araripina/PE-FMC;623016;920/2007;Ofício n° 818/2013/AECI/Mtur;02/09/2013
2013;72031.000790/2012-19;Cooperativa de Negócios e Consultoria Turística - Conectur/AP;702720;702720/2008;Ofício n° 816/2013/AECI/Mtur;02/09/2013
2013;72031.007365/2011-70;Prefeitura Municipal de Uiraúna/PB;618954; 630/2007;Ofício n° 814/2013/AECI/Mtur;02/09/2013
2013;72031.006952/2011-41;Prefeitura Municipal de Uiraúna/PB;564796;317/2006 ;Ofício n° 814/2013/AECI/Mtur;02/09/2013
2013;72031.006838/2010-31;Confederação Nacional dos Trabalhadores em Turismo e Hospitalidade - CONTRATHU/DF;596584;463/2007;Ofício n° 812/2013/AECI/Mtur;02/09/2013
2013;72031.006828/2010-03;Instituto de Apoio Técnico Especializado a Cidadania - IATEC;595088;438/2007;Ofício n° 810/2013/AECI/Mtur;02/09/2013
2013;72031.005631/2010-49 ;Instituto de Apoio Técnico Especializado a Cidadania - IATEC;564098;316/2006;Ofício n° 810/2013/AECI/Mtur;02/09/2013
2013;72031.007353/2011-45 ;Associação  Comunitária de Radiodifusão de Samambaia/DF;703788;521/2009;Ofício n° 808/2013/AECI/Mtur;02/09/2013
2013;72031.008786/2011-18;Associação  Comunitária de Radiodifusão de Samambaia/DF;702271;1595/2008;Ofício n° 808/2013/AECI/Mtur;02/09/2013
2013;72031.005995/2010-29;Prefeitura Municipal de Espírito Santo do Turvo/SP;598466;527/2007;Ofício n° 806/2013/AECI/Mtur;02/09/2013
2013;72000.002737/2009-14;Prefeitura Municipal de Santa Cruz de Salinas/MG;630706;752/2008;Ofício n° 804/2013/AECI/Mtur;02/09/2013
2013;72031.000322/2011-63;Prefeitura Municipal de Reduto/MG;737572;737572/2010;Ofício n° 802/2013/AECI/Mtur;02/09/2013
2013;72031.001491/2010-30;Empresa de Turismo de Pernambuco S/A - EMPETUR;703693;703693/2009;Ofício n° 799/2013/AECI/Mtur;02/09/2013
2013;72031.006297/2010-41;Associação Socio-Ambintal - Comunidade Ativa/SP;634052;1026/2008;Ofício n° 797/2013/AECI/Mtur;02/09/2013
2013;72100.001065/2007-30;Prefeitura Municipal de Faxinal/PR;393645;42/2000;Ofício n° 77/2013/AECI/Mtur;05/03/2013
2013;72031.013355/2010-92;Prefeitura Municipal de Pedra Lavrada/PB;703640;703640/2009;Ofício n° 76/2013/AECI/Mtur;05/03/2013
2013;72031.000238/2011-40;Fundação Almir Pinto;734522/2010;734522/2010;Ofício n° 75/2013/AECI/Mtur;05/03/2013
2013;72031.000308/2011-60;Prefeitura Municipal de Palmeirina/PE;702557;702557/2008;Ofício n° 713/2013/AECI/Mtur;14/08/2013
2013;72031.004656/2010-25;Ação Social Luz da Manhã;624564;705/2007;Ofício n° 711/2013/AECI/Mtur;14/08/2013
2013;72031.007159/2012-41;Sociedade de Assistência Social, Cultural e Recreativa de Ibiraçu-SACRI/ES;523612;63/2005;Ofício n° 709/2013/AECI/Mtur;14/08/2013
2013;72031.002246/2012-10;Associação Sergipana de Bloco de Trios - ASBT;702871;702871/2008;Ofício n° 680/2013/AECI/Mtur;02/08/2013
2013;72031.004943/2009-00;Prefeitura Municipal de Itaparica/BA ;565497;313/2006;Ofício n° 678/2013/AECI/Mtur;02/08/2013
2013;72031.006449/2010-13;Associação Brasileira de Odontologia ABO/Seção de Minas Gerais/Regional Uberlância;589239;586/2006;Ofício n° 671/2013/AECI/Mtur;02/08/2013
2013;72031.000973/2013-15;Federação Nacional dos Policiais Rodoviários Federais;727278/2009 - SIAFI n° 659466;1.837/2009;Ofício n° 669/2013/AECI/Mtur;02/08/2013
2013;72031.009210/2010-97;Associação Bauru e Região Convetion & Visitors Bareau-BRC&VB;559287;054/2006;Ofício n° 564/2013/AECI/Mtur;05/07/2013
2013;72031.004842/2012-26;Prefeitura Municipal de Alcantaras/CE;706751;706751/2009;Ofício n° 562/2013/AECI/Mtur;05/07/2013
2013;72100.000698/2009-92;Associação dos Pequenos Agricultores de Valente/BA;407364;280/2000;Ofício n° 492/2013/AECI/Mtur;20/06/2013
2013;72031.006598/2010-74;Prefeitura Municipal de São Cristovão/SE;564191;302/2006;Ofício n° 454/2013/AECI/Mtur;10/06/2013
2013;72031.008439/2011-95;Piauí Turismo -PIEMTUR;633021;440/2008;Ofício n° 452/2013/AECI/Mtur;10/06/2013
2013;72031.010392/2011-20;Fundação Cultural museu Ético do Nordeste-FUNET-PB;740448;740448/2010;Ofício n° 375/2013/AECI/Mtur;24/05/2013
2013;72031.010555/2010-93;Prefeitura Municipal de Agrestina/PE;631583;482/2008;Ofício n° 373/2013/AECI/Mtur;24/05/2013
2013;72031.001445/2011-11;Prefeitura Municipal de Cajazeiras/PB;703766;703766/2009;Ofício n° 369/2013/AECI/Mtur;24/05/2013
2013;72031.016472/2010-16;Prefeitura Municipal de Areia Branca/SE;703827;703827/2009;Ofício n° 368/2013/AECI/Mtur;24/05/2013
2013;72031.001373/2011-11;Instituto Arte, Cia e Cidadania-IACC;702723;702723/2008;Ofício n° 367/2013/AECI/Mtur;24/05/2013
2013;72031.001068/2013-82;Instituto Centro Brasileiro de Cultural Casa Brasil;652421; Termo de Parceria n° 2/2009;Ofício n° 366/2013/AECI/Mtur;24/05/2013
2013;72031.006464/2010-53;Grêmio Recreativo Escola de Samba Acadêmicos da Rocinha-GRESAR;590433;584/2006;Ofício n° 252/2013/AECI/Mtur;30/04/2013
2013;72000.003174/2009-81;Prefeitura Municipal de Angelina/PE;628167;364/2008;Ofício n° 251/2013/AECI/Mtur;30/04/2013
2013;72031.006829/2010-40;Instituto de Apoio Técnico Especializado a Cidadania - IATEC;623049;986/2007;Ofício n° 250/2013/AECI/Mtur;30/04/2013
2013;72031.006811/2010-48;Prefeitura Municipal de Palmeirina/PE;629495;429/2008;Ofício n° 249/2013/AECI/Mtur;30/04/2013
2013;72031.006451/2010-84;Prefeitura Municipal de Saloá/PE;592709;122/2007;Ofício n° 248/2013/AECI/Mtur;30/04/2013
2013;72031.004944/2009-46;Organização Não Governamental para Desenvolvimento do Turismo -ONGTur;649760;700011/2008;Ofício n° 247/2013/AECI/Mtur;30/04/2013
2013;72031.006502/2010-78;Prefeitura Municipal de Encruzilhada do Sul/RS;517744;300/2004;Ofício n° 239/2013/AECI/Mtur;30/04/2013
2013;72031.004493/2009-47;Grupo Folclórico de Itapipoca/CE;634093;1189/2008;Ofício n° 238/2013/AECI/Mtur;30/04/2013
2013;72000.002693/2009-22;Prefeitura Municipal de Iúna/ES;629912;156/2008;Ofício n° 237/2013/AECI/Mtur;30/04/2013
2013;72031.004403/2010-51;Associação Brasileira de Jornalismo do Turismo Seccional do Estado do Mato Grosso/MT;650654;1172/2008;Ofício n° 236/2013/AECI/Mtur;30/04/2013
2013;00190.006524/2012-66; Prefeitura Municipal de São Raimundo Novato/PI;550550;Contrato de Repasse n° 0180202-24/2005;Ofício n° 235/2013/AECI/Mtur;30/04/2013
2013;72100.000874/2008-13;Prefeitura Municipal de Ilhéus/BA;382513;164/1999;Ofício n° 234/2013/AECI/Mtur;30/04/2013
2013;72031.013814/2010-38;Instituto de Tecnologia, Pesquisa e Cultural da Amazônia-ITEC;703504;703504/2009;Ofício n° 233/2013/AECI/Mtur;30/04/2013
2013;72100.000146/2010-18;Prefeitura Municipal de Uruoca/CE;382960;183/1999;Ofício n° 187/2013/AECI/Mtur;12/04/2013
2013;00190.005803/2012-11;Prefeitura Municipal de Luís Correia/PI;546479;Contrato de Repasse n° 0188165-47/2005;Ofício n° 186/2013/AECI/Mtur;12/04/2013
2013;72031.002510/2009-10;Associação Cultural e Folclórica de Itiúba/BA -ASCULFI;592891;Termo de Convênio n° 148/2007;Ofício n° 152/2013/AECI/Mtur;26/03/2013
2013;72031.006459/2010-41;Associação Bauru e Região Convetion & Visitors Bareau;564041;56/2006;Ofício n° 1352/2013/AECI/Mtur;28/11/2013
2013;72031.009213/2010-21;Instituto de Desenvolvimento Empresarial, Social e Profissional do Espirito Santo/ES.;623015;907/2007;Ofício n° 1349/2013/AECI/Mtur;28/11/2013
2013;72031.006973/2010-86;Prefeitura Municipal de Santa Rita de Minas/MG;617682;875/2007;Ofício n° 1347/2013/AECI/Mtur;28/11/2013
2013;72031.006878/2010-82;Sindicato dos Produtores Rurais de Iturama/MG;564418;349/2006;Ofício n° 1345/2013/AECI/Mtur;28/11/2013
2013;72031.006610/2010-41;Programa Brasileiro de Apoio ao Trabalhador;524346;110/2005;Ofício n° 1342/2013/AECI/Mtur;28/11/2013
2013;72031.006594/2010-96;Prefeitura Municipal de Januária/MG;498860;001/2004;Ofício n° 1340/2013/AECI/Mtur;28/11/2013
2013;72031.006463/2010-17;Instituto Brasileiro de Ciências e Direito do Turismo - IBCDTur;622714;626/2007;Ofício n° 1338/2013/AECI/Mtur;28/11/2013
2013;72031.001237/2010-31;Prefeitura Municipal de Ouro Verde de Minas/MG;702816;702816/2008;Ofício n° 13/2013/AECI/Mtur;10/01/2013
2013;72031.015342/2010-58;Prefeitura Municipal de Timbaúba/PE;629483;939/2008;Ofício n° 1274/2013/AECI/Mtur;18/11/2013
2013;72031.000668/2009-47;Prefeitura Municipal de Frei Martinho/PB;631624;299/2008;Ofício n° 1272/2013/AECI/Mtur;18/11/2013
2013;72031.006590/2010-16;Fundo das Instituições Sociais de Américo Brasilense - FISAB/SP;594250;372/2007;Ofício n° 12/2013/AECI/Mtur;10/01/2013
2013;72031.004382/2011-55;Prefeitura Municipal de Quintana/SP;631478;488/2008;Ofício n° 1176/2013/AECI/Mtur;16/10/2013
2013;72031.000672/2012-19;Oscip Tercon Brasil;744042;744042/2010;Ofício n° 1163/2013/AECI/Mtur;29/10/2013
2013;72031.004959/2010-48;Prefeitura Municipal de Lavras de Mangabeira/CE;702994;42/2009;Ofício n° 1161/2013/AECI/Mtur;29/10/2013
2013;72031.005629/2010-70;Associação Recreativa e Cultural Unida da Glória/ES;599890;547/2007;Ofício n° 1159/2013/AECI/Mtur;29/10/2013
2013;72000.003175/2009-26;Associação Cultura Acesa;629846;1.145/2008;Ofício n° 1157/2013/AECI/Mtur;29/10/2013
2013;72031.006605/2010-38;Prefeitura Municipal de Ubarana/SP;635819;450/2008;Ofício n° 1155/2013/AECI/Mtur;29/10/2013
2013;72031.010256/2011-30 ;Prefeitura Municipal de Indiaroba/SE;552420;567/2005 ;Ofício n° 1153/2013/AECI/Mtur;29/10/2013
2013; 72031.007362/2011-36;Prefeitura Municipal de Indiaroba/SE;525668;139/20005;Ofício n° 1153/2013/AECI/Mtur;29/10/2013
2013;72031.010623/2011-03;Lunuz/RJ;601082;745/2007;Ofício n° 1150/2013/AECI/Mtur;29/10/2013
2013;72031.013164/2010-21;Prefeitura Municipal de Tabuleiro do Norte/CE;635826;596/2008;Ofício n° 1148/2013/AECI/Mtur;29/10/2013
2013;72031.008908/2010-95;Prefeitura Municipal de Nova Módica/MG;705986;705986/2009;Ofício n° 11/2013/AECI/Mtur;10/01/2013
2013;72031.008884/2011-55;Premium Avança Brasil - PAB, de Luziânia/GO;703429/2009;259/2009;Ofício n° 1080/2013/AECI/Mtur;16/10/2013
2013;72031.003198/2012-79;Premium Avança Brasil - PAB, de Luziânia/GO;704123/2009;700/2009;Ofício n° 1080/2013/AECI/Mtur;16/10/2013
2013;72031.010544/2010-11;Prefeitura Municipal de Mundo Novo/GO;629061;352/2008;Ofício n° 1079/2013/AECI/Mtur;16/10/2013
2013;72031.006601/2010-50;Fundação de Densenvolvimento do Turismo de Araxá e Região - Araxá Convebtion & Visitors Bureau/MG.;628711;121/2008;Ofício n° 1078/2013/AECI/Mtur;16/10/2013
2013;72031.006602/2010-02;Associação Brasil de Assesoria, Consultoria e Desenvolvimento de Ações/SP;625839;149/2009;Ofício n° 1077/2013/AECI/Mtur;16/10/2013
2013;72031.007352/2011-09;Fundação 21 de Abril/DF;591032;027/2007;Ofício n° 1075/2013/AECI/Mtur;16/10/2013
2013;72100.001355/2010-89;Prefeitura Municipal de Cáceres/MT;379597;68/1999;Ofício n° 1035/2013/AECI/Mtur;04/10/2013
2013;72031.017076/2010-06;Instituto Arte, Cia e Didadania/DF;703037;703.037/2009;Ofício n° 1033/2013/AECI/Mtur;04/10/2013
2013;72031.006456/2010-15;Associação Cultural de Artistas e Escritores Gramadenses - ACAEG/RS;634949;1163/2008;Ofício n° 1031/2013/AECI/Mtur;04/10/2013
2013;72031.009787/2011-80;Empresa de Turismo de Pernambuco S/A - EMPETUR;703793;532/2009;Ofício n° 1029/2013/AECI/Mtur;04/10/2013
2013;72000.002731/2009-47;Prefeitura Municipal de Cuité de Mamanguape/PB;632867;751/2008;Ofício n° 1027/2013/AECI/Mtur;04/10/2013
2013;72031.006956/2011-20;Prefeitura Municipal de Oeiras/PI;707165;707165/2009;Ofício n° 1025/2013/AECI/Mtur;04/10/2013
2013;72100.000636/2009-81;Prefeitura Municipal de Veranópolis/RS;393646;36/2000;Ofício n° 1023/2013/AECI/Mtur;04/10/2013
2013;72100.001072/2010-37;Instituto Latino Americano - ILAM/SP;465987;103/2002;Ofício n° 1016/2013/AECI/Mtur;04/10/2013
2013;72031.006438/2012-97;Instituto Brasileiro de Desenvolvimento de Infraestrutura Sustentável - IBRASI/SP;766753/2010;747653/2010;Ofício n° 1012/2013/AECI/Mtur;04/10/2013
2013;72100.000750/2007-49;Associação de Kitesurf Ceará -AKC/CE;485527;81/2003;Ofício n° 1008/2013/AECI/Mtur;04/10/2013
2013;72031.003195/2012-35;Instituto Educar e Crescer -EIC/DF;704608;704608/2009;Ofício n° 1006/2013/AECI/Mtur;04/10/2013
2013;72031.003200/2012-18;Premium Avança Brasil - GO;704605;704605/2009;Ofício n° 1004/2013/AECI/Mtur;04/10/2013
2013;72031.001400/2011-47;Fundação de Cultura, Assistência Social e Saúde da Paraíba - FCASSPB;703309;703309/2009;Ofício n° 10/2013/AECI/Mtur;10/01/2013
2013;72031.002504/2009-54;Associação dos Amigos de Quiterianópolis/CE;567284;401/2006;Ofício n° 09/2013/AECI/Mtur;10/01/2013
2012;72031.004359/2009-46;Prefeitura Municipal de Cabaceiras/PB;506948;097/04;Ofício n° 913/2012/AECI/Mtur;26/12/2012
2012;72000.003309/2009-17;Prefeitura Municipal de Nova Porteirinha/MG;537517;450/2005;Ofício n° 911/2012/AECI/Mtur;26/12/2012
2012;72031.004494/2009-91;Prefeitura Municipal de Água Boa/MG;629778;617/2008;Ofício n° 912/2012/AECI/Mtur;26/12/2012
2012;72031.002511/2009-56;Associação  Brasileira dos Bacharéis do Turismo - ABBTUR;591806;051/2007;Ofício n° 870/2012/AECI/Mtur;17/12/2012
2012;72031.003394/2009-48;Prefeitura Municipal de Entre Rios/BA;634883;578/2008;Ofício n° 866/2012/AECI/Mtur;17/12/2012
2012;72031.000699/2009-06;Prefeitura Municipal de Luciara/MT;527314;306/2005;Ofício n° 871/2012/AECI/Mtur;17/12/2012
2012;72031.003393/2009-01;Associação de Moradores Urbanos de Monsenhor Gil/PI;566820;358/2006;Ofício n° 868/2012/AECI/Mtur;17/12/2012
2012;72000.000742/2007-21;Associação Comunitária de Rádio Gurinhatãense de  Gurinhatã/MG;526158;284/2005;Ofício n° 869/2012/AECI/Mtur;17/12/2012
2012;72031.004381/2011-19;Prefeitura Municipal de Cáceres/MT;620224;810/2007;Ofício n° 872/2012/AECI/Mtur;17/12/2012
2012;72000.003327/2008-18;Associação Cultural, Social e Esportiva Grêmio Recreativo Escola de Samba Novo Império - A.C.S.E.G.R.E.S.N.I;567347;355/2006;Ofício n° 867/2012/AECI/Mtur;17/12/2012
2012;72031.004941/2009-11;Organização Não Governamental para o Desenvolvimento do Turismo - ONGTOUR;700015/2008;1205/2008;Ofício n° 821/2012/AECI/Mtur;26/11/2012
2012;72000.001028/2007-50;Associação GMT - Grupo de Modelismo de Tramandai;527729 e 556047;213/2005 e 04/2006;Ofício n° 822/2012/AECI/Mtur;26/11/2012
2012;72031.016513/2010-66;Instituto de Tecnologia Pesquisa e Cultural da Amazônia-ITCE;702989/2009;702989;Ofício n° 778/2012/AECI/Mtur;09/11/2012
2012;72031.007759/2009-11;Prefeitura Municipal de Alpercata/MG;625516;125/2008;Ofício n° 776/2012/AECI/Mtur;09/11/2012
2012;72000.002695/2009-11;Prefeitura Municipal de Lagoa dos Patos/MG;624748;109/2008;Ofício n° 774/2012/AECI/Mtur;09/11/2012
2012;72000.003314/2009-11;Câmara de Cultura, Comércio e Turismo do Brasil - Países Africanos-RJ;572659;461/2006;Ofício n° 775/2012/AECI/Mtur;09/11/2012
2012;72031.011865/2010-25;Prefeitura Municipal de Palmeirinha/PE;629492;1025/2008;Ofício n° 778/2012/AECI/Mtur;09/11/2012
2012;72031.010543/2010-69;Prefeitura Municipal de Araújo de Saboeiro/CE;630708;529/2008;Ofício n° 777/2012/AECI/Mtur;09/11/2012
2012;72031.016513/2010-66;Instituto de Tecnologia Pesquisa e Cultural da Amazônia-ITEC;702989;702989/2009;Ofício n° 779/2012/AECI/Mtur;09/11/2012
2012;72031.006593/2010-41;Centro Integrado de Ressocialização e Desenvolvimento HumanO - CIRDH/PE;563767;146/2006;Ofício n° 758/2012/AECI/Mtur;30/10/2012
2012;72000.003311/2009-88;Associação de Kitesurf da Paraíba-AKP/PB;570147;426/2006;Ofício n° 730/2012/AECI/Mtur;11/10/2012
2012;72031.000251/2011-07;Prefeitura Municipal de Guarjão/PB;732854/2010;732854/2010;Ofício n° 732/2012/AECI/Mtur;11/10/2012
2012;72031.006606/2010-82;Instituto de Pesquisa Sociais Aplicadas/PE;564102;246/2006;Ofício n° 733/2012/AECI/Mtur;11/10/2012
2012;72000.003685/2009-01;Prefeitura Municipal de Cacimba de Dentro/PB;592916;206/2007;Ofício n° 734/2012/AECI/Mtur;11/10/2012
2012;72031.002388/2009-73;Prefeitura Municipal de Paulistas/MG;629366;307/2008;Ofício n° 731/2012/AECI/Mtur;11/10/2012
2012;72031.006114/2010-97;Associação Brasileira de Agentes de Viagem do Pará - ABV/PA;562957;086/2006;Ofício n° 685/2012/AECI/Mtur;12/09/2012
2012;72031.006454/2010-18;Fundação Memorial para a Cultura Sertaneja/PE;629255;626/2008;Ofício n° 686/2012/AECI/Mtur;12/09/2012
2012;72031.005986/2010-38;Liga Capixaba das Escolas de Samba - LICES/ES;524079;80/2005;Ofício n° 687/2012/AECI/Mtur;12/09/2012
2012;72031.000701/2009-39;Instituto Brasileiro de Tecnologia Educacional - IBTE;419456;233/2001;Ofício n° 640/2012/AECI/Mtur;28/08/2012
2012;72100.001383/2007-09;Prefeitura Municipal de São Bento/PB;417001;28/2001;Ofício n° 607/2012/AECI/Mtur;10/08/2012
2012;72100.000279/2010-94;Departamento  de Edificações, Rodovias e Transporte - DERT/CE;382514;90/99;Ofício n° 608/2012/AECI/Mtur;10/08/2012
2012;72031.014068/2010-08;Prefeitura Municipal de São José de Caiana/PB;628505;980/2008;Ofício n° 605/2012/AECI/Mtur;10/08/2012
2012;72031.004358/2009-00;Prefeitura Municipal de Santana de Mangueira/PB;569114;240/2006;Ofício n° 606/2012/AECI/Mtur;10/08/2012
2012;72100.000003/2008-91;Prefeitura Municipal de Barbalha/CE;393661;104/2000;Ofício n° 555/2012/AECI/Mtur;24/07/2012
2012;72031.009197/2010-76;Prefeitura Municipal de Piracanjuba/GO;622210;715/2007;Ofício n° 553/2012/AECI/Mtur;24/07/2012
2012;72031.004385/2011-99;Prefeitura Municipal de Malta/PB;629310;604/2008;Ofício n° 554/2012/AECI/Mtur;24/07/2012
2012;72031.002501/2009-11;Centro Integrado de Ressocialização e Desenvolvimento HumanO - CIRDH/PE;560012;245/2006;Ofício n° 552/2012/AECI/Mtur;24/07/2012
2012;72031.009530/2011-28;Premium Avança Brasil;703207;135/2009;Ofício n° 534/2012/AECI/Mtur;11/07/2012
2012;72031.006079/2010-14;Prefeitura Municipal de Coroaci/MG;626996;328/2008;Ofício n° 520/2012/AECI/Mtur;05/07/2012
2012;72031.006787/2010-47;Prefeitura Municipal de Capela/AL;594122;418/2007;Ofício n° 522/2012/AECI/Mtur;05/07/2012
2012;72000.002797/2009-37;Associação Comunitária Cultural Clube das Maés de Camutanga/PE;574507;442/2006;Ofício n° 519/2012/AECI/Mtur;05/07/2012
2012;72000.003268/2009-51;Federação de Motociclismo do Estado do Acre/AC;573221;462/2006;Ofício n° 518/2012/AECI/Mtur;05/07/2012
2012;72031.002779/2009-78;Prefeitura Municipal de Bodoquena/MS;593219;104/2007;Ofício n° 521/2012/AECI/Mtur;05/07/2012
2012;72100.001369/2006-16;IWC Brasil - Coalisão Internacional da Vida Silvestre;446154;116/2001;Ofício n° 496/2012/AECI/Mtur;28/06/2012
2012;72031.000665/2009-11;Intituto Para Densevolvimento Sustentável de Maués-AM;514020;294/2004;Ofício n° 399/2012/AECI/Mtur;15/06/2012
2012;72031.000661/2009-25;Prefeitura Municipal de Nhamundá-AM;582528;557/2006;Ofício n° 400/2012/AECI/Mtur;15/06/2012
2012;00190.006276/2012-53;Prefeitura Municipal de Peritoró/MA;589139;Contrato de Repasse n° 0213863-36/2006/Mtur/CAIXA;Ofício n° 315/2012/AECI/Mtur;11/05/2012
2012;00190.006277/2012-06;Prefeitura Municipal de Santo Hipólito/MG;539173;Contrato de Repasse n° 0185253-53/2005/Mtur/CAIXA;Ofício n° 308/2012/AECI/Mtur;11/05/2012
2012;72100.000390/2009-47;Prefeitura Municipal de Iporã/PR;412039;303/2000;Ofício n° 314/2012/AECI/Mtur;11/05/2012
2012;72100.000851/2011-04;Prefeitura Municipal de Iguatu/CE;393743;56/2000;Ofício n° 307/2012/AECI/Mtur;11/05/2012
2012;72100.001461/2007-67;Prefeitura Municipal de Trairi/CE;393741;66/2000;Ofício n° 312/2012/AECI/Mtur;11/05/2012
2012;72100.000145/2010-73;Prefeitura Municipal de Jaguaruana/CE;383449;178/99;Ofício n° 310/2012/AECI/Mtur;11/05/2012
2012;72031.002505/2009-07;Fundação Cultural Manoel Antônio Nunes Neto/Icó/CE;586515;Termo de Convênio n° 511/2006;Ofício n° 320/2012/AECI/Mtur;11/05/2012
2012;72000.002694/2009-77;Associação Beneficente Centro de Cultura, Esporte e Assistência Social - ABCC/MG;619530;855/2007;Ofício n° 321/2012/AECI/Mtur;11/05/2012
2012;72031.008470/2010-45;Prefeitura Municipal de Coroaci/MG;625108;131/2008;Ofício n° 313/2012/AECI/Mtur;11/05/2012
2012;72000.003011/2009-07;Prefeitura Municipal de Itapiranga/AM;622723;843/2007;Ofício n° 311/2012/AECI/Mtur;11/05/2012
2012;72031.013817/2010-71;Prefeitura Municipal de São João do Paraíso/MG;702758;1654/2008;Ofício n° 309/2012/AECI/Mtur;11/05/2012
2012;72100.000812/2011-07;Prefeitura Municipal de Lafayete Coutinho/BA;454605;36/2002;Ofício n° 180/2012/AECI/Mtur;10/04/2012
2012;00190.017707/2009-10;Prefeitura Municipal de Pirapora/MG;442575;Contrato de Repasse n° 132.744-63;Ofício n° 178/2012/AECI/Mtur;10/04/2012
2012;00190.000715/2012-14;Prefeitura Municipal de Rosário/MA;589103;Contrato de Repasse n° 210.518-84/2006;Ofício n° 177/2012/AECI/Mtur;10/04/2012
2012;72031.001392/2011-39;Prefeitura Municipal de Coribe/BA;703767;703767/2009;Ofício n° 168/2012/AECI/Mtur;10/04/2012
2012;72031.000301/2011-48;Prefeitura Municipal de São Mamede/PB;629835;872/2008;Ofício n° 170/2012/AECI/Mtur;10/04/2012
2012;72031.000310/2011-39;Prefeitura Municipal de Nova Módica/MG;702761;702761/2008;Ofício n° 169/2012/AECI/Mtur;10/04/2012
2012;72031.003181/2011-31;Prefeitura Municipal de Icaraí de Minas/MG;632939;792/2008;Ofício n° 167/2012/AECI/Mtur;10/04/2012
2012;72000.005911/2008-08;Fundação 21 de Abril - Brasília Convention & Visitors Bureau;499736;32/2004;Ofício n° 172/2012/AECI/Mtur;10/04/2012
2012;72031.007794/2011-47;Prefeitura Municipal de Areia Branca/SE;629926;302/2008;Ofício n° 175/2012/AECI/Mtur;10/04/2012
2012;72031.002552/2011-67;Prefeitura Municipal de São José do Sabugi/PB;631691;922/2008;Ofício n° 174/2012/AECI/Mtur;10/04/2012
2012;72000.003008/2009-85;Prefeitura Municipal de Atalaia do Norte/AM;632629;1032/2008;Ofício n° 176/2012/AECI/Mtur;10/04/2012
2012;72031.004417/2011-56;Prefeitura Municipal de Cabeceiras/GO;629911;978/2008;Ofício n° 171/2012/AECI/Mtur;10/04/2012
2012;72000.002631/2009-11;Prefeitura Municipal de Agrestina/PE;592381;092/2007;Ofício n° 173/2012/AECI/Mtur;10/04/2012
2012;72031.015721/2010-48;Prefeitura Municipal de Palmeirinha/PE;723194/2009;1692/2009;Ofício n° 130/2012/AECI/Mtur;22/03/2012
2012;72031.000506/2010-42;Prefeitura Municipal de Pavão/MG;620773;886/2007;Ofício n° 131/2012/AECI/Mtur;22/03/2012
2012;72000.002696/2009-66;Prefeitura Municipal de Santa Cruz da Vitoria ;629853;723/2008;Ofício n° 119/2012/AECI/Mtur;15/03/2012
2012;72000.003013/2009-98;Prefeitura Municipal de Piritiba/BA;635391;445/2008;Ofício n° 29/2012/AECI/Mtur;10/02/2012
2011;72031.006976/2010-10;Prefeitura Municipal de Camutanga/PE;592538;140/2007;Ofício n° 640/2011/AECI/Mtur;02/01/2012
2011;72000.000959/2009-01;Associação Matogrossence de Municípios - AMM/MT;525025;242/2005;Ofício nº 195/2011/AECI/Mtur;22/06/2011
2011;72000.000959/2009-01;Associação Matogrossence de Municípios - AMM/MT;526068;279/2005;Ofício nº 195/2011/AECI/Mtur;22/06/2011
2011;72000.000959/2009-01;Associação Matogrossence de Municípios - AMM/MT;533780;398/2005;Ofício nº 195/2011/AECI/Mtur;22/06/2011
2011;72000.000959/2009-01;Associação Matogrossence de Municípios - AMM/MT;537416;432/2005;Ofício nº 195/2011/AECI/Mtur;22/06/2011
2011;72000.000959/2009-01;Associação Matogrossence de Municípios - AMM/MT;537428;477/2005;Ofício nº 195/2011/AECI/Mtur;22/06/2011
2011;72000.000959/2009-01;Associação Matogrossence de Municípios - AMM/MT;534778;481/2005;Ofício nº 195/2011/AECI/Mtur;22/06/2011
2011;72000.000959/2009-01;Associação Matogrossence de Municípios - AMM/MT;534783;518/2005;Ofício nº 195/2011/AECI/Mtur;22/06/2011
2011;72000.002795/2009-48;Instituto Goiano do Terceiro Setor - IGTS;620639;967/2008;Ofício nº 39/2011/AECI/Mtur;03/05/2011
2011;72000.001792/2008-14;Associação Matogrossence de Municípios - AMM/MT;531882;356/2005;Ofício nº 43/2011/AECI/Mtur;03/05/2011
2011;72000.001792/2008-14;Associação Matogrossence de Municípios - AMM/MT;511893;375/2005;Ofício nº 43/2011/AECI/Mtur;03/05/2011
2011;72031.006609/2010-16;Agência de Densenvolvimento Social do Amazonas -ADESAM;540012;077/2007;Ofício nº 40/2011/AECI/Mtur;03/05/2011
2011;72000.003618/2008-06;Associação Musical 10 de agosto/PE;527824;373/2005;Ofício nº 41/2011/AECI/Mtur;03/05/2011
2011;72000.002249/2009-15;Colônia de Pesca Z-1;556199;008/2006;Ofício nº 105/2011/AECI/Mtur;10/03/2011
